Cluster	DNase_ENCODE_ID	DNase_Output_Type
neuronal_stem_cell_ENCSR278FVO	ENCFF204GFI	unfiltered alignments
osteoblast_ENCSR000ELJ	ENCFF977LFT	unfiltered alignments
T-cell_ENCSR414IHC	ENCFF770NKI	unfiltered alignments
T-cell_ENCSR025EYJ	ENCFF377MQA	alignments
T-cell_ENCSR040DGJ	ENCFF152MXL	unfiltered alignments
T-cell_ENCSR041PCL	ENCFF071MVM	alignments
T-cell_ENCSR051CYH	ENCFF942ZXV	alignments
T-cell_ENCSR101RCL	ENCFF940WST	alignments
T-cell_ENCSR111LTT	ENCFF108ELD	alignments
T-cell_ENCSR140KPO	ENCFF569KWY	alignments
T-cell_ENCSR186NTL	ENCFF648TSX	alignments
T-cell_ENCSR198UKY	ENCFF293MVC	alignments
T-cell_ENCSR213WNV	ENCFF967WOH	alignments
T-cell_ENCSR217PZP	ENCFF906TNE	alignments
T-cell_ENCSR218FJD	ENCFF285DGZ	alignments
T-cell_ENCSR251INE	ENCFF377VKY	alignments
T-cell_ENCSR270JQK	ENCFF727ZRD	alignments
T-cell_ENCSR283MZJ	ENCFF870ABZ	alignments
T-cell_ENCSR290NGL	ENCFF728ZLL	alignments
T-cell_ENCSR299BQG	ENCFF126MXQ	alignments
T-cell_ENCSR305WLF	ENCFF337XYS	alignments
T-cell_ENCSR310ZGQ	ENCFF992HSL	alignments
T-cell_ENCSR342OGI	ENCFF278OYI	alignments
T-cell_ENCSR354SDH	ENCFF485IKK	alignments
T-cell_ENCSR366YTD	ENCFF575SPN	unfiltered alignments
T-cell_ENCSR385XHV	ENCFF664LPX	alignments
T-cell_ENCSR389IHS	ENCFF251CIK	alignments
T-cell_ENCSR396ZIN	ENCFF288WLP	alignments
T-cell_ENCSR410IYF	ENCFF907FEO	alignments
T-cell_ENCSR419OAR	ENCFF018HDG	alignments
T-cell_ENCSR420HOT	ENCFF425CQF	alignments
T-cell_ENCSR442GKD	ENCFF127DTN	alignments
T-cell_ENCSR457RVC	ENCFF787OWI	alignments
T-cell_ENCSR467MSP	ENCFF821PAI	alignments
T-cell_ENCSR473LSX	ENCFF800GJQ	alignments
T-cell_ENCSR496UER	ENCFF715TCC	alignments
T-cell_ENCSR497NLU	ENCFF407PIT	alignments
T-cell_ENCSR507XBY	ENCFF809SGB	alignments
T-cell_ENCSR540VTN	ENCFF096GHS	alignments
T-cell_ENCSR541PUY	ENCFF365VAK	alignments
T-cell_ENCSR552TPH	ENCFF558ELY	alignments
T-cell_ENCSR560MXA	ENCFF633EYK	alignments
T-cell_ENCSR561ZLY	ENCFF201MUP	alignments
T-cell_ENCSR581RSO	ENCFF890PGM	alignments
T-cell_ENCSR597URK	ENCFF051GHB	alignments
T-cell_ENCSR627QIA	ENCFF283USW	alignments
T-cell_ENCSR627UDJ	ENCFF221YGE	unfiltered alignments
T-cell_ENCSR628IRM	ENCFF945AXF	unfiltered alignments
T-cell_ENCSR630XDN	ENCFF283NJI	alignments
T-cell_ENCSR631XIF	ENCFF845VIU	alignments
T-cell_ENCSR635URJ	ENCFF304ENV	alignments
T-cell_ENCSR642DZF	ENCFF608NVR	alignments
T-cell_ENCSR715TMH	ENCFF423ZPD	alignments
T-cell_ENCSR784RMA	ENCFF547RIP	alignments
T-cell_ENCSR785RIM	ENCFF427ZCV	alignments
T-cell_ENCSR788SKJ	ENCFF346ZFK	alignments
T-cell_ENCSR803JVQ	ENCFF055SUH	alignments
T-cell_ENCSR815DWW	ENCFF387TXI	alignments
T-cell_ENCSR837ZSS	ENCFF824MHY	alignments
T-cell_ENCSR863LZT	ENCFF167LIP	alignments
T-cell_ENCSR878ITC	ENCFF625OES	alignments
T-cell_ENCSR926SNI	ENCFF252DLW	alignments
T-cell_ENCSR934IKS	ENCFF475QIO	alignments
T-cell_ENCSR965JHW	ENCFF207YBC	alignments
bipolar_neuron_ENCSR626RVD	ENCFF772EJG, ENCFF125JWY	alignments, alignments
endothelial_cell_ENCSR541IET	ENCFF537CMG, ENCFF271JOQ	alignments, alignments
astrocyte_ENCSR146KFX	ENCFF639ETA	alignments
astrocyte_ENCSR000EPM	ENCFF368UGK, ENCFF451KYB	unfiltered alignments, unfiltered alignments
mesenchymal_stem_cell_ENCSR731QLJ	ENCFF701GQV	unfiltered alignments
adipocyte_ENCSR405TXU	ENCFF723BNI, ENCFF239CCZ	alignments, alignments
osteocyte_ENCSR818HHN	ENCFF039RUP	alignments
chondrocyte_ENCSR970DQR	ENCFF098QWQ, ENCFF099TKH	alignments, alignments
type_B_pancreatic_cell_ENCSR362ZFC	ENCFF843AJO	alignments
hepatocyte_ENCSR364MFN	ENCFF538CJS, ENCFF851CVH	alignments, alignments
hepatocyte_ENCSR000EJU	ENCFF071UJW	unfiltered alignments
myocyte_ENCSR000EPD	ENCFF139KTJ, ENCFF517TZQ	unfiltered alignments, unfiltered alignments
skeletal_muscle_cell_ENCSR000EQA	ENCFF724SPV	unfiltered alignments
mesodermal_cell_ENCSR000EMX	ENCFF604YMS	unfiltered alignments
endodermal_cell_ENCSR166KPV	ENCFF308CYR, ENCFF579AOS	alignments, alignments
endodermal_cell_ENCSR940CXU	ENCFF953MMX	alignments
B_cell_ENCSR000EII	ENCFF047WQS	unfiltered alignments
B_cell_ENCSR000EMJ	ENCFF168UUE, ENCFF138JHZ	unfiltered alignments, unfiltered alignments
B_cell_ENCSR247IUJ	ENCFF389YHU	unfiltered alignments
B_cell_ENCSR381PXW	ENCFF111HWL	unfiltered alignments
B_cell_ENCSR468AKF	ENCFF213FNG	alignments
B_cell_ENCSR891VOV	ENCFF448DRO	unfiltered alignments
keratinocyte_ENCSR000ELH	ENCFF478FRB	unfiltered alignments
keratinocyte_ENCSR000EPQ	ENCFF898SOZ, ENCFF474YKG	unfiltered alignments, unfiltered alignments
trophoblast_cell_ENCSR179CDH	ENCFF235GOT	unfiltered alignments
trophoblast_cell_ENCSR121ZSL	ENCFF787BIT, ENCFF143HYS	alignments, alignments
trophoblast_cell_ENCSR593LTJ	ENCFF610MXQ, ENCFF854SID	alignments, alignments
trophoblast_cell_ENCSR809LCE	ENCFF139OOY	alignments
trophoblast_cell_ENCSR964MZQ	ENCFF809XEZ, ENCFF632VEJ	alignments, alignments
skeletal_muscle_myoblast_ENCSR000EOO	ENCFF253FMQ, ENCFF372SZT	unfiltered alignments, unfiltered alignments
T-helper_1_cell_ENCSR000EIG	ENCFF112GVG	unfiltered alignments
T-helper_1_cell_ENCSR000EQC	ENCFF995TGB, ENCFF533FVX	unfiltered alignments, unfiltered alignments
T-helper_1_cell_ENCSR000EQD	ENCFF752UQO	unfiltered alignments
T-helper_1_cell_ENCSR000EQE	ENCFF936EGM, ENCFF944ZQZ	unfiltered alignments, unfiltered alignments
T-helper_1_cell_ENCSR035SZE	ENCFF681FDL	alignments
T-helper_1_cell_ENCSR058ELM	ENCFF663ZYE	alignments
T-helper_1_cell_ENCSR260UJJ	ENCFF060ORA	alignments
T-helper_1_cell_ENCSR384GGJ	ENCFF889NJK	alignments
T-helper_1_cell_ENCSR453RFW	ENCFF692JSM	alignments
T-helper_2_cell_ENCSR223XND	ENCFF966RTN	alignments
T-helper_2_cell_ENCSR000EQG	ENCFF512LFE, ENCFF243DIU	unfiltered alignments, alignments
T-helper_2_cell_ENCSR000EQH	ENCFF763CGZ	unfiltered alignments
T-helper_2_cell_ENCSR000EQI	ENCFF740XMF	unfiltered alignments
T-helper_2_cell_ENCSR197ZNW	ENCFF721DXM	alignments
T-helper_2_cell_ENCSR655LUX	ENCFF878NXP	alignments
T-helper_2_cell_ENCSR869JYO	ENCFF217SLM	alignments
T-helper_2_cell_ENCSR872IXQ	ENCFF984EJT	alignments
T-helper_2_cell_ENCSR943KMD	ENCFF915JML	alignments
natural_killer_cell_ENCSR409ZBD	ENCFF286KKJ	alignments
natural_killer_cell_ENCSR794TLA	ENCFF356WSQ	alignments
natural_killer_cell_ENCSR407WGG	ENCFF144XNA	alignments
natural_killer_cell_ENCSR704HNG	ENCFF994RWT	unfiltered alignments
natural_killer_cell_ENCSR718AAB	ENCFF506IQQ	unfiltered alignments
natural_killer_cell_ENCSR723JLG	ENCFF989PWI	unfiltered alignments
natural_killer_cell_ENCSR975LGK	ENCFF684DLJ	alignments
CD4-positive__alpha-beta_T_cell_ENCSR425MRQ	ENCFF397NGT	unfiltered alignments
CD4-positive__alpha-beta_T_cell_ENCSR569ATD	ENCFF655EDA	unfiltered alignments
CD4-positive__alpha-beta_T_cell_ENCSR111WTE	ENCFF287NUU	alignments
CD4-positive__alpha-beta_T_cell_ENCSR941MHZ	ENCFF221DUU	alignments
CD4-positive__alpha-beta_T_cell_ENCSR336QAO	ENCFF679BDM	alignments
CD4-positive__alpha-beta_T_cell_ENCSR314IOV	ENCFF968QXD	alignments
CD4-positive__alpha-beta_T_cell_ENCSR566XSD	ENCFF246DLQ	alignments
CD4-positive__alpha-beta_T_cell_ENCSR940UEK	ENCFF573FXO	alignments
CD4-positive__alpha-beta_T_cell_ENCSR642BXP	ENCFF082IIM	alignments
CD4-positive__alpha-beta_T_cell_ENCSR363LUK	ENCFF635CEG	alignments
CD4-positive__alpha-beta_T_cell_ENCSR152FWD	ENCFF241PKF	alignments
CD4-positive__alpha-beta_T_cell_ENCSR388NOI	ENCFF076IHE	alignments
CD4-positive__alpha-beta_T_cell_ENCSR408GYQ	ENCFF761KVF	alignments
CD4-positive__alpha-beta_T_cell_ENCSR324OTS	ENCFF127SBE	alignments
CD4-positive__alpha-beta_T_cell_ENCSR424MWH	ENCFF143LJM	alignments
CD4-positive__alpha-beta_T_cell_ENCSR250GDW	ENCFF202IBK	alignments
CD4-positive__alpha-beta_T_cell_ENCSR483PGP	ENCFF590FVE	alignments
CD4-positive__alpha-beta_T_cell_ENCSR635VQU	ENCFF724MWS	alignments
CD4-positive__alpha-beta_T_cell_ENCSR452RAX	ENCFF021GFS	alignments
CD4-positive__alpha-beta_T_cell_ENCSR883WDW	ENCFF159VCL	alignments
CD4-positive__alpha-beta_T_cell_ENCSR036ELY	ENCFF746OZT	alignments
CD4-positive__alpha-beta_T_cell_ENCSR060ZXQ	ENCFF031GZH	alignments
CD4-positive__alpha-beta_T_cell_ENCSR126EVX	ENCFF585SDX	alignments
CD4-positive__alpha-beta_T_cell_ENCSR129GCL	ENCFF012FEK	alignments
CD4-positive__alpha-beta_T_cell_ENCSR134BSY	ENCFF179HBF	alignments
CD4-positive__alpha-beta_T_cell_ENCSR155NBS	ENCFF979WRO	alignments
CD4-positive__alpha-beta_T_cell_ENCSR163QXS	ENCFF647HTV	alignments
CD4-positive__alpha-beta_T_cell_ENCSR167JFX	ENCFF954CKW	unfiltered alignments
CD4-positive__alpha-beta_T_cell_ENCSR206KJN	ENCFF058GOA	alignments
CD4-positive__alpha-beta_T_cell_ENCSR240TZG	ENCFF862ZLM	alignments
CD4-positive__alpha-beta_T_cell_ENCSR289GZQ	ENCFF822DKY	alignments
CD4-positive__alpha-beta_T_cell_ENCSR346GIP	ENCFF968CXF	alignments
CD4-positive__alpha-beta_T_cell_ENCSR366KPR	ENCFF292CZL	alignments
CD4-positive__alpha-beta_T_cell_ENCSR376DAE	ENCFF916EGX	alignments
CD4-positive__alpha-beta_T_cell_ENCSR389BWT	ENCFF502CST	alignments
CD4-positive__alpha-beta_T_cell_ENCSR498FCF	ENCFF495AAA	alignments
CD4-positive__alpha-beta_T_cell_ENCSR515DVK	ENCFF649KVR	alignments
CD4-positive__alpha-beta_T_cell_ENCSR546FUC	ENCFF881RHO	alignments
CD4-positive__alpha-beta_T_cell_ENCSR567IWT	ENCFF874YSD	alignments
CD4-positive__alpha-beta_T_cell_ENCSR572FSS	ENCFF340EAE	alignments
CD4-positive__alpha-beta_T_cell_ENCSR643GHI	ENCFF010BRO	unfiltered alignments
CD4-positive__alpha-beta_T_cell_ENCSR654WXX	ENCFF798CVZ	alignments
CD4-positive__alpha-beta_T_cell_ENCSR683QJJ	ENCFF182LTQ	unfiltered alignments
CD4-positive__alpha-beta_T_cell_ENCSR697FME	ENCFF859NRU	alignments
CD4-positive__alpha-beta_T_cell_ENCSR769OIG	ENCFF673DMO	alignments
CD4-positive__alpha-beta_T_cell_ENCSR824YLD	ENCFF547EAP	alignments
CD4-positive__alpha-beta_T_cell_ENCSR832IQN	ENCFF824XID	alignments
CD4-positive__alpha-beta_T_cell_ENCSR904GDU	ENCFF884KLV	alignments
CD4-positive__alpha-beta_T_cell_ENCSR930USX	ENCFF318JKL	alignments
CD8-positive__alpha-beta_T_cell_ENCSR842VTJ	ENCFF373EQD	unfiltered alignments
CD8-positive__alpha-beta_T_cell_ENCSR020LUD	ENCFF565RJQ	unfiltered alignments
CD8-positive__alpha-beta_T_cell_ENCSR086FTP	ENCFF254EAW	alignments
CD8-positive__alpha-beta_T_cell_ENCSR097AMI	ENCFF240NPO	alignments
CD8-positive__alpha-beta_T_cell_ENCSR129HDK	ENCFF873DYN	alignments
CD8-positive__alpha-beta_T_cell_ENCSR133QZB	ENCFF089CTW	alignments
CD8-positive__alpha-beta_T_cell_ENCSR162JNV	ENCFF898KQX	alignments
CD8-positive__alpha-beta_T_cell_ENCSR235OZX	ENCFF889DNV	alignments
CD8-positive__alpha-beta_T_cell_ENCSR254BCA	ENCFF466QWH	alignments
CD8-positive__alpha-beta_T_cell_ENCSR316UDN	ENCFF523JBQ	unfiltered alignments
CD8-positive__alpha-beta_T_cell_ENCSR321KUC	ENCFF990TLE	alignments
CD8-positive__alpha-beta_T_cell_ENCSR363BTB	ENCFF432ZTH	alignments
CD8-positive__alpha-beta_T_cell_ENCSR424JPH	ENCFF934OOR	alignments
CD8-positive__alpha-beta_T_cell_ENCSR559QCM	ENCFF083FOQ	alignments
CD8-positive__alpha-beta_T_cell_ENCSR609DDQ	ENCFF107PCI	unfiltered alignments
CD8-positive__alpha-beta_T_cell_ENCSR649XRC	ENCFF282TVE	alignments
CD8-positive__alpha-beta_T_cell_ENCSR662IRS	ENCFF191BAK	alignments
CD8-positive__alpha-beta_T_cell_ENCSR744UQK	ENCFF475JUX	alignments
CD8-positive__alpha-beta_T_cell_ENCSR840TVG	ENCFF376DAI	unfiltered alignments
CD8-positive__alpha-beta_T_cell_ENCSR937NLH	ENCFF429TAJ	alignments
CD8-positive__alpha-beta_T_cell_ENCSR946BPA	ENCFF155GFU	alignments
CD8-positive__alpha-beta_T_cell_ENCSR984HIY	ENCFF409IYA	alignments
hepatic_stellate_cell_ENCSR000ELR	ENCFF450TQE	unfiltered alignments
glomerular_visceral_epithelial_cell_ENCSR785BDQ	ENCFF766MCS, ENCFF125KLI	alignments, alignments
glutamatergic_neuron_ENCSR109RIQ	ENCFF925BZO, ENCFF647NQR	alignments, alignments
choroid_plexus_epithelial_cell_ENCSR000ENL	ENCFF883OCI, ENCFF727EOB	unfiltered alignments, unfiltered alignments
cardiac_muscle_cell_ENCSR000EMY	ENCFF798CBX, ENCFF062FBQ	unfiltered alignments, unfiltered alignments
cardiac_muscle_cell_ENCSR842KCP	ENCFF849JFJ, ENCFF852KZF	alignments, alignments
cardiac_muscle_cell_ENCSR000ENJ	ENCFF405BAG, ENCFF638HIX	unfiltered alignments, unfiltered alignments
memory_B_cell_ENCSR229BGG	ENCFF731UJO	alignments
memory_B_cell_ENCSR736VVP	ENCFF784VSB	alignments
naive_B_cell_ENCSR000ELG	ENCFF392OAH	unfiltered alignments
naive_B_cell_ENCSR011VHK	ENCFF528VKG	alignments
naive_B_cell_ENCSR017SBI	ENCFF052ZPU	alignments
naive_B_cell_ENCSR184TUE	ENCFF967UEJ	alignments
naive_B_cell_ENCSR326TID	ENCFF677UZD	alignments
naive_B_cell_ENCSR480SNC	ENCFF078AUZ	alignments
naive_B_cell_ENCSR739VKY	ENCFF840FIU	alignments
naive_B_cell_ENCSR796PIM	ENCFF131MPK	alignments
CD4-positive__CD25-positive__alpha-beta_regulatory_T_cell_ENCSR000EQJ	ENCFF609IPF	unfiltered alignments
CD4-positive__CD25-positive__alpha-beta_regulatory_T_cell_ENCSR000EQK	ENCFF452UFZ	unfiltered alignments
CD4-positive__CD25-positive__alpha-beta_regulatory_T_cell_ENCSR042WQA	ENCFF575MJC	alignments
CD4-positive__CD25-positive__alpha-beta_regulatory_T_cell_ENCSR398CXD	ENCFF560EBB	alignments
CD4-positive__CD25-positive__alpha-beta_regulatory_T_cell_ENCSR534RXN	ENCFF363YTA	alignments
immature_natural_killer_cell_ENCSR012RCX	ENCFF223ULN	alignments
immature_natural_killer_cell_ENCSR654LST	ENCFF799DXW	alignments
immature_natural_killer_cell_ENCSR696ZDW	ENCFF404EOG	alignments
hematopoietic_multipotent_progenitor_cell_ENCSR115YPI	ENCFF463GFS	alignments
hematopoietic_multipotent_progenitor_cell_ENCSR420NOA	ENCFF893TZO, ENCFF973FCP, ENCFF255ALH	alignments, alignments, alignments
hematopoietic_multipotent_progenitor_cell_ENCSR855FOP	ENCFF936JCW, ENCFF014RMN	unfiltered alignments, alignments
hematopoietic_multipotent_progenitor_cell_ENCSR937UWI	ENCFF551DAJ, ENCFF055PLA	unfiltered alignments, alignments
hematopoietic_multipotent_progenitor_cell_ENCSR362JSZ	ENCFF185EZR, ENCFF110CNG	alignments, alignments
hematopoietic_multipotent_progenitor_cell_ENCSR493IAY	ENCFF035MBL	alignments
hematopoietic_multipotent_progenitor_cell_ENCSR148VUP	ENCFF527YEA, ENCFF608WXB	alignments, alignments
hematopoietic_multipotent_progenitor_cell_ENCSR564JUY	ENCFF364CLH, ENCFF617ILG	alignments, alignments
hematopoietic_multipotent_progenitor_cell_ENCSR845CFB	ENCFF406WNO, ENCFF209TPB, ENCFF733AWW	unfiltered alignments, alignments, alignments
hematopoietic_multipotent_progenitor_cell_ENCSR000EMK	ENCFF904FRI	unfiltered alignments
hematopoietic_multipotent_progenitor_cell_ENCSR098PTC	ENCFF286KAC, ENCFF814EOK	unfiltered alignments, alignments
hematopoietic_multipotent_progenitor_cell_ENCSR328UMC	ENCFF688ECY	unfiltered alignments
suppressor_macrophage_ENCSR011VJK	ENCFF603NEN	alignments
suppressor_macrophage_ENCSR405FAK	ENCFF105DAN	alignments
suppressor_macrophage_ENCSR564XXO	ENCFF663WLG	alignments
suppressor_macrophage_ENCSR069ICJ	ENCFF325VWJ	alignments
suppressor_macrophage_ENCSR325GNM	ENCFF889KVB	alignments
suppressor_macrophage_ENCSR367FKP	ENCFF380VRF, ENCFF471JQT	alignments, alignments
suppressor_macrophage_ENCSR371CCL	ENCFF797DNO	alignments
suppressor_macrophage_ENCSR711AQM	ENCFF414KKQ	alignments
inflammatory_macrophage_ENCSR643ZGR	ENCFF410EXE	alignments
inflammatory_macrophage_ENCSR803BLT	ENCFF242LEO	alignments
inflammatory_macrophage_ENCSR226JLK	ENCFF734GJO	alignments
inflammatory_macrophage_ENCSR593WXK	ENCFF695BGO	alignments
inflammatory_macrophage_ENCSR721XAP	ENCFF612HFB, ENCFF818LQS	alignments, alignments
naive_thymus-derived_CD4-positive__alpha-beta_T_cell_ENCSR000EIF	ENCFF554YMY	unfiltered alignments
naive_thymus-derived_CD4-positive__alpha-beta_T_cell_ENCSR000EML	ENCFF344LQP	alignments
naive_thymus-derived_CD4-positive__alpha-beta_T_cell_ENCSR000EMM	ENCFF216KVD	unfiltered alignments
naive_thymus-derived_CD4-positive__alpha-beta_T_cell_ENCSR125OEJ	ENCFF865DML	alignments
naive_thymus-derived_CD4-positive__alpha-beta_T_cell_ENCSR181OGW	ENCFF653TPH	alignments
naive_thymus-derived_CD4-positive__alpha-beta_T_cell_ENCSR232NLA	ENCFF772JPZ	alignments
naive_thymus-derived_CD4-positive__alpha-beta_T_cell_ENCSR302MYX	ENCFF797SND	alignments
naive_thymus-derived_CD4-positive__alpha-beta_T_cell_ENCSR304CXS	ENCFF441XFT	alignments
naive_thymus-derived_CD4-positive__alpha-beta_T_cell_ENCSR387EYA	ENCFF528COZ	alignments
naive_thymus-derived_CD4-positive__alpha-beta_T_cell_ENCSR531AYV	ENCFF145NLF	alignments
naive_thymus-derived_CD4-positive__alpha-beta_T_cell_ENCSR614NSH	ENCFF189WRG	alignments
naive_thymus-derived_CD4-positive__alpha-beta_T_cell_ENCSR787ERP	ENCFF626JAC	alignments
naive_thymus-derived_CD4-positive__alpha-beta_T_cell_ENCSR794KUS	ENCFF900TQP	alignments
naive_thymus-derived_CD4-positive__alpha-beta_T_cell_ENCSR875IVR	ENCFF995UVE	alignments
naive_thymus-derived_CD4-positive__alpha-beta_T_cell_ENCSR969QKG	ENCFF682STC	alignments
activated_CD4-positive__alpha-beta_T_cell_ENCSR173HPQ	ENCFF940SGS	alignments
activated_CD4-positive__alpha-beta_T_cell_ENCSR799MVH	ENCFF430XJH	alignments
activated_CD4-positive__alpha-beta_T_cell_ENCSR841UCZ	ENCFF274OYN	alignments
activated_CD4-positive__alpha-beta_T_cell_ENCSR273USD	ENCFF336SGK	alignments
activated_CD4-positive__alpha-beta_T_cell_ENCSR679EFH	ENCFF301HWJ	alignments
activated_CD4-positive__alpha-beta_T_cell_ENCSR935HEI	ENCFF805CDT	alignments
activated_CD4-positive__alpha-beta_T_cell_ENCSR121BSW	ENCFF072YRU	alignments
activated_CD4-positive__alpha-beta_T_cell_ENCSR124PXN	ENCFF457USJ	alignments
activated_CD4-positive__alpha-beta_T_cell_ENCSR312ZTS	ENCFF836TDX	alignments
activated_CD4-positive__alpha-beta_T_cell_ENCSR493IQY	ENCFF968IHM	alignments
activated_CD4-positive__alpha-beta_T_cell_ENCSR696LPC	ENCFF739DIO	alignments
activated_CD4-positive__alpha-beta_T_cell_ENCSR541ZOU	ENCFF129MZG	alignments
activated_CD4-positive__alpha-beta_T_cell_ENCSR604FER	ENCFF344GNL	alignments
activated_CD4-positive__alpha-beta_T_cell_ENCSR365CUB	ENCFF474YVS	alignments
activated_CD4-positive__alpha-beta_T_cell_ENCSR436JRE	ENCFF516AFP	alignments
activated_CD4-positive__alpha-beta_T_cell_ENCSR139PLJ	ENCFF783MHU	alignments
activated_CD4-positive__alpha-beta_T_cell_ENCSR322BYN	ENCFF581PGG	alignments
activated_CD4-positive__alpha-beta_T_cell_ENCSR740DJQ	ENCFF016ISY	alignments
activated_CD4-positive__alpha-beta_T_cell_ENCSR516JCM	ENCFF159SUT	alignments
activated_CD4-positive__alpha-beta_T_cell_ENCSR154NOT	ENCFF879KDW	alignments
activated_CD4-positive__alpha-beta_T_cell_ENCSR768AWY	ENCFF544KYE	alignments
activated_CD4-positive__alpha-beta_T_cell_ENCSR180KMR	ENCFF420MCP	alignments
activated_CD4-positive__alpha-beta_T_cell_ENCSR698VDM	ENCFF182ETW	alignments
activated_CD4-positive__alpha-beta_T_cell_ENCSR874DUP	ENCFF020MVR	alignments
activated_CD4-positive__alpha-beta_T_cell_ENCSR144NXI	ENCFF551ODD	alignments
activated_CD4-positive__alpha-beta_T_cell_ENCSR457JOG	ENCFF875DPQ	alignments
activated_CD4-positive__alpha-beta_T_cell_ENCSR252NVI	ENCFF404RBX	alignments
activated_CD4-positive__alpha-beta_T_cell_ENCSR801VSK	ENCFF220ACX	alignments
activated_CD4-positive__alpha-beta_T_cell_ENCSR323LVJ	ENCFF640GEZ	alignments
CD4-positive__alpha-beta_memory_T_cell_ENCSR239XNU	ENCFF534DMM	alignments
CD4-positive__alpha-beta_memory_T_cell_ENCSR437PXY	ENCFF714KUG	alignments
CD4-positive__alpha-beta_memory_T_cell_ENCSR526TFD	ENCFF827CMG	alignments
CD4-positive__alpha-beta_memory_T_cell_ENCSR862ZDV	ENCFF740KCH	alignments
CD4-positive__alpha-beta_memory_T_cell_ENCSR977UMU	ENCFF686VLF	alignments
T-helper_17_cell_ENCSR000EQF	ENCFF274KXI	unfiltered alignments
T-helper_17_cell_ENCSR139KYP	ENCFF301RBU	alignments
T-helper_17_cell_ENCSR537TXP	ENCFF035LTI	alignments
T-helper_17_cell_ENCSR623PVB	ENCFF600KBG	alignments
T-helper_17_cell_ENCSR709YRE	ENCFF520CBX	alignments
T-helper_17_cell_ENCSR731KDL	ENCFF228KAA	alignments
T-helper_17_cell_ENCSR747RGR	ENCFF143SWX	alignments
naive_thymus-derived_CD8-positive__alpha-beta_T_cell_ENCSR068KDQ	ENCFF397TGY	alignments
naive_thymus-derived_CD8-positive__alpha-beta_T_cell_ENCSR237BOF	ENCFF024BHN	alignments
naive_thymus-derived_CD8-positive__alpha-beta_T_cell_ENCSR283TME	ENCFF906TID	alignments
naive_thymus-derived_CD8-positive__alpha-beta_T_cell_ENCSR291HMM	ENCFF442AXX	alignments
naive_thymus-derived_CD8-positive__alpha-beta_T_cell_ENCSR296TFH	ENCFF199RZW	alignments
naive_thymus-derived_CD8-positive__alpha-beta_T_cell_ENCSR332HAD	ENCFF686WEN	alignments
naive_thymus-derived_CD8-positive__alpha-beta_T_cell_ENCSR367WVH	ENCFF517TMD	alignments
naive_thymus-derived_CD8-positive__alpha-beta_T_cell_ENCSR400YJR	ENCFF054KSC	alignments
naive_thymus-derived_CD8-positive__alpha-beta_T_cell_ENCSR445QDZ	ENCFF137PON	alignments
naive_thymus-derived_CD8-positive__alpha-beta_T_cell_ENCSR703VGI	ENCFF769RXI	alignments
naive_thymus-derived_CD8-positive__alpha-beta_T_cell_ENCSR889ONK	ENCFF867MZF	alignments
naive_thymus-derived_CD8-positive__alpha-beta_T_cell_ENCSR938OKL	ENCFF114KWN	alignments
naive_thymus-derived_CD8-positive__alpha-beta_T_cell_ENCSR953OBW	ENCFF464DEG	alignments
central_memory_CD4-positive__alpha-beta_T_cell_ENCSR234FTX	ENCFF448YNZ	alignments
central_memory_CD4-positive__alpha-beta_T_cell_ENCSR467YCD	ENCFF318MDC	alignments
central_memory_CD4-positive__alpha-beta_T_cell_ENCSR556ARS	ENCFF386FCB	alignments
central_memory_CD4-positive__alpha-beta_T_cell_ENCSR671ZRV	ENCFF449DWJ	alignments
effector_memory_CD4-positive__alpha-beta_T_cell_ENCSR582QEW	ENCFF309COD	alignments
effector_memory_CD4-positive__alpha-beta_T_cell_ENCSR607EJV	ENCFF891KVE	alignments
effector_memory_CD4-positive__alpha-beta_T_cell_ENCSR724INK	ENCFF346WEX	alignments
activated_CD8-positive__alpha-beta_T_cell_ENCSR294YEJ	ENCFF511NLD	alignments
activated_CD8-positive__alpha-beta_T_cell_ENCSR776BTO	ENCFF634GPK	alignments
central_memory_CD8-positive__alpha-beta_T_cell_ENCSR160VHJ	ENCFF500RTP	alignments
central_memory_CD8-positive__alpha-beta_T_cell_ENCSR560UTV	ENCFF275CHT	alignments
CD8-positive__alpha-beta_memory_T_cell_ENCSR025BWH	ENCFF639MWE	alignments
CD8-positive__alpha-beta_memory_T_cell_ENCSR295UXT	ENCFF765ILT	alignments
CD8-positive__alpha-beta_memory_T_cell_ENCSR625WLB	ENCFF461QHE	alignments
CD8-positive__alpha-beta_memory_T_cell_ENCSR705GCU	ENCFF356WGA	alignments
effector_memory_CD8-positive__alpha-beta_T_cell_ENCSR232FAS	ENCFF852JWU	alignments
effector_memory_CD8-positive__alpha-beta_T_cell_ENCSR582MYC	ENCFF305GMO	alignments
effector_memory_CD8-positive__alpha-beta_T_cell_ENCSR892LQT	ENCFF713RLY	alignments
T-helper_22_cell_ENCSR944GPH	ENCFF049YFG	alignments
effector_CD4-positive__alpha-beta_T_cell_ENCSR355ARR	ENCFF362PIS	alignments
effector_CD4-positive__alpha-beta_T_cell_ENCSR525VCH	ENCFF039PMX	alignments
CD14-positive_monocyte_ENCSR000ELE	ENCFF447PAS, ENCFF175LRM	unfiltered alignments, unfiltered alignments
CD14-positive_monocyte_ENCSR000EPK	ENCFF975UDE	unfiltered alignments
CD14-positive_monocyte_ENCSR241BNZ	ENCFF568RGF	alignments
CD14-positive_monocyte_ENCSR277ZHX	ENCFF185URC	alignments
CD14-positive_monocyte_ENCSR452DCM	ENCFF839VOM	unfiltered alignments
CD14-positive_monocyte_ENCSR464ETX	ENCFF418GQQ	alignments
CD14-positive_monocyte_ENCSR674JIL	ENCFF879JUO	unfiltered alignments
CD14-positive_monocyte_ENCSR695AUY	ENCFF026AOY	unfiltered alignments
common_myeloid_progenitor__CD34-positive_ENCSR122VUW	ENCFF335FAH, ENCFF536VIM	unfiltered alignments, unfiltered alignments
common_myeloid_progenitor__CD34-positive_ENCSR191EII	ENCFF059UCD	unfiltered alignments
common_myeloid_progenitor__CD34-positive_ENCSR271QSV	ENCFF608DQL	unfiltered alignments
common_myeloid_progenitor__CD34-positive_ENCSR281HBB	ENCFF126FSQ	unfiltered alignments
common_myeloid_progenitor__CD34-positive_ENCSR320TUJ	ENCFF879WIP	unfiltered alignments
common_myeloid_progenitor__CD34-positive_ENCSR453EVC	ENCFF789WLS	unfiltered alignments
common_myeloid_progenitor__CD34-positive_ENCSR468ZXN	ENCFF971TCE	unfiltered alignments
common_myeloid_progenitor__CD34-positive_ENCSR495INQ	ENCFF273OCP	unfiltered alignments
common_myeloid_progenitor__CD34-positive_ENCSR564TUY	ENCFF080ERQ	unfiltered alignments
common_myeloid_progenitor__CD34-positive_ENCSR639ZJI	ENCFF184QBN	unfiltered alignments
common_myeloid_progenitor__CD34-positive_ENCSR735BIM	ENCFF769OEP	unfiltered alignments
common_myeloid_progenitor__CD34-positive_ENCSR772HUG	ENCFF865HPC	unfiltered alignments
T_follicular_helper_cell_ENCSR486KKY	ENCFF580HRZ	alignments
T-helper_9_cell_ENCSR542GKI	ENCFF238UQP	alignments
glomerular_endothelial_cell_ENCSR000EOM	ENCFF926ASP, ENCFF637XTZ	unfiltered alignments, unfiltered alignments
epithelial_cell_of_prostate_ENCSR000EPU	ENCFF924YJB, ENCFF477OTZ	unfiltered alignments, unfiltered alignments
epithelial_cell_of_esophagus_ENCSR000ENN	ENCFF468UVP, ENCFF283GDN	unfiltered alignments, unfiltered alignments
non-pigmented_ciliary_epithelial_cell_ENCSR000EOF	ENCFF115JFX, ENCFF887UAC	unfiltered alignments, unfiltered alignments
epithelial_cell_of_proximal_tubule_ENCSR000EPW	ENCFF267XTF, ENCFF890QZF	unfiltered alignments, unfiltered alignments
mammary_epithelial_cell_ENCSR000ENV	ENCFF296UEM, ENCFF870LZG	unfiltered alignments, unfiltered alignments
mammary_epithelial_cell_ENCSR228VNQ	ENCFF287LBM	unfiltered alignments
mammary_epithelial_cell_ENCSR817ALC	ENCFF570RZQ	alignments
bronchial_epithelial_cell_ENCSR000EPN	ENCFF357JVE, ENCFF267VKU	unfiltered alignments, unfiltered alignments
bronchial_epithelial_cell_ENCSR000EPX	ENCFF520KVZ, ENCFF760VZX	unfiltered alignments, unfiltered alignments
progenitor_cell_of_endocrine_pancreas_ENCSR169KNO	ENCFF008WMZ	alignments
myotube_ENCSR000EOP	ENCFF882BKS, ENCFF806BLV	unfiltered alignments, unfiltered alignments
CD1c-positive_myeloid_dendritic_cell_ENCSR373BIX	ENCFF800TQV, ENCFF182NPL	alignments, alignments
kidney_epithelial_cell_ENCSR000EOL	ENCFF195AGL, ENCFF889IWS	unfiltered alignments, unfiltered alignments
amniotic_epithelial_cell_ENCSR000END	ENCFF566JLB, ENCFF635YGG	unfiltered alignments, unfiltered alignments
fibroblast_of_the_aortic_adventitia_ENCSR000EMC	ENCFF445UQY, ENCFF074KNZ	unfiltered alignments, unfiltered alignments
cardiac_fibroblast_ENCSR000ENH	ENCFF175BFW, ENCFF628HTA	unfiltered alignments, unfiltered alignments
cardiac_fibroblast_ENCSR000ENI	ENCFF828UUD, ENCFF197UVO	unfiltered alignments, unfiltered alignments
cardiac_fibroblast_ENCSR856NXV	ENCFF799ASF, ENCFF770MRS	alignments, alignments
fibroblast_of_the_conjunctiva_ENCSR000ENK	ENCFF181ROJ, ENCFF530SXH	unfiltered alignments, unfiltered alignments
fibroblast_of_dermis_ENCSR000EPO	ENCFF159HRT, ENCFF293BEP	unfiltered alignments, unfiltered alignments
fibroblast_of_gingiva_ENCSR000ENS	ENCFF177BYP, ENCFF651XJD	unfiltered alignments, unfiltered alignments
fibroblast_of_lung_ENCSR000EOJ	ENCFF268NZP, ENCFF800NIH	unfiltered alignments, unfiltered alignments
fibroblast_of_lung_ENCSR000EPR	ENCFF237FTW, ENCFF807OQU	unfiltered alignments, unfiltered alignments
fibroblast_of_mammary_gland_ENCSR000ENW	ENCFF788QJH, ENCFF698PYM	unfiltered alignments, unfiltered alignments
fibroblast_of_pulmonary_artery_ENCSR000EOH	ENCFF543ZKJ, ENCFF141EHE	unfiltered alignments, unfiltered alignments
fibroblast_of_villous_mesenchyme_ENCSR000EOR	ENCFF764HYF, ENCFF626XTB	unfiltered alignments, unfiltered alignments
iris_pigment_epithelial_cell_ENCSR000ENT	ENCFF376DMN, ENCFF029GGS	unfiltered alignments, unfiltered alignments
renal_cortical_epithelial_cell_ENCSR000EOK	ENCFF773GJZ, ENCFF570QNB	unfiltered alignments, unfiltered alignments
retinal_pigment_epithelial_cell_ENCSR000EON	ENCFF587VEW, ENCFF227FDU	unfiltered alignments, unfiltered alignments
smooth_muscle_cell_of_the_brain_vasculature_ENCSR000ENG	ENCFF664RKN, ENCFF980FWK	unfiltered alignments, unfiltered alignments
astrocyte_of_the_cerebellum_ENCSR000ENC	ENCFF909JGN, ENCFF490FNY	unfiltered alignments, unfiltered alignments
astrocyte_of_the_hippocampus_ENCSR000ENA	ENCFF607LKR, ENCFF222XQL	unfiltered alignments, unfiltered alignments
astrocyte_of_the_spinal_cord_ENCSR000ENB	ENCFF935OTU, ENCFF960DBN	unfiltered alignments, unfiltered alignments
endothelial_cell_of_umbilical_vein_ENCSR000EKF	ENCFF309JXB	unfiltered alignments
endothelial_cell_of_umbilical_vein_ENCSR000EOQ	ENCFF529QDQ, ENCFF016SEB	unfiltered alignments, unfiltered alignments
amniotic_stem_cell_ENCSR207TUX	ENCFF506AZM	alignments
cardiovascular_progenitor_cell_ENCSR000EMW	ENCFF043LBC, ENCFF130IKC	unfiltered alignments, unfiltered alignments
stromal_cell_of_bone_marrow_ENCSR000EMH	ENCFF745IQS, ENCFF753KFY	unfiltered alignments, unfiltered alignments
cardiac_myoblast_ENCSR000EMV	ENCFF426WHF	unfiltered alignments
neural_crest_cell_ENCSR826URD	ENCFF103QUR, ENCFF916YHM	alignments, alignments
mesothelial_cell_of_epicardium_ENCSR658EHM	ENCFF139MJE	alignments
mesothelial_cell_of_epicardium_ENCSR945KSP	ENCFF437GFL	alignments
neural_progenitor_cell_ENCSR963ALV	ENCFF123YLB, ENCFF179YWZ	alignments, alignments
fibroblast_of_upper_back_skin_ENCSR325LYJ	ENCFF413DAA	unfiltered alignments
fibroblast_of_upper_back_skin_ENCSR670VQZ	ENCFF833CAL	unfiltered alignments
fibroblast_of_skin_of_back_ENCSR184LMY	ENCFF486ECD	unfiltered alignments
kidney_tubule_cell_ENCSR257CIZ	ENCFF100HNM	alignments
kidney_tubule_cell_ENCSR175IWT	ENCFF298FKB, ENCFF977YJN	alignments, alignments
kidney_glomerular_epithelial_cell_ENCSR136KEL	ENCFF789WYX, ENCFF925RDJ	alignments, alignments
kidney_capillary_endothelial_cell_ENCSR988YKR	ENCFF033OTC	alignments
pulmonary_artery_endothelial_cell_ENCSR000EOG	ENCFF186ZTP	unfiltered alignments
foreskin_keratinocyte_ENCSR035RVH	ENCFF518UKM	unfiltered alignments
foreskin_keratinocyte_ENCSR724CND	ENCFF218LFH	unfiltered alignments
foreskin_fibroblast_ENCSR000ENQ	ENCFF253VCA, ENCFF659BFD	unfiltered alignments, unfiltered alignments
foreskin_fibroblast_ENCSR000EPP	ENCFF913AWU, ENCFF443DQB	unfiltered alignments, unfiltered alignments
foreskin_fibroblast_ENCSR153LHP	ENCFF487RHE	unfiltered alignments
foreskin_fibroblast_ENCSR251UPG	ENCFF598YNL	unfiltered alignments
epidermal_melanocyte_ENCSR000ELD	ENCFF786HBB	unfiltered alignments
dermis_blood_vessel_endothelial_cell_ENCSR000ENX	ENCFF739GYW, ENCFF816VQV	unfiltered alignments, unfiltered alignments
dermis_blood_vessel_endothelial_cell_ENCSR000ENY	ENCFF935IGK, ENCFF840QUG	unfiltered alignments, unfiltered alignments
dermis_blood_vessel_endothelial_cell_ENCSR000ENZ	ENCFF542UFQ, ENCFF320KKF	unfiltered alignments, unfiltered alignments
dermis_blood_vessel_endothelial_cell_ENCSR000EOC	ENCFF351XKA, ENCFF967VTQ	unfiltered alignments, unfiltered alignments
fibroblast_of_skin_of_abdomen_ENCSR176KYD	ENCFF013DZG	unfiltered alignments
fibroblast_of_skin_of_abdomen_ENCSR622TWS	ENCFF906YYA	unfiltered alignments
lung_microvascular_endothelial_cell_ENCSR000EOD	ENCFF390RYI, ENCFF806HBI	unfiltered alignments, unfiltered alignments
lung_microvascular_endothelial_cell_ENCSR000EOE	ENCFF765BBU, ENCFF475NUI	unfiltered alignments, unfiltered alignments
fibroblast_of_peridontal_ligament_ENCSR000EOI	ENCFF724JBF, ENCFF087PPY	unfiltered alignments, unfiltered alignments
dermis_microvascular_lymphatic_vessel_endothelial_cell_ENCSR000EOA	ENCFF104PRG, ENCFF894FEO	unfiltered alignments, unfiltered alignments
dermis_microvascular_lymphatic_vessel_endothelial_cell_ENCSR000EOB	ENCFF805MXN, ENCFF627UXJ	unfiltered alignments, unfiltered alignments
brain_pericyte_ENCSR000ENF	ENCFF582YGW	unfiltered alignments
brain_microvascular_endothelial_cell_ENCSR000ENE	ENCFF427KSA, ENCFF203RLS	unfiltered alignments, unfiltered alignments
brain_microvascular_endothelial_cell_ENCSR006DKF	ENCFF438RES, ENCFF598PRH	alignments, alignments
foreskin_melanocyte_ENCSR434OBM	ENCFF768NBD	unfiltered alignments
foreskin_melanocyte_ENCSR518JGY	ENCFF734JYI	unfiltered alignments
HK-2_ENCSR634YVQ	ENCFF632FSE	alignments
Jurkat__Clone_E6-1_ENCSR000EOS	ENCFF623AMI, ENCFF443NXJ	unfiltered alignments, unfiltered alignments
AG20443_ENCSR000EIX	ENCFF529VPM	unfiltered alignments
GM03348_ENCSR000EIT	ENCFF969RTD	unfiltered alignments
GM03348_ENCSR000EIR	ENCFF366OHL	unfiltered alignments
GM03348_ENCSR000EIS	ENCFF807INY	unfiltered alignments
GM04504_ENCSR000EMP	ENCFF350FKO, ENCFF823CSM	unfiltered alignments, unfiltered alignments
GM04503_ENCSR000EMO	ENCFF596JWG, ENCFF992AZC	unfiltered alignments, unfiltered alignments
AG10803_ENCSR000EMB	ENCFF240XBQ, ENCFF056XGB	unfiltered alignments, unfiltered alignments
AG09309_ENCSR000ELZ	ENCFF480YHP, ENCFF112HRI	unfiltered alignments, unfiltered alignments
AG09319_ENCSR000EMA	ENCFF133WRM, ENCFF605ZWW	unfiltered alignments, unfiltered alignments
AG08396_ENCSR000EIW	ENCFF506CPQ	unfiltered alignments
AG08395_ENCSR000EIV	ENCFF296IFK	unfiltered alignments
AG04449_ENCSR000ELX	ENCFF015VCA, ENCFF218KYK	unfiltered alignments, unfiltered alignments
RCC_ENCSR337IRF	ENCFF158JTK, ENCFF478GFR	alignments, alignments
A549_ENCSR406EMB	ENCFF199AQX, ENCFF512OTM, ENCFF313ILC, ENCFF635HDK, ENCFF004RNE	unfiltered alignments, unfiltered alignments, unfiltered alignments, unfiltered alignments, unfiltered alignments
A549_ENCSR384KCZ	ENCFF838CUA, ENCFF369CLX, ENCFF658VKV, ENCFF455QZC, ENCFF008YUA	unfiltered alignments, unfiltered alignments, unfiltered alignments, unfiltered alignments, unfiltered alignments
A549_ENCSR128IVG	ENCFF656VAK, ENCFF989AGK, ENCFF331AYH, ENCFF088PRP	unfiltered alignments, unfiltered alignments, unfiltered alignments, unfiltered alignments
A549_ENCSR523FJT	ENCFF144UVO, ENCFF924LAN, ENCFF202XXK, ENCFF344BWR	unfiltered alignments, unfiltered alignments, unfiltered alignments, unfiltered alignments
A549_ENCSR837VHE	ENCFF023LKT, ENCFF352OMJ, ENCFF731FBN, ENCFF382QUN	unfiltered alignments, unfiltered alignments, unfiltered alignments, unfiltered alignments
A549_ENCSR294XUZ	ENCFF937BFS, ENCFF681EYE, ENCFF064MSU, ENCFF287FKK	unfiltered alignments, unfiltered alignments, unfiltered alignments, unfiltered alignments
A549_ENCSR599WJC	ENCFF101SSS, ENCFF974NNZ, ENCFF332WAL, ENCFF134NCO	unfiltered alignments, unfiltered alignments, unfiltered alignments, unfiltered alignments
A549_ENCSR565WPR	ENCFF177ONC, ENCFF396TBK, ENCFF382SDZ, ENCFF067NET	unfiltered alignments, unfiltered alignments, unfiltered alignments, unfiltered alignments
A549_ENCSR077EYC	ENCFF956CDV, ENCFF282JQS, ENCFF225LKK, ENCFF541WWN	unfiltered alignments, unfiltered alignments, unfiltered alignments, unfiltered alignments
A549_ENCSR347CEH	ENCFF539LZP, ENCFF271AAE, ENCFF702KRA, ENCFF081ZPV	unfiltered alignments, unfiltered alignments, unfiltered alignments, unfiltered alignments
A549_ENCSR660OQE	ENCFF428PRU, ENCFF598KJO, ENCFF025VVX, ENCFF856JVS, ENCFF976VXJ	unfiltered alignments, unfiltered alignments, unfiltered alignments, unfiltered alignments, unfiltered alignments
A549_ENCSR000EIE	ENCFF995HBI	unfiltered alignments
A549_ENCSR000ELW	ENCFF048PFJ, ENCFF410CDT	unfiltered alignments, alignments
A549_ENCSR136DNA	ENCFF215ZJQ, ENCFF037NDD, ENCFF548VIM, ENCFF633PXA	unfiltered alignments, unfiltered alignments, unfiltered alignments, unfiltered alignments
Caco-2_ENCSR000EMI	ENCFF203HVL, ENCFF961FVW	unfiltered alignments, unfiltered alignments
Caco-2_ENCSR030HFV	ENCFF043MJC, ENCFF896IZG	alignments, alignments
Caco-2_ENCSR255STJ	ENCFF368UBC, ENCFF554OTV	alignments, alignments
HEK293T_ENCSR000EJR	ENCFF283AWX	unfiltered alignments
HepG2_ENCSR000EJV	ENCFF878RGP	unfiltered alignments
HepG2_ENCSR149XIL	ENCFF474LSZ, ENCFF839SPF	alignments, alignments
HT-29_ENCSR814KRX	ENCFF485UTI, ENCFF092FYN, ENCFF698NHT, ENCFF906DWG	alignments, alignments, alignments, alignments
IMR-90_ENCSR000EKG	ENCFF361OWP	unfiltered alignments
IMR-90_ENCSR477RTP	ENCFF618FFB	unfiltered alignments
MCF_10A_ENCSR752EPH	ENCFF766UHF	unfiltered alignments
MCF_10A_ENCSR385SZQ	ENCFF101JIC	unfiltered alignments
MCF_10A_ENCSR789VGQ	ENCFF416UGH	unfiltered alignments
MCF-7_ENCSR000EPI	ENCFF199OSH, ENCFF822WNW	unfiltered alignments, unfiltered alignments
MCF-7_ENCSR000EKY	ENCFF453JXK	unfiltered alignments
MCF-7_ENCSR000EKX	ENCFF925RMV	unfiltered alignments
MCF-7_ENCSR000EKW	ENCFF145ZWL	unfiltered alignments
MCF-7_ENCSR000EKV	ENCFF383DSC	unfiltered alignments
MCF-7_ENCSR000EKZ	ENCFF244VNL	unfiltered alignments
MCF-7_ENCSR000EPH	ENCFF429VEC, ENCFF812YNL	unfiltered alignments, unfiltered alignments
NCI-H929_ENCSR090SMP	ENCFF910XNY, ENCFF369NRI	alignments, alignments
RKO_ENCSR429RHR	ENCFF290RFC, ENCFF881HKH	alignments, alignments
T47D_ENCSR000ELS	ENCFF661WZF	unfiltered alignments
T47D_ENCSR000ELT	ENCFF384HOF	unfiltered alignments
T47D_ENCSR000EQB	ENCFF002IRA, ENCFF261ZUT	unfiltered alignments, unfiltered alignments
WI38_ENCSR000EQM	ENCFF106KYR, ENCFF760MER	unfiltered alignments, unfiltered alignments
WI38_ENCSR000EQN	ENCFF394FFM, ENCFF400OHC	unfiltered alignments, unfiltered alignments
HT1080_ENCSR000FDI	ENCFF862UPO, ENCFF033IBX	unfiltered alignments, unfiltered alignments
K562_ENCSR000EKO	ENCFF050ZRL	unfiltered alignments
K562_ENCSR000EKR	ENCFF896UXC	unfiltered alignments
K562_ENCSR000EKN	ENCFF499RRW	unfiltered alignments
K562_ENCSR000EKP	ENCFF612AHB	unfiltered alignments
K562_ENCSR000EKQ	ENCFF651KVB	unfiltered alignments
K562_ENCSR000EKS	ENCFF987IUK	unfiltered alignments
K562_ENCSR000EOT	ENCFF325RTP, ENCFF860XAE	unfiltered alignments, unfiltered alignments
PC-3_ENCSR052AWE	ENCFF197VOO, ENCFF695RSF	alignments, alignments
SW480_ENCSR217SET	ENCFF036ZSE, ENCFF117RRB	alignments, alignments
A172_ENCSR932KWJ	ENCFF567HRE, ENCFF479STA	alignments, alignments
A673_ENCSR114QAK	ENCFF037RUL	alignments
A673_ENCSR346JWH	ENCFF261YSH, ENCFF860UCH	alignments, alignments
ACHN_ENCSR257BGZ	ENCFF347OEU, ENCFF737SCC	unfiltered alignments, alignments
COLO829_ENCSR000EIN	ENCFF746AXH	unfiltered alignments
Caki2_ENCSR515EWI	ENCFF463OFJ, ENCFF286HCJ	unfiltered alignments, unfiltered alignments
D341Med_ENCSR000ELB	ENCFF550SER	unfiltered alignments
G401_ENCSR269SIA	ENCFF910NWW, ENCFF671CNQ	unfiltered alignments, alignments
H4_ENCSR809CEA	ENCFF522QNO, ENCFF224DKF	alignments, alignments
MG63_ENCSR083STA	ENCFF597KGC, ENCFF438MPJ	unfiltered alignments, unfiltered alignments
MG63_ENCSR443YJP	ENCFF028GXY, ENCFF801NTK	alignments, alignments
NAMALWA_ENCSR301OGM	ENCFF497LCM, ENCFF824ZLB	unfiltered alignments, unfiltered alignments
NAMALWA_ENCSR662HMO	ENCFF008UNA, ENCFF329MCU	unfiltered alignments, unfiltered alignments
NCI-H226_ENCSR265TEK	ENCFF559MVB, ENCFF040YWG	alignments, alignments
RPMI8226_ENCSR594NOE	ENCFF245DSZ, ENCFF326MNW	unfiltered alignments, alignments
RWPE1_ENCSR000ELP	ENCFF407NBI	unfiltered alignments
SJSA1_ENCSR520WTV	ENCFF177HIF, ENCFF726YVN	alignments, alignments
SJSA1_ENCSR620WAR	ENCFF941LWY, ENCFF468DCR	unfiltered alignments, unfiltered alignments
Panc1_ENCSR000EPT	ENCFF313EDO, ENCFF325RLI	unfiltered alignments, unfiltered alignments
BJ_ENCSR000EME	ENCFF721ZFV, ENCFF844POF	unfiltered alignments, unfiltered alignments
H54_ENCSR000EJA	ENCFF887RRT	unfiltered alignments
GM06990_ENCSR000EMQ	ENCFF824UHK, ENCFF825OQI	unfiltered alignments, unfiltered alignments
GM12878_ENCSR000EMT	ENCFF467CXY, ENCFF940NSD	unfiltered alignments, unfiltered alignments
GM12891_ENCSR000EJE	ENCFF755VVY	unfiltered alignments
GM12892_ENCSR000EJF	ENCFF674CWG	unfiltered alignments
GM18507_ENCSR000EJI	ENCFF526HRB	unfiltered alignments
GM19238_ENCSR000EJJ	ENCFF141NCQ	unfiltered alignments
GM19239_ENCSR000EJK	ENCFF314DTG	unfiltered alignments
GM19240_ENCSR000EJL	ENCFF437NVY	unfiltered alignments
HeLa-S3_ENCSR000EJS	ENCFF930KNL	unfiltered alignments
HeLa-S3_ENCSR000EJT	ENCFF187PXI	unfiltered alignments
HeLa-S3_ENCSR000ENO	ENCFF956XRO, ENCFF610LUN	unfiltered alignments, unfiltered alignments
HeLa-S3_ENCSR959ZXU	ENCFF786NAW, ENCFF706OIB	alignments, alignments
HL-60_ENCSR000ENU	ENCFF310NAD, ENCFF311KST	unfiltered alignments, unfiltered alignments
HL-60_ENCSR889WKL	ENCFF488MRC, ENCFF924PTR	alignments, alignments
NB4_ENCSR000EPL	ENCFF673SQR, ENCFF015WQK	unfiltered alignments, unfiltered alignments
Calu3_ENCSR366NBE	ENCFF612BVO, ENCFF452KBW	alignments, alignments
HCT116_ENCSR521WNU	ENCFF621YTZ, ENCFF587DHQ	alignments, alignments
HCT116_ENCSR702VYW	ENCFF381UGQ, ENCFF556STX	alignments, alignments
HCT116_ENCSR595CME	ENCFF464UIL, ENCFF305OHN	alignments, alignments
HCT116_ENCSR542UWN	ENCFF121EVV, ENCFF720KAC	alignments, alignments
HCT116_ENCSR867ITQ	ENCFF801KAM	alignments
HCT116_ENCSR795ZKB	ENCFF076SWD, ENCFF454IID	alignments, alignments
HCT116_ENCSR498JAW	ENCFF958BEI, ENCFF955RHM	alignments, alignments
HCT116_ENCSR811COL	ENCFF748RTZ, ENCFF226KYV	alignments, alignments
HCT116_ENCSR477IQW	ENCFF400YZH, ENCFF515XIW	alignments, alignments
HCT116_ENCSR878VJL	ENCFF028XIT, ENCFF139MVW	alignments, alignments
HCT116_ENCSR823GSV	ENCFF545ONU	alignments
HCT116_ENCSR690ADK	ENCFF523QDP	alignments
HCT116_ENCSR129EWE	ENCFF118WQF, ENCFF708EPH	alignments, alignments
HCT116_ENCSR980GWI	ENCFF766VMY	alignments
HCT116_ENCSR694YJR	ENCFF213KGB, ENCFF191GDK	alignments, alignments
HCT116_ENCSR000ENM	ENCFF166PCV, ENCFF619LVU	unfiltered alignments, unfiltered alignments
PC-9_ENCSR781TYE	ENCFF658ARC, ENCFF389ZHQ	alignments, alignments
PC-9_ENCSR940NLN	ENCFF189UVI, ENCFF978LNU	alignments, alignments
SK-N-MC_ENCSR000EPY	ENCFF011ZHY, ENCFF754VGI	unfiltered alignments, unfiltered alignments
CMK_ENCSR000EMN	ENCFF721UJT	unfiltered alignments
H1_ENCSR000EJN	ENCFF188RKP	unfiltered alignments
H1_ENCSR000EMU	ENCFF733TCL	unfiltered alignments
H1_ENCSR951BNY	ENCFF801RHD, ENCFF579KRZ	alignments, alignments
NCI-H460_ENCSR000FJH	ENCFF117GRF, ENCFF583DNU	unfiltered alignments, unfiltered alignments
H9_ENCSR017OZH	ENCFF129ZDR, ENCFF206KSA	alignments, alignments
H9_ENCSR754LIN	ENCFF492FGY, ENCFF463JHG	alignments, alignments
H9_ENCSR943SYS	ENCFF302MBM, ENCFF529IHR	alignments, alignments
H9_ENCSR964WHY	ENCFF347LOI, ENCFF308PNO	alignments, alignments
H9_ENCSR000EJP	ENCFF427RZA	unfiltered alignments
H9_ENCSR275ICP	ENCFF206ALY, ENCFF291ZMA	alignments, alignments
H9_ENCSR662RIZ	ENCFF244JVV	alignments
SK-N-SH_ENCSR000EPZ	ENCFF481OBU, ENCFF772OQK	unfiltered alignments, unfiltered alignments
SK-N-SH_ENCSR000ELQ	ENCFF264HFT	unfiltered alignments
NT2_D1_ENCSR000EPS	ENCFF372GQM, ENCFF399OQU	unfiltered alignments, unfiltered alignments
HS-5_ENCSR000EMG	ENCFF615UMS	unfiltered alignments
HS-27A_ENCSR000EMF	ENCFF299GDE	unfiltered alignments
GM10248_ENCSR000EJB	ENCFF662QWY	unfiltered alignments
GM10266_ENCSR000EJC	ENCFF946JDS	unfiltered alignments
GM12864_ENCSR000EMR	ENCFF123NPP	unfiltered alignments
GM12865_ENCSR000EMS	ENCFF990RGA, ENCFF501BQO	unfiltered alignments, unfiltered alignments
GM13976_ENCSR000EJG	ENCFF067HUR	unfiltered alignments
GM13977_ENCSR000EJH	ENCFF885UZH	unfiltered alignments
GM20000_ENCSR000EJM	ENCFF587WEN	unfiltered alignments
HuH-7_ENCSR000EKD	ENCFF070RWR	unfiltered alignments
D721Med_ENCSR000ELA	ENCFF271DNF	unfiltered alignments
M059J_ENCSR000EPG	ENCFF299HNT, ENCFF108IPV	unfiltered alignments, unfiltered alignments
Daoy_ENCSR346IHH	ENCFF837SRJ, ENCFF401DQF	unfiltered alignments, unfiltered alignments
HuH-7.5_ENCSR000EKE	ENCFF932RXN	unfiltered alignments
RCC_7860_ENCSR037PGI	ENCFF499DRT, ENCFF386XBC	alignments, alignments
HTR-8_SVneo_ENCSR000EKC	ENCFF740ABP	unfiltered alignments
HFF-Myc_ENCSR000ENR	ENCFF762BVA, ENCFF611LBU	unfiltered alignments, unfiltered alignments
HPDE6-E6E7_ENCSR000EJX	ENCFF376RHW	unfiltered alignments
RPMI7951_ENCSR000EPV	ENCFF459ADL, ENCFF374UVG	unfiltered alignments, unfiltered alignments
8988T_ENCSR000EID	ENCFF590FGE	unfiltered alignments
LHCN-M2_ENCSR000EPE	ENCFF498ZTB, ENCFF541EQR	unfiltered alignments, unfiltered alignments
WERI-Rb-1_ENCSR000EQL	ENCFF639GFQ, ENCFF643TRD	unfiltered alignments, unfiltered alignments
WERI-Rb-1_ENCSR218FSP	ENCFF686UNS, ENCFF942XGJ	alignments, alignments
Ishikawa_ENCSR000EIO	ENCFF105SCS	unfiltered alignments
Ishikawa_ENCSR000EKM	ENCFF028RJT	unfiltered alignments
Ishikawa_ENCSR000EKL	ENCFF050SLP	unfiltered alignments
Ishikawa_ENCSR000EIP	ENCFF025PVR	unfiltered alignments
Karpas-422_ENCSR019JDO	ENCFF046SMR, ENCFF438PJC	alignments, alignments
SK-MEL-5_ENCSR000FEK	ENCFF793WJQ, ENCFF679LFL	unfiltered alignments, unfiltered alignments
SK-N-DZ_ENCSR000FJL	ENCFF859JWM, ENCFF137RKG	unfiltered alignments, unfiltered alignments
SK-N-DZ_ENCSR946MVP	ENCFF112ZGM, ENCFF399MPN	unfiltered alignments, unfiltered alignments
SJCRH30_ENCSR000FFJ	ENCFF561GBK, ENCFF610BTY	unfiltered alignments, unfiltered alignments
SJCRH30_ENCSR506QJJ	ENCFF102QDV, ENCFF477YUQ	alignments, alignments
GM23248_ENCSR217TAW	ENCFF417OQG, ENCFF956PHU	alignments, alignments
MM.1S_ENCSR458LIB	ENCFF319IZZ	alignments
BE2C_ENCSR000EMD	ENCFF338YEG, ENCFF863PDL	unfiltered alignments, unfiltered alignments
BE2C_ENCSR009KWQ	ENCFF254KEI, ENCFF729GFM	alignments, alignments
LNCaP_clone_FGC_ENCSR000EKU	ENCFF792XFJ	unfiltered alignments
LNCaP_clone_FGC_ENCSR000EKT	ENCFF388UWK	unfiltered alignments
LNCaP_clone_FGC_ENCSR000EPF	ENCFF923YAI, ENCFF560OQO	unfiltered alignments, unfiltered alignments
ELF-1_ENCSR678ILN	ENCFF788WJL, ENCFF805ZGK	unfiltered alignments, unfiltered alignments
KBM-7_ENCSR426IEA	ENCFF919CXW, ENCFF747BBS	unfiltered alignments, unfiltered alignments
H7_ENCSR000EJO	ENCFF930YYX	unfiltered alignments
H7_ENCSR000EMZ	ENCFF304ZDF, ENCFF632AMG	unfiltered alignments, unfiltered alignments
urothelium_cell_line_ENCSR000ELU	ENCFF955LCQ	unfiltered alignments
urothelium_cell_line_ENCSR000ELV	ENCFF417VEK	unfiltered alignments
AG04450_ENCSR000ELY	ENCFF544XWD, ENCFF477CQU	unfiltered alignments, unfiltered alignments
LoVo_ENCSR503BEM	ENCFF807APJ, ENCFF735XWT	alignments, alignments
OCI-LY7_ENCSR489NAM	ENCFF643CGR, ENCFF210MMO	alignments, alignments
DND-41_ENCSR903SKE	ENCFF758LRN, ENCFF836RBO	alignments, alignments
iPS_DF_19.7_ENCSR440QMR	ENCFF984DFA	unfiltered alignments
iPS_DF_19.11_ENCSR383SNM	ENCFF966PEX	unfiltered alignments
iPS_DF_4.7_ENCSR014FPY	ENCFF500VCT	unfiltered alignments
iPS_DF_6.9_ENCSR261SMF	ENCFF138HXB	unfiltered alignments
HAP-1_ENCSR620QNS	ENCFF427IVB, ENCFF303JZI	alignments, alignments
HAP-1_ENCSR895KTN	ENCFF162WTC, ENCFF443OOK	alignments, alignments
L1-S8_ENCSR314EZY	ENCFF635FFI, ENCFF580BPC	alignments, alignments
L1-S8R_ENCSR746ZPP	ENCFF526RIQ, ENCFF414ZYF	alignments, alignments
RWPE2_ENCSR306BHE	ENCFF512AOX, ENCFF407ORW	alignments, alignments
EH_ENCSR548MMD	ENCFF128VZB, ENCFF233TZU	unfiltered alignments, unfiltered alignments
EL_ENCSR691MQJ	ENCFF039LXT, ENCFF485JAR	unfiltered alignments, unfiltered alignments
ELR_ENCSR240TPI	ENCFF505CBU, ENCFF518EFO	alignments, alignments
GM23338_ENCSR004SUL	ENCFF135ZNA, ENCFF912RFQ	alignments, alignments
GM23338_ENCSR108PUO	ENCFF376XJI	alignments
iPS-NIHi11_ENCSR000EKJ	ENCFF689MGG	unfiltered alignments
iPS-NIHi7_ENCSR000EKK	ENCFF867SEB	unfiltered alignments
HFFc6_ENCSR672EWY	ENCFF757DMO, ENCFF853ZAW	alignments, alignments
C803_ENCSR000ELI	ENCFF442TUD	unfiltered alignments
HCEC_1CT_ENCSR038XTK	ENCFF949OOT, ENCFF061DCP	alignments, alignments
CWRU1_ENCSR000EKI	ENCFF085KLV	unfiltered alignments
WTC11_ENCSR785ZUI	ENCFF492WXQ, ENCFF715YXX	alignments, alignments
ecto_neural_progenitor_cell_ENCSR360XIS	ENCFF884HMI	alignments
Right_ventricle_myocardium_inferior_ENCSR085MZL	ENCFF353FPQ	alignments
Right_ventricle_myocardium_superior_ENCSR895GSY	ENCFF710GZI	alignments
left_ventricle_myocardium_inferior_ENCSR770OTB	ENCFF616QAS	alignments
left_ventricle_myocardium_superior_ENCSR355WAJ	ENCFF153TBA	alignments
activated_naive_CD4-positive__alpha-beta_T_cell_ENCSR100OSB	ENCFF109IYW	alignments
activated_naive_CD4-positive__alpha-beta_T_cell_ENCSR478SWA	ENCFF636CPJ	alignments
activated_naive_CD4-positive__alpha-beta_T_cell_ENCSR396EWH	ENCFF410YVW	alignments
activated_naive_CD4-positive__alpha-beta_T_cell_ENCSR593OUE	ENCFF685BVU	alignments
activated_naive_CD4-positive__alpha-beta_T_cell_ENCSR778DWG	ENCFF104EGX	alignments
activated_naive_CD4-positive__alpha-beta_T_cell_ENCSR386BOX	ENCFF057ECO	alignments
activated_naive_CD4-positive__alpha-beta_T_cell_ENCSR515PDV	ENCFF030PNE	alignments
activated_CD4-positive__alpha-beta_memory_T_cell_ENCSR021YFW	ENCFF996KZH	alignments
activated_CD4-positive__alpha-beta_memory_T_cell_ENCSR720TCN	ENCFF417SCC	alignments
activated_naive_CD8-positive__alpha-beta_T_cell_ENCSR518YYX	ENCFF618UIG	alignments
activated_naive_CD8-positive__alpha-beta_T_cell_ENCSR009MDC	ENCFF696HWG	alignments
activated_naive_CD8-positive__alpha-beta_T_cell_ENCSR044JIR	ENCFF187TZE	alignments
activated_naive_CD8-positive__alpha-beta_T_cell_ENCSR572HUG	ENCFF809IED	alignments
activated_CD8-positive__alpha-beta_memory_T_cell_ENCSR167VIP	ENCFF868LUM	alignments
activated_CD8-positive__alpha-beta_memory_T_cell_ENCSR951MYM	ENCFF122ZIM	alignments
activated_CD8-positive__alpha-beta_memory_T_cell_ENCSR653ISV	ENCFF391RDE	alignments
activated_CD8-positive__alpha-beta_memory_T_cell_ENCSR933VOY	ENCFF835QKX	alignments
activated_CD8-positive__alpha-beta_memory_T_cell_ENCSR534OJE	ENCFF360PGB	alignments
activated_CD8-positive__alpha-beta_memory_T_cell_ENCSR860IDO	ENCFF248FIH	alignments
activated_CD8-positive__alpha-beta_memory_T_cell_ENCSR171APM	ENCFF387NWM	alignments
activated_CD8-positive__alpha-beta_memory_T_cell_ENCSR442SDV	ENCFF398QOP	alignments
activated_CD8-positive__alpha-beta_memory_T_cell_ENCSR971MMF	ENCFF942JCU	alignments
activated_CD8-positive__alpha-beta_memory_T_cell_ENCSR141RSN	ENCFF030WUI	alignments
activated_CD8-positive__alpha-beta_memory_T_cell_ENCSR565RQI	ENCFF099GCR	alignments
activated_CD8-positive__alpha-beta_memory_T_cell_ENCSR175OHT	ENCFF782CFI	alignments
activated_CD8-positive__alpha-beta_memory_T_cell_ENCSR950YTI	ENCFF296YWF	alignments
activated_CD8-positive__alpha-beta_memory_T_cell_ENCSR134CIY	ENCFF817SMO	alignments
activated_CD8-positive__alpha-beta_memory_T_cell_ENCSR274XTS	ENCFF090ZTD	alignments
activated_B_cell_ENCSR109DTU	ENCFF855BXL	alignments
nephron_progenitor_cell_ENCSR503UNA	ENCFF537MJV, ENCFF243DDA	alignments, alignments
fibroblast_of_skin_of_left_biceps_ENCSR562ACY	ENCFF083SBJ	unfiltered alignments
fibroblast_of_skin_of_left_biceps_ENCSR648GDP	ENCFF720NZB	unfiltered alignments
fibroblast_of_skin_of_left_quadriceps_ENCSR371KRY	ENCFF156CPF	unfiltered alignments
fibroblast_of_skin_of_left_quadriceps_ENCSR555TFE	ENCFF201JJE	unfiltered alignments
fibroblast_of_skin_of_right_quadriceps_ENCSR217RVH	ENCFF104BQJ	unfiltered alignments
fibroblast_of_skin_of_scalp_ENCSR360LBD	ENCFF049NZW	unfiltered alignments
fibroblast_of_skin_of_scalp_ENCSR770DEN	ENCFF351UST	unfiltered alignments
fibroblast_of_skin_of_right_biceps_ENCSR383BLX	ENCFF623ERH	unfiltered alignments
activated_T-cell_ENCSR617NTY	ENCFF620SNJ	alignments
activated_T-cell_ENCSR810CTB	ENCFF361ZOQ	alignments
activated_T-cell_ENCSR273GCF	ENCFF629NOO	alignments
activated_T-cell_ENCSR219KTW	ENCFF272CLG	alignments
activated_T-cell_ENCSR343MCI	ENCFF023IMC	alignments
activated_T-cell_ENCSR466SUZ	ENCFF301BIC	alignments
activated_T-cell_ENCSR653OVF	ENCFF318YBS	alignments
activated_T-cell_ENCSR223KKX	ENCFF037RIQ	alignments
activated_T-cell_ENCSR416QNA	ENCFF170OUD	alignments
activated_T-cell_ENCSR038POV	ENCFF283GXP	alignments
activated_T-cell_ENCSR660FSU	ENCFF349RNU	alignments
activated_T-cell_ENCSR312INU	ENCFF777SBP	alignments
activated_T-cell_ENCSR771JQH	ENCFF886UWL	alignments
activated_T-cell_ENCSR300NZA	ENCFF310OZU	alignments
activated_T-cell_ENCSR303JDG	ENCFF736DEU	alignments
activated_T-helper_1_cell_ENCSR636DIR	ENCFF528SLH	alignments
activated_T-helper_1_cell_ENCSR635QIZ	ENCFF188NQV	alignments
activated_T-helper_1_cell_ENCSR595THL	ENCFF418EXB	alignments
activated_T-helper_1_cell_ENCSR932OSG	ENCFF943AFY	alignments
activated_T-helper_2_cell_ENCSR780ABS	ENCFF612MMX	alignments
activated_effector_memory_CD4-positive__alpha-beta_T_cell_ENCSR173BJC	ENCFF642YUG	alignments
activated_effector_memory_CD4-positive__alpha-beta_T_cell_ENCSR692PKU	ENCFF996PZC	alignments
activated_effector_memory_CD4-positive__alpha-beta_T_cell_ENCSR732IFV	ENCFF854NWN	alignments
stimulated_activated_naive_B_cell_ENCSR438LZG	ENCFF600PZA	alignments
stimulated_activated_CD4-positive__alpha-beta_T_cell_ENCSR075MQZ	ENCFF366GCV	alignments
stimulated_activated_CD4-positive__alpha-beta_T_cell_ENCSR470QCE	ENCFF566AHQ	alignments
stimulated_activated_CD4-positive__alpha-beta_T_cell_ENCSR724QTW	ENCFF482JGP	alignments
stimulated_activated_CD4-positive__alpha-beta_T_cell_ENCSR933HFM	ENCFF413BUL	alignments
stimulated_activated_CD4-positive__alpha-beta_T_cell_ENCSR953UJL	ENCFF817ZNY	alignments
stimulated_activated_CD4-positive__alpha-beta_T_cell_ENCSR207CQH	ENCFF228XID	alignments
stimulated_activated_CD4-positive__alpha-beta_T_cell_ENCSR616AEG	ENCFF563PQP	alignments
stimulated_activated_CD4-positive__alpha-beta_T_cell_ENCSR884ODJ	ENCFF944ZRF	alignments
stimulated_activated_CD4-positive__alpha-beta_T_cell_ENCSR531UVE	ENCFF300YHK	alignments
stimulated_activated_CD4-positive__alpha-beta_T_cell_ENCSR998IXQ	ENCFF600VPS	alignments
stimulated_activated_CD4-positive__alpha-beta_T_cell_ENCSR987GUS	ENCFF355KGG	alignments
stimulated_activated_CD4-positive__alpha-beta_T_cell_ENCSR324SGE	ENCFF899NHX	alignments
stimulated_activated_CD4-positive__alpha-beta_T_cell_ENCSR881CRY	ENCFF634HTR	alignments
stimulated_activated_CD4-positive__alpha-beta_T_cell_ENCSR019MZH	ENCFF006BAB	alignments
stimulated_activated_CD4-positive__alpha-beta_T_cell_ENCSR245AXW	ENCFF079PCT	alignments
stimulated_activated_CD4-positive__alpha-beta_T_cell_ENCSR551LAH	ENCFF342XYF	alignments
stimulated_activated_CD4-positive__alpha-beta_T_cell_ENCSR553WJB	ENCFF537QZG	alignments
stimulated_activated_CD4-positive__alpha-beta_T_cell_ENCSR579DBA	ENCFF373ODF	alignments
stimulated_activated_CD4-positive__alpha-beta_T_cell_ENCSR010TMX	ENCFF073HQE	alignments
stimulated_activated_CD4-positive__alpha-beta_T_cell_ENCSR607HIL	ENCFF177WIF	alignments
stimulated_activated_CD4-positive__alpha-beta_T_cell_ENCSR658NVL	ENCFF151MKY	alignments
stimulated_activated_CD4-positive__alpha-beta_T_cell_ENCSR152AVY	ENCFF516JCR	alignments
stimulated_activated_CD4-positive__alpha-beta_T_cell_ENCSR734VFU	ENCFF951XPO	alignments
stimulated_activated_CD4-positive__alpha-beta_T_cell_ENCSR050VTC	ENCFF423FCI	alignments
stimulated_activated_CD4-positive__alpha-beta_T_cell_ENCSR548KXH	ENCFF329KNS	alignments
stimulated_activated_CD4-positive__alpha-beta_T_cell_ENCSR566HLQ	ENCFF867LDP	alignments
stimulated_activated_CD4-positive__alpha-beta_T_cell_ENCSR799MAX	ENCFF965IXQ	alignments
stimulated_activated_CD4-positive__alpha-beta_T_cell_ENCSR605SQL	ENCFF056GCU	alignments
stimulated_activated_CD4-positive__alpha-beta_T_cell_ENCSR634ZYB	ENCFF804HWB	alignments
stimulated_activated_CD4-positive__alpha-beta_T_cell_ENCSR323PWV	ENCFF775TZI	alignments
stimulated_activated_CD4-positive__alpha-beta_T_cell_ENCSR323TXQ	ENCFF597GTV	alignments
stimulated_activated_CD4-positive__alpha-beta_T_cell_ENCSR255OGF	ENCFF445MCI	alignments
stimulated_activated_CD4-positive__alpha-beta_T_cell_ENCSR419CKG	ENCFF373MWN	alignments
stimulated_activated_CD4-positive__alpha-beta_T_cell_ENCSR920JUM	ENCFF371KCI	alignments
stimulated_activated_CD4-positive__alpha-beta_T_cell_ENCSR015FZF	ENCFF832AFE	alignments
stimulated_activated_CD4-positive__alpha-beta_T_cell_ENCSR486FMF	ENCFF804NKU	alignments
stimulated_activated_CD4-positive__alpha-beta_T_cell_ENCSR703AYZ	ENCFF743GPM	alignments
stimulated_activated_CD4-positive__alpha-beta_T_cell_ENCSR840USW	ENCFF680JXS	alignments
stimulated_activated_CD4-positive__alpha-beta_T_cell_ENCSR107XZC	ENCFF035TJX	alignments
stimulated_activated_CD4-positive__alpha-beta_T_cell_ENCSR284GAG	ENCFF137RGN	alignments
stimulated_activated_CD4-positive__alpha-beta_T_cell_ENCSR765ZML	ENCFF058UMD	alignments
stimulated_activated_CD4-positive__alpha-beta_T_cell_ENCSR226LVB	ENCFF431XJH	alignments
stimulated_activated_CD4-positive__alpha-beta_T_cell_ENCSR315WAC	ENCFF935HDI	alignments
stimulated_activated_CD4-positive__alpha-beta_T_cell_ENCSR266NDC	ENCFF503HKL	alignments
stimulated_activated_CD4-positive__alpha-beta_T_cell_ENCSR467LJT	ENCFF252KIH	alignments
stimulated_activated_CD4-positive__alpha-beta_T_cell_ENCSR618HFT	ENCFF159XDU	alignments
stimulated_activated_CD4-positive__alpha-beta_T_cell_ENCSR147QLU	ENCFF265GNJ	alignments
stimulated_activated_CD4-positive__alpha-beta_T_cell_ENCSR494IWJ	ENCFF383WYC	alignments
stimulated_activated_CD4-positive__alpha-beta_T_cell_ENCSR731DJH	ENCFF043DEC	alignments
stimulated_activated_CD4-positive__alpha-beta_T_cell_ENCSR287GYT	ENCFF046LCT	alignments
stimulated_activated_CD4-positive__alpha-beta_T_cell_ENCSR543WNA	ENCFF393PFY	alignments
stimulated_activated_CD4-positive__alpha-beta_T_cell_ENCSR965ZWZ	ENCFF486BSP	alignments
stimulated_activated_CD4-positive__alpha-beta_T_cell_ENCSR438USP	ENCFF012ZOX	alignments
stimulated_activated_CD4-positive__alpha-beta_T_cell_ENCSR840QLA	ENCFF130ZOM	alignments
stimulated_activated_CD4-positive__alpha-beta_T_cell_ENCSR885AWF	ENCFF441XVG	alignments
stimulated_activated_naive_CD8-positive__alpha-beta_T_cell_ENCSR154NYM	ENCFF846LJB	alignments
stimulated_activated_naive_CD8-positive__alpha-beta_T_cell_ENCSR208YDK	ENCFF960DOV	alignments
stimulated_activated_naive_CD8-positive__alpha-beta_T_cell_ENCSR114XWV	ENCFF919QTJ	alignments
stimulated_activated_effector_memory_CD8-positive__alpha-beta_T_cell_ENCSR133QIE	ENCFF192RAV	alignments
stimulated_activated_effector_memory_CD8-positive__alpha-beta_T_cell_ENCSR917BSW	ENCFF438VZH	alignments
stimulated_activated_CD8-positive__alpha-beta_memory_T_cell_ENCSR335EYA	ENCFF846AOP	alignments
stimulated_activated_CD8-positive__alpha-beta_memory_T_cell_ENCSR536VAY	ENCFF581VZB	alignments
stimulated_activated_CD8-positive__alpha-beta_memory_T_cell_ENCSR135XMY	ENCFF604QXW	alignments
stimulated_activated_CD8-positive__alpha-beta_memory_T_cell_ENCSR819EPD	ENCFF702OLB	alignments
stimulated_activated_CD8-positive__alpha-beta_memory_T_cell_ENCSR284VNJ	ENCFF433CPM	alignments
stimulated_activated_CD8-positive__alpha-beta_memory_T_cell_ENCSR474HQW	ENCFF916LCH	alignments
stimulated_activated_CD8-positive__alpha-beta_memory_T_cell_ENCSR832THJ	ENCFF839OPJ	alignments
stimulated_activated_CD8-positive__alpha-beta_memory_T_cell_ENCSR205ECC	ENCFF874RBL	alignments
stimulated_activated_CD8-positive__alpha-beta_memory_T_cell_ENCSR889YWJ	ENCFF170NWG	alignments
stimulated_activated_CD8-positive__alpha-beta_memory_T_cell_ENCSR177GYC	ENCFF522RVG	alignments
stimulated_activated_CD8-positive__alpha-beta_memory_T_cell_ENCSR502GWQ	ENCFF325HML	alignments
stimulated_activated_CD8-positive__alpha-beta_memory_T_cell_ENCSR471RHG	ENCFF164OKO	alignments
stimulated_activated_CD8-positive__alpha-beta_memory_T_cell_ENCSR688OIJ	ENCFF404XYC	alignments
stimulated_activated_CD8-positive__alpha-beta_memory_T_cell_ENCSR210JVF	ENCFF393MQG	alignments
stimulated_activated_CD8-positive__alpha-beta_memory_T_cell_ENCSR688DKY	ENCFF860JAT	alignments
stimulated_activated_CD8-positive__alpha-beta_memory_T_cell_ENCSR380TXB	ENCFF537VIW	alignments
stimulated_activated_CD8-positive__alpha-beta_memory_T_cell_ENCSR735MJZ	ENCFF431EGV	alignments
stimulated_activated_CD8-positive__alpha-beta_memory_T_cell_ENCSR943BCO	ENCFF873RTW	alignments
stimulated_activated_CD8-positive__alpha-beta_memory_T_cell_ENCSR294DND	ENCFF248XIX	alignments
stimulated_activated_CD8-positive__alpha-beta_memory_T_cell_ENCSR960EVM	ENCFF074VBQ	alignments
stimulated_activated_CD8-positive__alpha-beta_memory_T_cell_ENCSR314IBN	ENCFF831BBW	alignments
stimulated_activated_CD8-positive__alpha-beta_memory_T_cell_ENCSR749YCR	ENCFF024UTK	alignments
stimulated_activated_CD8-positive__alpha-beta_memory_T_cell_ENCSR130HIE	ENCFF799KWA	alignments
stimulated_activated_CD8-positive__alpha-beta_memory_T_cell_ENCSR377CRU	ENCFF469NED	alignments
stimulated_activated_CD8-positive__alpha-beta_memory_T_cell_ENCSR669NQZ	ENCFF401YKR	alignments
stimulated_activated_CD8-positive__alpha-beta_memory_T_cell_ENCSR060TTR	ENCFF347RFH	alignments
stimulated_activated_CD8-positive__alpha-beta_memory_T_cell_ENCSR335LOQ	ENCFF496LAJ	alignments
activated_T-helper_9_cell_ENCSR433WOV	ENCFF089LIB	alignments
activated_gamma-delta_T_cell_ENCSR676GAW	ENCFF370USQ	alignments
activated_gamma-delta_T_cell_ENCSR104QUE	ENCFF404MRF	alignments
mesendoderm_ENCSR714DIF	ENCFF585KAH	unfiltered alignments
islet_precursor_cell_ENCSR224FOA	ENCFF537FXA	alignments
activated_CD4-positive__CD25-positive__alpha-beta_regulatory_T_cell_ENCSR133OSO	ENCFF139SFY	alignments
activated_CD4-positive__CD25-positive__alpha-beta_regulatory_T_cell_ENCSR242CLA	ENCFF195QCY	alignments
dedifferentiated_amniotic_fluid_mesenchymal_stem_cell_ENCSR820WLP	ENCFF833UTG, ENCFF381FQU	alignments, alignments
ureter_ENCSR398JUP	ENCFF964BCG	alignments
large_intestine_ENCSR047FNH	ENCFF091HXM	unfiltered alignments
large_intestine_ENCSR133SPH	ENCFF304BCY	unfiltered alignments
large_intestine_ENCSR154YPL	ENCFF353UBK	unfiltered alignments
large_intestine_ENCSR214QEO	ENCFF210TLM	unfiltered alignments
large_intestine_ENCSR366EQH	ENCFF075NVR	unfiltered alignments
large_intestine_ENCSR444VTC	ENCFF272RKC	unfiltered alignments
large_intestine_ENCSR531HPD	ENCFF210IXX	unfiltered alignments
large_intestine_ENCSR563XRP	ENCFF037BZG	unfiltered alignments
large_intestine_ENCSR666YVE	ENCFF636UZL	unfiltered alignments
large_intestine_ENCSR762FCX	ENCFF569NNP	unfiltered alignments
large_intestine_ENCSR796SJV	ENCFF601COM	unfiltered alignments
large_intestine_ENCSR800QGE	ENCFF645WAF	unfiltered alignments
large_intestine_ENCSR857AEB	ENCFF646DYG	unfiltered alignments
large_intestine_ENCSR874CAK	ENCFF672GFS	unfiltered alignments
colonic_mucosa_ENCSR576UAF	ENCFF946UKJ	alignments
colonic_mucosa_ENCSR994KTY	ENCFF018RLE	alignments
testis_ENCSR278FHC	ENCFF882ETO	unfiltered alignments
testis_ENCSR729DRB	ENCFF419SVL	unfiltered alignments
testis_ENCSR866ODX	ENCFF386AZI	alignments
testis_ENCSR978QUT	ENCFF867KYD	alignments
stomach_ENCSR006IMH	ENCFF459MPN	alignments
stomach_ENCSR062DUU	ENCFF829LFF	unfiltered alignments
stomach_ENCSR082XEU	ENCFF348YAT	unfiltered alignments
stomach_ENCSR095GWE	ENCFF690VNI, ENCFF497DYX	alignments, alignments
stomach_ENCSR119HXE	ENCFF719WIP	unfiltered alignments
stomach_ENCSR163PKT	ENCFF620MUD	alignments
stomach_ENCSR172PVJ	ENCFF164BAR	unfiltered alignments
stomach_ENCSR177NIJ	ENCFF513MQT	alignments
stomach_ENCSR208DMX	ENCFF500QXA	unfiltered alignments
stomach_ENCSR246PXX	ENCFF940EUA	unfiltered alignments
stomach_ENCSR282QFE	ENCFF499NKV	unfiltered alignments
stomach_ENCSR511GQA	ENCFF328KZU	unfiltered alignments
stomach_ENCSR522FGG	ENCFF470VIU	unfiltered alignments
stomach_ENCSR608AHQ	ENCFF776XPV	unfiltered alignments
stomach_ENCSR627KFV	ENCFF388EVJ	unfiltered alignments
stomach_ENCSR641ZPF	ENCFF089RAR	alignments
stomach_ENCSR683YLO	ENCFF620LNU	unfiltered alignments
stomach_ENCSR726YMS	ENCFF469UQW	unfiltered alignments
stomach_ENCSR782SSS	ENCFF815LKJ	unfiltered alignments
stomach_ENCSR930YSB	ENCFF939RXC	unfiltered alignments
stomach_ENCSR941SMM	ENCFF097CFG	unfiltered alignments
aorta_ENCSR595DQM	ENCFF934AZP	alignments
aorta_ENCSR713KNQ	ENCFF381CDO	alignments
heart_ENCSR000EJQ	ENCFF022OEC, ENCFF360YPK	unfiltered alignments, unfiltered alignments
heart_ENCSR064GBK	ENCFF239UMB	unfiltered alignments
heart_ENCSR154ZNQ	ENCFF236ITL	unfiltered alignments
heart_ENCSR174JMM	ENCFF361GSX	unfiltered alignments
heart_ENCSR189YJQ	ENCFF149PPN	unfiltered alignments
heart_ENCSR305UJX	ENCFF903KLS	unfiltered alignments
heart_ENCSR311LLZ	ENCFF080QHJ	unfiltered alignments
heart_ENCSR320PGJ	ENCFF206PJC	unfiltered alignments
heart_ENCSR366EGE	ENCFF674YKD	unfiltered alignments
heart_ENCSR392GCE	ENCFF483QWV	unfiltered alignments
heart_ENCSR533VAF	ENCFF376TKA	unfiltered alignments
heart_ENCSR536NGW	ENCFF728KAJ	unfiltered alignments
heart_ENCSR664PKM	ENCFF845UVD, ENCFF618GPG	alignments, alignments
heart_ENCSR705CNJ	ENCFF984ZHE, ENCFF820NRM	alignments, alignments
heart_ENCSR749BWV	ENCFF818EPW, ENCFF524DMF	alignments, alignments
heart_ENCSR804RSI	ENCFF572XQQ	alignments
heart_ENCSR911LTI	ENCFF832VZR	unfiltered alignments
heart_ENCSR914DOH	ENCFF854YIC	unfiltered alignments
brain_ENCSR049SVH	ENCFF786YZF	alignments
brain_ENCSR330JXM	ENCFF424NSY	alignments
brain_ENCSR026EOM	ENCFF888DUC	unfiltered alignments
brain_ENCSR118WIQ	ENCFF148XZW	unfiltered alignments
brain_ENCSR156CLC	ENCFF371LDJ	unfiltered alignments
brain_ENCSR187PYY	ENCFF430OPN	unfiltered alignments
brain_ENCSR309FOO	ENCFF983HWN	unfiltered alignments
brain_ENCSR344FLH	ENCFF232ESJ	unfiltered alignments
brain_ENCSR420RWU	ENCFF021ZDN	unfiltered alignments
brain_ENCSR475VQD	ENCFF197JYS, ENCFF696HNO	unfiltered alignments, alignments
brain_ENCSR507GFJ	ENCFF831ETF	alignments
brain_ENCSR572LDG	ENCFF440PCX	unfiltered alignments
brain_ENCSR595CSH	ENCFF425GUX, ENCFF870TZV	unfiltered alignments, alignments
brain_ENCSR649KBB	ENCFF559BKM	unfiltered alignments
brain_ENCSR820XRX	ENCFF620DWN	unfiltered alignments
brain_ENCSR947POC	ENCFF978EWQ	unfiltered alignments
retina_ENCSR474GZQ	ENCFF300DIY, ENCFF634TLM	unfiltered alignments, unfiltered alignments
retina_ENCSR621ENC	ENCFF068EKU, ENCFF632TWH	unfiltered alignments, alignments
retina_ENCSR820ICX	ENCFF842NAE	alignments
eye_ENCSR127PWK	ENCFF597SAZ	unfiltered alignments
eye_ENCSR782XFY	ENCFF045BTQ, ENCFF976RNA	unfiltered alignments, alignments
femur_ENCSR805XIF	ENCFF996VMS	alignments
pons_ENCSR829MXU	ENCFF839GGU	unfiltered alignments
ovary_ENCSR138UGH	ENCFF764XZE	alignments
ovary_ENCSR330ZBO	ENCFF180HNU	alignments
ovary_ENCSR365NDK	ENCFF332IHS	alignments
ovary_ENCSR428XAX	ENCFF026RIM	unfiltered alignments
ovary_ENCSR712PYJ	ENCFF593QEZ	unfiltered alignments
ovary_ENCSR732RIC	ENCFF868TSB	alignments
ovary_ENCSR798XLO	ENCFF072TLG	alignments
ovary_ENCSR872DUY	ENCFF218QGZ	alignments
ovary_ENCSR930PDT	ENCFF072TVW	alignments
uterus_ENCSR129BZE	ENCFF130PVC	alignments
uterus_ENCSR545ADK	ENCFF914KBU	alignments
vagina_ENCSR437AYW	ENCFF552WGU	alignments
vagina_ENCSR733YNW	ENCFF564NGR	alignments
posterior_vena_cava_ENCSR324NVG	ENCFF019WJX	alignments
right_lobe_of_liver_ENCSR164TBP	ENCFF892VLK	alignments
right_lobe_of_liver_ENCSR608NWP	ENCFF920IXO	alignments
right_lobe_of_liver_ENCSR628NEA	ENCFF397QAV	alignments
right_lobe_of_liver_ENCSR909HFI	ENCFF520UZZ	alignments
right_lobe_of_liver_ENCSR933GMM	ENCFF427BNB	alignments
left_lobe_of_liver_ENCSR802ZYE	ENCFF272CBV	alignments
body_of_pancreas_ENCSR405YLV	ENCFF611ZEI	alignments
body_of_pancreas_ENCSR464TKV	ENCFF153EIC	alignments
body_of_pancreas_ENCSR539WBA	ENCFF855BHV	alignments
body_of_pancreas_ENCSR828FVZ	ENCFF135KGR	alignments
transverse_colon_ENCSR340MRJ	ENCFF650EYC	alignments
transverse_colon_ENCSR760QZM	ENCFF034EJE	alignments
transverse_colon_ENCSR763AKE	ENCFF568ZEU	alignments
transverse_colon_ENCSR923JYH	ENCFF991EWH	alignments
sigmoid_colon_ENCSR276ITP	ENCFF531YYI	alignments
sigmoid_colon_ENCSR391YAV	ENCFF166AYV	alignments
sigmoid_colon_ENCSR462XTM	ENCFF596CQL	alignments
Peyers_patch_ENCSR261RWJ	ENCFF635OZL	alignments
Peyers_patch_ENCSR455GUW	ENCFF226LGV	alignments
Peyers_patch_ENCSR689DSM	ENCFF799FGK	alignments
Peyers_patch_ENCSR954AJK	ENCFF484DQZ	alignments
renal_pelvis_ENCSR141DMX	ENCFF135OFF	unfiltered alignments
renal_pelvis_ENCSR301RCD	ENCFF237VKK	unfiltered alignments
renal_pelvis_ENCSR364TKL	ENCFF155UHI	unfiltered alignments
renal_pelvis_ENCSR554WUJ	ENCFF321HUE	unfiltered alignments
renal_pelvis_ENCSR580OAH	ENCFF764DMN	unfiltered alignments
renal_pelvis_ENCSR606UAR	ENCFF766KRB	unfiltered alignments
renal_pelvis_ENCSR619DRM	ENCFF756BCQ	unfiltered alignments
renal_pelvis_ENCSR911YVV	ENCFF316XAY	unfiltered alignments
renal_pelvis_ENCSR913NYL	ENCFF958HRC	unfiltered alignments
renal_pelvis_ENCSR956ZHU	ENCFF812JQY	unfiltered alignments
urinary_bladder_ENCSR813CKU	ENCFF351RLC	alignments
pancreas_ENCSR056PFI	ENCFF988IQG	alignments
pancreas_ENCSR178JBL	ENCFF027VJJ	unfiltered alignments
pancreas_ENCSR236KPK	ENCFF025CEB	alignments
pancreas_ENCSR242RPQ	ENCFF942NPB	alignments
pancreas_ENCSR338NEI	ENCFF180RAM	alignments
pancreas_ENCSR589HAC	ENCFF979ZTM	alignments
pancreas_ENCSR595HZQ	ENCFF219VNL	unfiltered alignments
pancreas_ENCSR999VDH	ENCFF456GDF	alignments
sciatic_nerve_ENCSR672MOG	ENCFF107GZP	alignments
tibial_nerve_ENCSR401ESD	ENCFF680PST	alignments
tibial_nerve_ENCSR484UAU	ENCFF234VOE	alignments
tibial_nerve_ENCSR508FVM	ENCFF647TLU	alignments
muscle_of_leg_ENCSR033DQS	ENCFF408FZW	unfiltered alignments
muscle_of_leg_ENCSR059LXL	ENCFF164XBH	unfiltered alignments
muscle_of_leg_ENCSR167XSQ	ENCFF585QKS	unfiltered alignments
muscle_of_leg_ENCSR198JXW	ENCFF861RFY	unfiltered alignments
muscle_of_leg_ENCSR272RQX	ENCFF586FPS	unfiltered alignments
muscle_of_leg_ENCSR286WIA	ENCFF090SSA	unfiltered alignments
muscle_of_leg_ENCSR294QCR	ENCFF533IND	unfiltered alignments
muscle_of_leg_ENCSR297ORG	ENCFF542IEJ	unfiltered alignments
muscle_of_leg_ENCSR514QHN	ENCFF214WFZ	unfiltered alignments
muscle_of_leg_ENCSR622CAH	ENCFF323LGU	unfiltered alignments
muscle_of_leg_ENCSR861NUH	ENCFF937JYF	unfiltered alignments
muscle_of_leg_ENCSR937RVN	ENCFF704PUT	unfiltered alignments
muscle_of_leg_ENCSR938UOR	ENCFF071RKT	unfiltered alignments
ascending_aorta_ENCSR422IIZ	ENCFF396JLE	alignments
ascending_aorta_ENCSR968TPO	ENCFF361GMH	alignments
muscle_of_arm_ENCSR062DXC	ENCFF090RIU	unfiltered alignments
muscle_of_arm_ENCSR270LZE	ENCFF454RWN	unfiltered alignments
muscle_of_arm_ENCSR303YII	ENCFF820COE	unfiltered alignments
muscle_of_arm_ENCSR309YDN	ENCFF531SOT	unfiltered alignments
muscle_of_arm_ENCSR356QCD	ENCFF898ZLX	unfiltered alignments
muscle_of_arm_ENCSR357PMV	ENCFF907LGJ	unfiltered alignments
muscle_of_arm_ENCSR452EGE	ENCFF859KPZ	unfiltered alignments
muscle_of_arm_ENCSR517NHP	ENCFF159SCX	unfiltered alignments
muscle_of_arm_ENCSR619BNL	ENCFF969UXJ	unfiltered alignments
muscle_of_arm_ENCSR649PJN	ENCFF747FOT	unfiltered alignments
muscle_of_arm_ENCSR753QKD	ENCFF630SOA	unfiltered alignments
muscle_of_arm_ENCSR826ERZ	ENCFF963NLG	unfiltered alignments
muscle_of_arm_ENCSR868XPR	ENCFF668UXB	unfiltered alignments
muscle_of_arm_ENCSR888GBS	ENCFF202XOO	unfiltered alignments
muscle_of_arm_ENCSR949JYS	ENCFF120VWM	unfiltered alignments
muscle_of_arm_ENCSR951XEN	ENCFF624UJH	unfiltered alignments
muscle_of_arm_ENCSR956NOL	ENCFF967KNG	unfiltered alignments
thoracic_aorta_ENCSR298SDT	ENCFF818DQZ	alignments
coronary_artery_ENCSR060HPL	ENCFF732RWK	alignments
coronary_artery_ENCSR999TSD	ENCFF491SJZ	alignments
tongue_ENCSR559WMK	ENCFF998LWC	alignments
tongue_ENCSR759UNY	ENCFF388YEP, ENCFF177QSE	alignments, alignments
muscle_of_trunk_ENCSR217YRJ	ENCFF268CMB	unfiltered alignments
muscle_of_trunk_ENCSR411MGY	ENCFF199QGQ	unfiltered alignments
muscle_of_trunk_ENCSR440FZS	ENCFF905COX	unfiltered alignments
frontal_cortex_ENCSR000EIK	ENCFF759ZVG, ENCFF089BNZ	unfiltered alignments, unfiltered alignments
frontal_cortex_ENCSR000EIY	ENCFF742KJZ, ENCFF806OZU	unfiltered alignments, unfiltered alignments
caudate_nucleus_ENCSR015BGH	ENCFF152WNP	unfiltered alignments
putamen_ENCSR493VDS	ENCFF607EJH	unfiltered alignments
globus_pallidus_ENCSR771DAX	ENCFF627FWW, ENCFF686XUA	unfiltered alignments, unfiltered alignments
midbrain_ENCSR706IDL	ENCFF628MFS, ENCFF591KQX	unfiltered alignments, alignments
medulla_oblongata_ENCSR224IYD	ENCFF140VBG, ENCFF666SVG	unfiltered alignments, unfiltered alignments
Ammons_horn_ENCSR584LUZ	ENCFF037KOG	alignments
placenta_ENCSR035QHH	ENCFF173GOA	unfiltered alignments
placenta_ENCSR126EVK	ENCFF342QKJ	alignments
placenta_ENCSR129TSG	ENCFF768GUQ	unfiltered alignments
placenta_ENCSR212VEN	ENCFF294GFM	alignments
placenta_ENCSR267UFM	ENCFF087RIS	alignments
placenta_ENCSR336RGT	ENCFF828ORU	alignments
placenta_ENCSR395EZY	ENCFF142TSY	alignments
placenta_ENCSR499IFY	ENCFF811OSS, ENCFF025ERJ	alignments, alignments
placenta_ENCSR503RWO	ENCFF289OUW	alignments
placenta_ENCSR545KQR	ENCFF934BWE	unfiltered alignments
placenta_ENCSR552RKI	ENCFF446RVL	alignments
placenta_ENCSR552XJI	ENCFF676PRP	alignments
placenta_ENCSR566VAK	ENCFF549ODR	alignments
placenta_ENCSR575VMI	ENCFF986SRN, ENCFF244ILB	alignments, alignments
placenta_ENCSR648RAX	ENCFF950EWA	unfiltered alignments
placenta_ENCSR656KLT	ENCFF299BOK	alignments
placenta_ENCSR685PCS	ENCFF906DOW	alignments
placenta_ENCSR689FYA	ENCFF591OSK	alignments
placenta_ENCSR802AJE	ENCFF765VXQ	unfiltered alignments
placenta_ENCSR831QMZ	ENCFF417GFB	alignments
placenta_ENCSR922YEW	ENCFF847XBC	alignments
placenta_ENCSR989YIV	ENCFF604EYS	unfiltered alignments
occipital_lobe_ENCSR859CZM	ENCFF436JHH	alignments
cerebellum_ENCSR000EIJ	ENCFF180OCT, ENCFF681FFX	unfiltered alignments, unfiltered alignments
thyroid_gland_ENCSR195ONB	ENCFF086CGV	alignments
thyroid_gland_ENCSR450PWF	ENCFF657ZLL	alignments
thyroid_gland_ENCSR549NRK	ENCFF465MSB	alignments
thyroid_gland_ENCSR749MUH	ENCFF355MYX	alignments
lung_ENCSR006IJP	ENCFF368MIJ	unfiltered alignments
lung_ENCSR076YBB	ENCFF120HUO	unfiltered alignments
lung_ENCSR141IUS	ENCFF369PHJ	alignments
lung_ENCSR141VGA	ENCFF936GNN	unfiltered alignments
lung_ENCSR214XJO	ENCFF052LGC	unfiltered alignments
lung_ENCSR318WOD	ENCFF772ZLT	unfiltered alignments
lung_ENCSR482HQE	ENCFF639GOO	unfiltered alignments
lung_ENCSR504KZE	ENCFF296BZD	unfiltered alignments
lung_ENCSR582IPV	ENCFF716XRI, ENCFF546ODN	unfiltered alignments, alignments
lung_ENCSR587HPR	ENCFF120WIS	unfiltered alignments
lung_ENCSR627NIF	ENCFF726FOO, ENCFF013EUJ	unfiltered alignments, alignments
lung_ENCSR847RSJ	ENCFF689LTA	unfiltered alignments
lung_ENCSR945JJB	ENCFF885LCW	alignments
lung_ENCSR986XLW	ENCFF505MRC	unfiltered alignments
right_cardiac_atrium_ENCSR374VQC	ENCFF103KZD	alignments
right_cardiac_atrium_ENCSR485UQY	ENCFF104IKA	alignments
right_cardiac_atrium_ENCSR622HTS	ENCFF369ITQ	alignments
left_cardiac_atrium_ENCSR032NNU	ENCFF857BLF	alignments
left_cardiac_atrium_ENCSR412NMI	ENCFF014DVT	alignments
heart_right_ventricle_ENCSR211SUT	ENCFF305LFG	alignments
heart_right_ventricle_ENCSR214NLQ	ENCFF803BUE	alignments
heart_right_ventricle_ENCSR238FMP	ENCFF366VIM	alignments
heart_right_ventricle_ENCSR246VSO	ENCFF556BGQ	alignments
heart_right_ventricle_ENCSR298OIK	ENCFF287TWO	alignments
heart_right_ventricle_ENCSR356RNZ	ENCFF843ZFJ	alignments
heart_right_ventricle_ENCSR694LFE	ENCFF671AXT	alignments
heart_right_ventricle_ENCSR746RDJ	ENCFF061BRY, ENCFF909FOD	alignments, alignments
heart_right_ventricle_ENCSR792QQE	ENCFF153KXN	alignments
heart_right_ventricle_ENCSR928WMU	ENCFF850ISE	alignments
heart_left_ventricle_ENCSR070CMW	ENCFF533LLW	alignments
heart_left_ventricle_ENCSR222CLC	ENCFF284XQW	alignments
heart_left_ventricle_ENCSR299QGI	ENCFF631HMZ	alignments
heart_left_ventricle_ENCSR395HAE	ENCFF154ILG	alignments
heart_left_ventricle_ENCSR501FWC	ENCFF192SLM	alignments
heart_left_ventricle_ENCSR598RVJ	ENCFF682TBE	alignments
heart_left_ventricle_ENCSR735NTV	ENCFF558NDU	alignments
heart_left_ventricle_ENCSR747SEU	ENCFF041ZOJ	alignments
heart_left_ventricle_ENCSR805EGZ	ENCFF221NLC	alignments
heart_left_ventricle_ENCSR946DXB	ENCFF004ISN, ENCFF166EZK	alignments, alignments
skin_of_body_ENCSR092OFK	ENCFF399CAU	unfiltered alignments
cardiac_septum_ENCSR524QBS	ENCFF478AUS	alignments
limb_ENCSR532CRI	ENCFF971RWR, ENCFF467ICE	alignments, alignments
limb_ENCSR818JGZ	ENCFF845QSK, ENCFF425KIA	alignments, alignments
spleen_ENCSR128GBN	ENCFF518TQH	alignments
spleen_ENCSR567EEO	ENCFF136TSS	alignments
spleen_ENCSR597UIG	ENCFF549DYB	alignments
spleen_ENCSR679IFH	ENCFF708RJG	unfiltered alignments
spleen_ENCSR946OIO	ENCFF932JKV	alignments
liver_ENCSR158YXM	ENCFF454GBD, ENCFF093KQP	alignments, alignments
liver_ENCSR562FNN	ENCFF427KDL	alignments
small_intestine_ENCSR083FBK	ENCFF483NDZ	unfiltered alignments
small_intestine_ENCSR116WWW	ENCFF434NYH	unfiltered alignments
small_intestine_ENCSR133KBX	ENCFF363IHE	unfiltered alignments
small_intestine_ENCSR188JLO	ENCFF486TIO	unfiltered alignments
small_intestine_ENCSR354FBA	ENCFF936KMA	unfiltered alignments
small_intestine_ENCSR457ILW	ENCFF657IXD	unfiltered alignments
small_intestine_ENCSR502NDK	ENCFF955QBI	unfiltered alignments
small_intestine_ENCSR565EBN	ENCFF993KST	unfiltered alignments
small_intestine_ENCSR594OWA	ENCFF784SAO	unfiltered alignments
small_intestine_ENCSR860NDZ	ENCFF707NWW	unfiltered alignments
small_intestine_ENCSR931UQB	ENCFF058UUA	unfiltered alignments
small_intestine_ENCSR945RWN	ENCFF931AYT	unfiltered alignments
small_intestine_ENCSR970ZLG	ENCFF272EZX	unfiltered alignments
kidney_ENCSR066WZJ	ENCFF950ZKZ	alignments
kidney_ENCSR082JCE	ENCFF402NGG	unfiltered alignments
kidney_ENCSR106OKX	ENCFF111KOD	unfiltered alignments
kidney_ENCSR206OJJ	ENCFF698CEN	alignments
kidney_ENCSR262QJC	ENCFF719MML	unfiltered alignments
kidney_ENCSR437KLY	ENCFF221ZUJ	unfiltered alignments
kidney_ENCSR499PZA	ENCFF576UYI	unfiltered alignments
kidney_ENCSR645GJD	ENCFF595HKX	unfiltered alignments
kidney_ENCSR757EPJ	ENCFF801OPL	unfiltered alignments
kidney_ENCSR774RCO	ENCFF627OTT	unfiltered alignments
kidney_ENCSR792ZXA	ENCFF151RPQ, ENCFF755JCB	alignments, alignments
kidney_ENCSR873ANE	ENCFF899RNY, ENCFF168BUH	alignments, alignments
kidney_ENCSR941DTJ	ENCFF456TEQ	unfiltered alignments
kidney_ENCSR953JVX	ENCFF920ZYW	unfiltered alignments
cerebellar_cortex_ENCSR503HIB	ENCFF440OZH, ENCFF529PQJ	unfiltered alignments, alignments
right_lung_ENCSR228BOM	ENCFF224TAM	unfiltered alignments
right_lung_ENCSR263IGU	ENCFF866ZIV	unfiltered alignments
right_lung_ENCSR299INS	ENCFF805IDJ	unfiltered alignments
right_lung_ENCSR441MMO	ENCFF396OVR	unfiltered alignments
right_lung_ENCSR445XYW	ENCFF455ILF	unfiltered alignments
right_lung_ENCSR845MEJ	ENCFF502ZYO	unfiltered alignments
right_lung_ENCSR846CTA	ENCFF890ERP	unfiltered alignments
right_lung_ENCSR859KGQ	ENCFF967QBL	unfiltered alignments
right_lung_ENCSR930AUG	ENCFF608ACO	unfiltered alignments
right_lung_ENCSR947VPG	ENCFF544PUZ	unfiltered alignments
right_lung_ENCSR964VVW	ENCFF002TGJ	unfiltered alignments
left_lung_ENCSR006XED	ENCFF788WSX	unfiltered alignments
left_lung_ENCSR441OGH	ENCFF934YKH	unfiltered alignments
left_lung_ENCSR456KDF	ENCFF870RYP	unfiltered alignments
left_lung_ENCSR468OVW	ENCFF297HMW	unfiltered alignments
left_lung_ENCSR488PHT	ENCFF166JAS	unfiltered alignments
left_lung_ENCSR510ITB	ENCFF481OYE	unfiltered alignments
left_lung_ENCSR541AVF	ENCFF900QUT	unfiltered alignments
left_lung_ENCSR639XWF	ENCFF067AVQ	unfiltered alignments
left_lung_ENCSR658UBE	ENCFF050APU	alignments
left_lung_ENCSR680SDS	ENCFF885VDJ	unfiltered alignments
left_lung_ENCSR723VNG	ENCFF277SFH	alignments
left_lung_ENCSR803VCR	ENCFF189XJQ	unfiltered alignments
left_lung_ENCSR935EVZ	ENCFF441ZWQ	unfiltered alignments
left_lung_ENCSR953WJO	ENCFF363SZI	unfiltered alignments
left_lung_ENCSR960EJV	ENCFF667CIC	unfiltered alignments
upper_lobe_of_right_lung_ENCSR357AWH	ENCFF702XKC	alignments
lower_lobe_of_right_lung_ENCSR785JXR	ENCFF510NET	alignments
spinal_cord_ENCSR148MFM	ENCFF754HWY	unfiltered alignments
spinal_cord_ENCSR615WIN	ENCFF377FXH	unfiltered alignments
spinal_cord_ENCSR678PDD	ENCFF472CKP	unfiltered alignments
spinal_cord_ENCSR788SOI	ENCFF578GYU	unfiltered alignments
spinal_cord_ENCSR910OQF	ENCFF458FJF, ENCFF395YAT	alignments, alignments
spinal_cord_ENCSR973MKT	ENCFF765CIP	unfiltered alignments
muscle_of_back_ENCSR010ZMK	ENCFF536UYG	unfiltered alignments
muscle_of_back_ENCSR033STL	ENCFF782SZC	unfiltered alignments
muscle_of_back_ENCSR072NBR	ENCFF702HUL	unfiltered alignments
muscle_of_back_ENCSR106RBR	ENCFF128SWG	unfiltered alignments
muscle_of_back_ENCSR141NSQ	ENCFF248RKK	unfiltered alignments
muscle_of_back_ENCSR174GXG	ENCFF558JXN	unfiltered alignments
muscle_of_back_ENCSR193LYA	ENCFF179NKT	unfiltered alignments
muscle_of_back_ENCSR295ELC	ENCFF115MZE	unfiltered alignments
muscle_of_back_ENCSR317SIH	ENCFF452GYC	unfiltered alignments
muscle_of_back_ENCSR357RED	ENCFF932HYM	unfiltered alignments
muscle_of_back_ENCSR438TWI	ENCFF077XBL	unfiltered alignments
muscle_of_back_ENCSR476SDZ	ENCFF902MNN	unfiltered alignments
muscle_of_back_ENCSR585CGU	ENCFF363ABN	unfiltered alignments
muscle_of_back_ENCSR698CUE	ENCFF486CBC	unfiltered alignments
muscle_of_back_ENCSR786FWF	ENCFF245ADS	unfiltered alignments
umbilical_cord_ENCSR512CWR	ENCFF470TLH, ENCFF504SRC	alignments, alignments
prostate_gland_ENCSR564FZH	ENCFF084DLF	alignments
adrenal_gland_ENCSR053ZKP	ENCFF524ITC	alignments
adrenal_gland_ENCSR060BFU	ENCFF845RAP	unfiltered alignments
adrenal_gland_ENCSR080PZL	ENCFF693HUB	unfiltered alignments
adrenal_gland_ENCSR259GYP	ENCFF820EVO	alignments
adrenal_gland_ENCSR277KRY	ENCFF303KPU	alignments
adrenal_gland_ENCSR325FWM	ENCFF683WUB	alignments
adrenal_gland_ENCSR419MZH	ENCFF423XCC	unfiltered alignments
adrenal_gland_ENCSR458AOS	ENCFF208SNA	alignments
adrenal_gland_ENCSR541JMK	ENCFF646WNW	alignments
adrenal_gland_ENCSR597NVK	ENCFF011IXU	alignments
adrenal_gland_ENCSR696XSJ	ENCFF161KLF	unfiltered alignments
adrenal_gland_ENCSR728BAD	ENCFF836PAN	unfiltered alignments
adrenal_gland_ENCSR856QJX	ENCFF036WRM	unfiltered alignments
adrenal_gland_ENCSR866RCY	ENCFF939EXX	unfiltered alignments
adrenal_gland_ENCSR962VJO	ENCFF058YJL	alignments
thymus_ENCSR164PQJ	ENCFF619BOF	unfiltered alignments
thymus_ENCSR342NCX	ENCFF237PIY	unfiltered alignments
thymus_ENCSR541UPY	ENCFF997JMS	unfiltered alignments
thymus_ENCSR544KDB	ENCFF706IXZ	unfiltered alignments
thymus_ENCSR682PKY	ENCFF236OOL	unfiltered alignments
thymus_ENCSR777USE	ENCFF865ZQX	unfiltered alignments
thymus_ENCSR838IPF	ENCFF931TGW	unfiltered alignments
thymus_ENCSR888UPQ	ENCFF725SKI	unfiltered alignments
thymus_ENCSR962EAP	ENCFF749AUA	unfiltered alignments
head_of_caudate_nucleus_ENCSR002IHL	ENCFF582DHJ	alignments
head_of_caudate_nucleus_ENCSR010SZN	ENCFF222PSK	alignments
head_of_caudate_nucleus_ENCSR024BXN	ENCFF190PTP	alignments
head_of_caudate_nucleus_ENCSR042DVU	ENCFF605RHF	alignments
head_of_caudate_nucleus_ENCSR057GPV	ENCFF733XEA	alignments
head_of_caudate_nucleus_ENCSR085XKS	ENCFF226FYG	alignments
head_of_caudate_nucleus_ENCSR101HFF	ENCFF875ESV	alignments
head_of_caudate_nucleus_ENCSR113DHB	ENCFF451FJV	alignments
head_of_caudate_nucleus_ENCSR116UQH	ENCFF829OIX	alignments
head_of_caudate_nucleus_ENCSR122NRV	ENCFF593VRV	alignments
head_of_caudate_nucleus_ENCSR134IUJ	ENCFF437IHI	alignments
head_of_caudate_nucleus_ENCSR137FWW	ENCFF033CQE	alignments
head_of_caudate_nucleus_ENCSR161ZGA	ENCFF825DAH	alignments
head_of_caudate_nucleus_ENCSR163BSC	ENCFF027KRE	alignments
head_of_caudate_nucleus_ENCSR163GMC	ENCFF860YPG	alignments
head_of_caudate_nucleus_ENCSR173NHL	ENCFF727VRD	alignments
head_of_caudate_nucleus_ENCSR176BPJ	ENCFF476GGP	alignments
head_of_caudate_nucleus_ENCSR200BNM	ENCFF772FON	alignments
head_of_caudate_nucleus_ENCSR217OHA	ENCFF897SMH	alignments
head_of_caudate_nucleus_ENCSR233DFT	ENCFF249XTT	alignments
head_of_caudate_nucleus_ENCSR234VLI	ENCFF196YDY	alignments
head_of_caudate_nucleus_ENCSR239MQN	ENCFF265VQM	alignments
head_of_caudate_nucleus_ENCSR268GBM	ENCFF766NEO	alignments
head_of_caudate_nucleus_ENCSR271QID	ENCFF751SHB	alignments
head_of_caudate_nucleus_ENCSR274FZD	ENCFF773CBJ	alignments
head_of_caudate_nucleus_ENCSR276MDV	ENCFF595CQR	alignments
head_of_caudate_nucleus_ENCSR297WRG	ENCFF518BWN	alignments
head_of_caudate_nucleus_ENCSR305WAA	ENCFF315HVS	alignments
head_of_caudate_nucleus_ENCSR311EEL	ENCFF764MTB	alignments
head_of_caudate_nucleus_ENCSR333BUP	ENCFF701MBQ	alignments
head_of_caudate_nucleus_ENCSR334MDJ	ENCFF591CAE	alignments
head_of_caudate_nucleus_ENCSR339TVH	ENCFF948ZYY	alignments
head_of_caudate_nucleus_ENCSR355PNF	ENCFF885XPI	alignments
head_of_caudate_nucleus_ENCSR373TLU	ENCFF328OIF	alignments
head_of_caudate_nucleus_ENCSR400MOP	ENCFF079GEP	alignments
head_of_caudate_nucleus_ENCSR410MFU	ENCFF389DQK	alignments
head_of_caudate_nucleus_ENCSR417LPB	ENCFF251HNN	alignments
head_of_caudate_nucleus_ENCSR432QFU	ENCFF384BAM	alignments
head_of_caudate_nucleus_ENCSR440BPA	ENCFF460XKO	alignments
head_of_caudate_nucleus_ENCSR483HUW	ENCFF589HKG	alignments
head_of_caudate_nucleus_ENCSR496PSH	ENCFF939TZQ	alignments
head_of_caudate_nucleus_ENCSR496UJY	ENCFF060GOB	alignments
head_of_caudate_nucleus_ENCSR511PFY	ENCFF832SMZ	alignments
head_of_caudate_nucleus_ENCSR516RTV	ENCFF196CBF	alignments
head_of_caudate_nucleus_ENCSR524QPZ	ENCFF719OSY	alignments
head_of_caudate_nucleus_ENCSR558SUT	ENCFF884RLT	alignments
head_of_caudate_nucleus_ENCSR563HBG	ENCFF167ZAJ	alignments
head_of_caudate_nucleus_ENCSR587SZC	ENCFF055OSR	alignments
head_of_caudate_nucleus_ENCSR598RRF	ENCFF187FTX	alignments
head_of_caudate_nucleus_ENCSR629TMA	ENCFF614XTQ	alignments
head_of_caudate_nucleus_ENCSR635GDW	ENCFF468EIE	alignments
head_of_caudate_nucleus_ENCSR637ZLM	ENCFF561NEE	alignments
head_of_caudate_nucleus_ENCSR638PZJ	ENCFF183XMN	alignments
head_of_caudate_nucleus_ENCSR639VTO	ENCFF602BQT	alignments
head_of_caudate_nucleus_ENCSR646JBR	ENCFF989COB	alignments
head_of_caudate_nucleus_ENCSR649MJI	ENCFF138DUZ	alignments
head_of_caudate_nucleus_ENCSR650TZF	ENCFF072OFG	alignments
head_of_caudate_nucleus_ENCSR659JPP	ENCFF486AEZ	alignments
head_of_caudate_nucleus_ENCSR663MNQ	ENCFF108BWV	alignments
head_of_caudate_nucleus_ENCSR671YPX	ENCFF796UYJ	alignments
head_of_caudate_nucleus_ENCSR677XGD	ENCFF914GOI	alignments
head_of_caudate_nucleus_ENCSR682ZZT	ENCFF076BCM	alignments
head_of_caudate_nucleus_ENCSR688AWP	ENCFF574BUM	alignments
head_of_caudate_nucleus_ENCSR717BBR	ENCFF894EDN	alignments
head_of_caudate_nucleus_ENCSR721DFB	ENCFF622QJH	alignments
head_of_caudate_nucleus_ENCSR722HJG	ENCFF300DZY	alignments
head_of_caudate_nucleus_ENCSR742HBK	ENCFF609GVC	alignments
head_of_caudate_nucleus_ENCSR756FQD	ENCFF977WJE	alignments
head_of_caudate_nucleus_ENCSR775KLH	ENCFF706MJM	alignments
head_of_caudate_nucleus_ENCSR797FIM	ENCFF351LGN	alignments
head_of_caudate_nucleus_ENCSR802NBC	ENCFF334PXE	alignments
head_of_caudate_nucleus_ENCSR814DYF	ENCFF580TLN	alignments
head_of_caudate_nucleus_ENCSR839GHA	ENCFF038WEZ	alignments
head_of_caudate_nucleus_ENCSR849CYU	ENCFF638KHD	alignments
head_of_caudate_nucleus_ENCSR856XGY	ENCFF241GPY	alignments
head_of_caudate_nucleus_ENCSR860UTH	ENCFF749QOE	alignments
head_of_caudate_nucleus_ENCSR862SQC	ENCFF359FJQ	alignments
head_of_caudate_nucleus_ENCSR879EVD	ENCFF448VDI	alignments
head_of_caudate_nucleus_ENCSR881FBS	ENCFF837LKK	alignments
head_of_caudate_nucleus_ENCSR885WWJ	ENCFF593AXC	alignments
head_of_caudate_nucleus_ENCSR888ZIZ	ENCFF491SNH	alignments
head_of_caudate_nucleus_ENCSR895TUV	ENCFF537BHP	alignments
head_of_caudate_nucleus_ENCSR916MHX	ENCFF533IMD	alignments
head_of_caudate_nucleus_ENCSR923BEY	ENCFF610GJO	alignments
head_of_caudate_nucleus_ENCSR984HJW	ENCFF381HRA	alignments
head_of_caudate_nucleus_ENCSR984SDD	ENCFF903EVF	alignments
middle_frontal_gyrus_ENCSR318PRQ	ENCFF976RCN, ENCFF217KKF	alignments, alignments
posterior_cingulate_gyrus_ENCSR006XFA	ENCFF497WHX	alignments
posterior_cingulate_gyrus_ENCSR037PIU	ENCFF845QKE	alignments
posterior_cingulate_gyrus_ENCSR059ETS	ENCFF089JHA	alignments
posterior_cingulate_gyrus_ENCSR060UPU	ENCFF261WPP	alignments
posterior_cingulate_gyrus_ENCSR083HYP	ENCFF655QXW	alignments
posterior_cingulate_gyrus_ENCSR086PIL	ENCFF259SZT	alignments
posterior_cingulate_gyrus_ENCSR098ISE	ENCFF189BYI	alignments
posterior_cingulate_gyrus_ENCSR112AKE	ENCFF254MVQ	alignments
posterior_cingulate_gyrus_ENCSR195GUK	ENCFF498QYR	alignments
posterior_cingulate_gyrus_ENCSR249RFY	ENCFF949QMT	alignments
posterior_cingulate_gyrus_ENCSR258POP	ENCFF100WCS	alignments
posterior_cingulate_gyrus_ENCSR330LFP	ENCFF355CPA	alignments
posterior_cingulate_gyrus_ENCSR365FVU	ENCFF423ULQ	alignments
posterior_cingulate_gyrus_ENCSR433NEX	ENCFF056OQQ	alignments
posterior_cingulate_gyrus_ENCSR502FPR	ENCFF936XZE	alignments
posterior_cingulate_gyrus_ENCSR503UFM	ENCFF223HZW	alignments
posterior_cingulate_gyrus_ENCSR510GRY	ENCFF567DIU	alignments
posterior_cingulate_gyrus_ENCSR555DLG	ENCFF960LMQ	alignments
posterior_cingulate_gyrus_ENCSR563CZB	ENCFF614LDP	alignments
posterior_cingulate_gyrus_ENCSR577QZP	ENCFF032RAK	alignments
posterior_cingulate_gyrus_ENCSR579RVI	ENCFF391NWO	alignments
posterior_cingulate_gyrus_ENCSR581LHW	ENCFF791PEK	alignments
posterior_cingulate_gyrus_ENCSR590EFT	ENCFF265UWQ	alignments
posterior_cingulate_gyrus_ENCSR599JZA	ENCFF928JSC	alignments
posterior_cingulate_gyrus_ENCSR612IKQ	ENCFF176HYT	alignments
posterior_cingulate_gyrus_ENCSR628GQE	ENCFF221QFW	alignments
posterior_cingulate_gyrus_ENCSR652IZW	ENCFF562HKT	alignments
posterior_cingulate_gyrus_ENCSR654GSG	ENCFF378TVN	alignments
posterior_cingulate_gyrus_ENCSR670MKJ	ENCFF366PMV	alignments
posterior_cingulate_gyrus_ENCSR690CVL	ENCFF002OZQ	alignments
posterior_cingulate_gyrus_ENCSR694DOX	ENCFF515ADG	alignments
posterior_cingulate_gyrus_ENCSR709PZI	ENCFF707REI	alignments
posterior_cingulate_gyrus_ENCSR729TYE	ENCFF793FTR	alignments
posterior_cingulate_gyrus_ENCSR730IHD	ENCFF513GGQ	alignments
posterior_cingulate_gyrus_ENCSR770JCP	ENCFF852ZQP	alignments
posterior_cingulate_gyrus_ENCSR784GVR	ENCFF686LSV	alignments
posterior_cingulate_gyrus_ENCSR789FJF	ENCFF238FDV	alignments
posterior_cingulate_gyrus_ENCSR822GDF	ENCFF984AFR	alignments
posterior_cingulate_gyrus_ENCSR846VGZ	ENCFF129OBE	alignments
posterior_cingulate_gyrus_ENCSR859HEW	ENCFF988IAR	alignments
posterior_cingulate_gyrus_ENCSR885ZBV	ENCFF969PRK	alignments
posterior_cingulate_gyrus_ENCSR887VUC	ENCFF064UMU	alignments
posterior_cingulate_gyrus_ENCSR896LMT	ENCFF242VNV	alignments
posterior_cingulate_gyrus_ENCSR908MUU	ENCFF050ZBZ	alignments
posterior_cingulate_gyrus_ENCSR924IHU	ENCFF553KDH	alignments
posterior_cingulate_gyrus_ENCSR943MRO	ENCFF797VBO	alignments
posterior_cingulate_gyrus_ENCSR955RQG	ENCFF302VDY	alignments
posterior_cingulate_gyrus_ENCSR987CQN	ENCFF911SRZ	alignments
superior_temporal_gyrus_ENCSR382JUJ	ENCFF960EWO	alignments
chorion_ENCSR000EIL	ENCFF535TTP	unfiltered alignments
forelimb_muscle_ENCSR166TEE	ENCFF513HSP	unfiltered alignments
hindlimb_muscle_ENCSR385AMY	ENCFF028KIR	unfiltered alignments
lower_leg_skin_ENCSR361DND	ENCFF136ZRE	alignments
lower_leg_skin_ENCSR579KDC	ENCFF449PFL	alignments
left_kidney_ENCSR097BWW	ENCFF944OLK, ENCFF951DMP	unfiltered alignments, alignments
left_kidney_ENCSR120LVW	ENCFF377XPX	unfiltered alignments
left_kidney_ENCSR184DFF	ENCFF052LWW	unfiltered alignments
left_kidney_ENCSR295DUI	ENCFF744ZKD	unfiltered alignments
left_kidney_ENCSR422PVL	ENCFF428CUP	unfiltered alignments
left_kidney_ENCSR543YPH	ENCFF714TRJ	unfiltered alignments
left_kidney_ENCSR600RAA	ENCFF289EXH	unfiltered alignments
left_kidney_ENCSR953XJU	ENCFF330FGZ	unfiltered alignments
left_kidney_ENCSR974TXT	ENCFF139HVF	unfiltered alignments
right_kidney_ENCSR017TFH	ENCFF094CNE	unfiltered alignments
right_kidney_ENCSR036VRV	ENCFF377NGB	unfiltered alignments
right_kidney_ENCSR332BSB	ENCFF688JTW	unfiltered alignments
right_kidney_ENCSR414ZUA	ENCFF549PCJ	unfiltered alignments
right_kidney_ENCSR670ZSA	ENCFF257RIR	unfiltered alignments
right_kidney_ENCSR765BSU	ENCFF641FPD	unfiltered alignments
right_kidney_ENCSR768OLL	ENCFF153ORO	unfiltered alignments
right_kidney_ENCSR871APX	ENCFF839KSX	unfiltered alignments
right_kidney_ENCSR884MCZ	ENCFF860UIJ	unfiltered alignments
right_kidney_ENCSR990XXC	ENCFF664SOK	unfiltered alignments
esophagus_muscularis_mucosa_ENCSR944JCE	ENCFF505FWC	alignments
mucosa_of_descending_colon_ENCSR404TSP	ENCFF434KAN	alignments
mucosa_of_descending_colon_ENCSR507DQC	ENCFF626APS	alignments
mucosa_of_descending_colon_ENCSR612CTW	ENCFF705SSM	alignments
mucosa_of_gallbladder_ENCSR011SAG	ENCFF055BIA	alignments
renal_cortex_interstitium_ENCSR022ECC	ENCFF573OSY	unfiltered alignments
renal_cortex_interstitium_ENCSR129KIV	ENCFF960ADG	unfiltered alignments
renal_cortex_interstitium_ENCSR155NPL	ENCFF699XGJ	unfiltered alignments
renal_cortex_interstitium_ENCSR254AGA	ENCFF759RVK	unfiltered alignments
renal_cortex_interstitium_ENCSR524DWS	ENCFF664WAY	unfiltered alignments
renal_cortex_interstitium_ENCSR550UWM	ENCFF379YYN	unfiltered alignments
renal_cortex_interstitium_ENCSR656QYL	ENCFF857XLA	unfiltered alignments
renal_cortex_interstitium_ENCSR828RNY	ENCFF294NFS	unfiltered alignments
renal_cortex_interstitium_ENCSR849OKE	ENCFF725AZD	unfiltered alignments
renal_cortex_interstitium_ENCSR851ZFT	ENCFF942XVR	unfiltered alignments
renal_cortex_interstitium_ENCSR932DHT	ENCFF724IRR	unfiltered alignments
inferior_parietal_cortex_ENCSR986YWZ	ENCFF948ZIC	alignments
right_atrium_auricular_region_ENCSR278SKG	ENCFF387JZG	alignments
right_atrium_auricular_region_ENCSR984SQJ	ENCFF068EYV	alignments
esophagus_squamous_epithelium_ENCSR783OCW	ENCFF104MIA	alignments
tibial_artery_ENCSR080ISA	ENCFF641PPV	alignments
tibial_artery_ENCSR090IDV	ENCFF217PGC	alignments
tibial_artery_ENCSR102RSU	ENCFF090MWN	alignments
breast_epithelium_ENCSR788IZL	ENCFF106NEF	alignments
breast_epithelium_ENCSR859LTL	ENCFF669BAO	alignments
psoas_muscle_ENCSR000ELO	ENCFF215SXQ, ENCFF901DPU	unfiltered alignments, unfiltered alignments
psoas_muscle_ENCSR082PDJ	ENCFF609OFI	alignments
psoas_muscle_ENCSR108SYM	ENCFF042TFK	alignments
psoas_muscle_ENCSR388DHS	ENCFF917YWG	alignments
psoas_muscle_ENCSR426TPQ	ENCFF235FOP	unfiltered alignments
upper_lobe_of_left_lung_ENCSR058VBM	ENCFF557TCY	alignments
upper_lobe_of_left_lung_ENCSR164WOF	ENCFF909FQD	alignments
upper_lobe_of_left_lung_ENCSR323UTX	ENCFF125WQU	alignments
upper_lobe_of_left_lung_ENCSR650FLQ	ENCFF006JWD	alignments
upper_lobe_of_left_lung_ENCSR702DPD	ENCFF231SIZ	alignments
upper_lobe_of_left_lung_ENCSR800ADR	ENCFF467XLG	alignments
upper_lobe_of_left_lung_ENCSR909YET	ENCFF824KSF	alignments
lower_lobe_of_left_lung_ENCSR537BGX	ENCFF003RMN	alignments
lower_lobe_of_left_lung_ENCSR632ONQ	ENCFF816ANC	alignments
lower_lobe_of_left_lung_ENCSR757NJT	ENCFF483RKV	alignments
left_colon_ENCSR279SXQ	ENCFF966UTQ	alignments
left_colon_ENCSR867XFA	ENCFF794DGN	alignments
dorsolateral_prefrontal_cortex_ENCSR001QTZ	ENCFF884NRT	alignments
dorsolateral_prefrontal_cortex_ENCSR006MAW	ENCFF116NUQ	alignments
dorsolateral_prefrontal_cortex_ENCSR014GTH	ENCFF535RWT	alignments
dorsolateral_prefrontal_cortex_ENCSR022UVL	ENCFF143UWH	alignments
dorsolateral_prefrontal_cortex_ENCSR059NIN	ENCFF397NNU	alignments
dorsolateral_prefrontal_cortex_ENCSR060MJY	ENCFF978AHA	alignments
dorsolateral_prefrontal_cortex_ENCSR124IMM	ENCFF063HKZ	alignments
dorsolateral_prefrontal_cortex_ENCSR173YSO	ENCFF505OFL	alignments
dorsolateral_prefrontal_cortex_ENCSR209ECO	ENCFF189NCP	alignments
dorsolateral_prefrontal_cortex_ENCSR210ESN	ENCFF292PMY	alignments
dorsolateral_prefrontal_cortex_ENCSR215DXT	ENCFF291ZCY	alignments
dorsolateral_prefrontal_cortex_ENCSR221ROM	ENCFF639BBF	alignments
dorsolateral_prefrontal_cortex_ENCSR306LNA	ENCFF147OGX	alignments
dorsolateral_prefrontal_cortex_ENCSR329FAP	ENCFF617VLY	alignments
dorsolateral_prefrontal_cortex_ENCSR329FHR	ENCFF508VVI	alignments
dorsolateral_prefrontal_cortex_ENCSR340XQX	ENCFF669HSH	alignments
dorsolateral_prefrontal_cortex_ENCSR351FWN	ENCFF206ZKI	alignments
dorsolateral_prefrontal_cortex_ENCSR386XPD	ENCFF266UVR	alignments
dorsolateral_prefrontal_cortex_ENCSR401UZL	ENCFF301WKE	alignments
dorsolateral_prefrontal_cortex_ENCSR419KXU	ENCFF418AJG	alignments
dorsolateral_prefrontal_cortex_ENCSR426KLJ	ENCFF375NXF	alignments
dorsolateral_prefrontal_cortex_ENCSR428ZCP	ENCFF446JDN	alignments
dorsolateral_prefrontal_cortex_ENCSR490UQP	ENCFF465WGX	alignments
dorsolateral_prefrontal_cortex_ENCSR498RLX	ENCFF246QEH	alignments
dorsolateral_prefrontal_cortex_ENCSR518WRP	ENCFF175CMR	alignments
dorsolateral_prefrontal_cortex_ENCSR532DBH	ENCFF892OLB	alignments
dorsolateral_prefrontal_cortex_ENCSR570BWW	ENCFF647TPO	alignments
dorsolateral_prefrontal_cortex_ENCSR571CJM	ENCFF902LXF	alignments
dorsolateral_prefrontal_cortex_ENCSR606QDB	ENCFF727AGR	alignments
dorsolateral_prefrontal_cortex_ENCSR617SVO	ENCFF066YOO	alignments
dorsolateral_prefrontal_cortex_ENCSR645HET	ENCFF163PSF	alignments
dorsolateral_prefrontal_cortex_ENCSR661AMM	ENCFF195KCN	alignments
dorsolateral_prefrontal_cortex_ENCSR670BGI	ENCFF329ESC	alignments
dorsolateral_prefrontal_cortex_ENCSR686LOE	ENCFF344RYW	alignments
dorsolateral_prefrontal_cortex_ENCSR720FVJ	ENCFF340VDR	alignments
dorsolateral_prefrontal_cortex_ENCSR749WVO	ENCFF852OWB	alignments
dorsolateral_prefrontal_cortex_ENCSR751VMX	ENCFF211LAD	alignments
dorsolateral_prefrontal_cortex_ENCSR763XBU	ENCFF277BCT	alignments
dorsolateral_prefrontal_cortex_ENCSR785MXI	ENCFF865REX	alignments
dorsolateral_prefrontal_cortex_ENCSR796YOJ	ENCFF958AIS	alignments
dorsolateral_prefrontal_cortex_ENCSR800KVI	ENCFF306XXE	alignments
dorsolateral_prefrontal_cortex_ENCSR800MBE	ENCFF990EJE	alignments
dorsolateral_prefrontal_cortex_ENCSR805RJA	ENCFF120BYB	alignments
dorsolateral_prefrontal_cortex_ENCSR811OUF	ENCFF507QWT	alignments
dorsolateral_prefrontal_cortex_ENCSR819GAF	ENCFF879QFZ	alignments
dorsolateral_prefrontal_cortex_ENCSR832XVZ	ENCFF608CVY	alignments
dorsolateral_prefrontal_cortex_ENCSR839RAJ	ENCFF615RWO	alignments
dorsolateral_prefrontal_cortex_ENCSR849WGE	ENCFF525DQO	alignments
dorsolateral_prefrontal_cortex_ENCSR865CYW	ENCFF096RBN	alignments
dorsolateral_prefrontal_cortex_ENCSR879XUH	ENCFF502IOV	alignments
dorsolateral_prefrontal_cortex_ENCSR880CUB	ENCFF966VCS	alignments
dorsolateral_prefrontal_cortex_ENCSR904LMG	ENCFF855CLY	alignments
dorsolateral_prefrontal_cortex_ENCSR921PPJ	ENCFF054OWB	alignments
dorsolateral_prefrontal_cortex_ENCSR928PKL	ENCFF479FLN	alignments
dorsolateral_prefrontal_cortex_ENCSR982XOK	ENCFF158LPS	alignments
dorsolateral_prefrontal_cortex_ENCSR995YPS	ENCFF984QXK	alignments
omental_fat_pad_ENCSR154OUQ	ENCFF550NDG	alignments
omental_fat_pad_ENCSR693UHT	ENCFF225NCO	alignments
germinal_center_ENCSR000EIZ	ENCFF312VPD	unfiltered alignments
gastrocnemius_medialis_ENCSR171ADO	ENCFF513STI	alignments
gastrocnemius_medialis_ENCSR171ETY	ENCFF109XKX	alignments
gastrocnemius_medialis_ENCSR520BAD	ENCFF490UZS	alignments
gastrocnemius_medialis_ENCSR686WJL	ENCFF150XTJ	alignments
gastrocnemius_medialis_ENCSR791BHE	ENCFF461BEX	alignments
gastrocnemius_medialis_ENCSR856XLJ	ENCFF891KGR	alignments
embryonic_facial_prominence_ENCSR435NHO	ENCFF250BQL, ENCFF798URD	alignments, alignments
mesenteric_fat_pad_ENCSR197BFD	ENCFF446CLG	alignments
left_renal_pelvis_ENCSR016THC	ENCFF803HRW	unfiltered alignments
left_renal_pelvis_ENCSR258IBL	ENCFF073KIB	unfiltered alignments
left_renal_pelvis_ENCSR318JAA	ENCFF168SEB	unfiltered alignments
left_renal_pelvis_ENCSR320SVK	ENCFF743IBP	unfiltered alignments
right_renal_pelvis_ENCSR540PVZ	ENCFF602RBS	unfiltered alignments
right_renal_pelvis_ENCSR752NTF	ENCFF611NTP	unfiltered alignments
right_renal_pelvis_ENCSR761ZFA	ENCFF450HSX	unfiltered alignments
right_renal_pelvis_ENCSR986HEN	ENCFF341WBU	unfiltered alignments
left_renal_cortex_interstitium_ENCSR039ZVQ	ENCFF387HHO	unfiltered alignments
left_renal_cortex_interstitium_ENCSR092WMD	ENCFF559KDW	unfiltered alignments
left_renal_cortex_interstitium_ENCSR588JXI	ENCFF560NXV	unfiltered alignments
left_renal_cortex_interstitium_ENCSR928SYE	ENCFF034LXG	unfiltered alignments
right_renal_cortex_interstitium_ENCSR014VAC	ENCFF613UDL	unfiltered alignments
right_renal_cortex_interstitium_ENCSR268QCH	ENCFF365PIK	unfiltered alignments
right_renal_cortex_interstitium_ENCSR887BNC	ENCFF576OOA	unfiltered alignments
suprapubic_skin_ENCSR101QXF	ENCFF134TIX	alignments
suprapubic_skin_ENCSR709IYR	ENCFF378TLV	alignments
right_forelimb_ENCSR274SDO	ENCFF058IRC	alignments
left_forelimb_ENCSR976XOY	ENCFF705ALI	alignments
right_hindlimb_ENCSR449HOQ	ENCFF515IZO	alignments
left_hindlimb_ENCSR431UEM	ENCFF025MJM	alignments
