Cluster	DNase_ENCODE_ID	DNase_Output_Type	HiC_File_Accession	thresholded_bigInteract	full_predictions	thresholded_bedpe	thresholded_predictions	full_predictions_SYNAPSE_ID	thresholded_bedpe_SYNAPSE_ID	thresholded_predictions_SYNAPSE_ID	thresholded_bigInteract_SYNAPSE_ID
A673_ENCSR114QAK_ENCFF129LMU	ENCFF037RUL	alignments	ENCFF129LMU	/scratch/users/agschwin/encode_re2g/dhs_hic/thresholded_bigInteract/encode_e2g_predictions_A673_ENCSR114QAK_ENCFF129LMU_thresholded_predictions.bigInteract	/scratch/users/agschwin/encode_re2g/dhs_hic/full_predictions/encode_e2g_predictions_A673_ENCSR114QAK_ENCFF129LMU_full_predictions.tsv.gz	/scratch/users/agschwin/encode_re2g/dhs_hic/thresholded_bedpe/encode_e2g_predictions_A673_ENCSR114QAK_ENCFF129LMU_thresholded_predictions.bedpe.gz	/scratch/users/agschwin/encode_re2g/dhs_hic/thresholded_predictions/encode_e2g_predictions_A673_ENCSR114QAK_ENCFF129LMU_thresholded_predictions.tsv.gz	syn55174022	syn55174018	syn55174015	syn55174014
B_cell_ENCSR468AKF_ENCFF076LWH	ENCFF213FNG	alignments	ENCFF076LWH	/scratch/users/agschwin/encode_re2g/dhs_hic/thresholded_bigInteract/encode_e2g_predictions_B_cell_ENCSR468AKF_ENCFF076LWH_thresholded_predictions.bigInteract	/scratch/users/agschwin/encode_re2g/dhs_hic/full_predictions/encode_e2g_predictions_B_cell_ENCSR468AKF_ENCFF076LWH_full_predictions.tsv.gz	/scratch/users/agschwin/encode_re2g/dhs_hic/thresholded_bedpe/encode_e2g_predictions_B_cell_ENCSR468AKF_ENCFF076LWH_thresholded_predictions.bedpe.gz	/scratch/users/agschwin/encode_re2g/dhs_hic/thresholded_predictions/encode_e2g_predictions_B_cell_ENCSR468AKF_ENCFF076LWH_thresholded_predictions.tsv.gz	syn55174025	syn55174020	syn55174019	syn55174016
CD14-positive_monocyte_ENCSR241BNZ_ENCFF185AYZ	ENCFF568RGF	alignments	ENCFF185AYZ	/scratch/users/agschwin/encode_re2g/dhs_hic/thresholded_bigInteract/encode_e2g_predictions_CD14-positive_monocyte_ENCSR241BNZ_ENCFF185AYZ_thresholded_predictions.bigInteract	/scratch/users/agschwin/encode_re2g/dhs_hic/full_predictions/encode_e2g_predictions_CD14-positive_monocyte_ENCSR241BNZ_ENCFF185AYZ_full_predictions.tsv.gz	/scratch/users/agschwin/encode_re2g/dhs_hic/thresholded_bedpe/encode_e2g_predictions_CD14-positive_monocyte_ENCSR241BNZ_ENCFF185AYZ_thresholded_predictions.bedpe.gz	/scratch/users/agschwin/encode_re2g/dhs_hic/thresholded_predictions/encode_e2g_predictions_CD14-positive_monocyte_ENCSR241BNZ_ENCFF185AYZ_thresholded_predictions.tsv.gz	syn55174029	syn55174026	syn55174024	syn55174023
CD14-positive_monocyte_ENCSR464ETX_ENCFF684YCT	ENCFF418GQQ	alignments	ENCFF684YCT	/scratch/users/agschwin/encode_re2g/dhs_hic/thresholded_bigInteract/encode_e2g_predictions_CD14-positive_monocyte_ENCSR464ETX_ENCFF684YCT_thresholded_predictions.bigInteract	/scratch/users/agschwin/encode_re2g/dhs_hic/full_predictions/encode_e2g_predictions_CD14-positive_monocyte_ENCSR464ETX_ENCFF684YCT_full_predictions.tsv.gz	/scratch/users/agschwin/encode_re2g/dhs_hic/thresholded_bedpe/encode_e2g_predictions_CD14-positive_monocyte_ENCSR464ETX_ENCFF684YCT_thresholded_predictions.bedpe.gz	/scratch/users/agschwin/encode_re2g/dhs_hic/thresholded_predictions/encode_e2g_predictions_CD14-positive_monocyte_ENCSR464ETX_ENCFF684YCT_thresholded_predictions.tsv.gz	syn55174034	syn55174031	syn55174030	syn55174028
CD4-positive__alpha-beta_T_cell_ENCSR376DAE_ENCFF958DWQ	ENCFF916EGX	alignments	ENCFF958DWQ	/scratch/users/agschwin/encode_re2g/dhs_hic/thresholded_bigInteract/encode_e2g_predictions_CD4-positive__alpha-beta_T_cell_ENCSR376DAE_ENCFF958DWQ_thresholded_predictions.bigInteract	/scratch/users/agschwin/encode_re2g/dhs_hic/full_predictions/encode_e2g_predictions_CD4-positive__alpha-beta_T_cell_ENCSR376DAE_ENCFF958DWQ_full_predictions.tsv.gz	/scratch/users/agschwin/encode_re2g/dhs_hic/thresholded_bedpe/encode_e2g_predictions_CD4-positive__alpha-beta_T_cell_ENCSR376DAE_ENCFF958DWQ_thresholded_predictions.bedpe.gz	/scratch/users/agschwin/encode_re2g/dhs_hic/thresholded_predictions/encode_e2g_predictions_CD4-positive__alpha-beta_T_cell_ENCSR376DAE_ENCFF958DWQ_thresholded_predictions.tsv.gz	syn55174040	syn55174035	syn55174033	syn55174032
CD4-positive__alpha-beta_memory_T_cell_ENCSR239XNU_ENCFF442IGJ	ENCFF534DMM	alignments	ENCFF442IGJ	/scratch/users/agschwin/encode_re2g/dhs_hic/thresholded_bigInteract/encode_e2g_predictions_CD4-positive__alpha-beta_memory_T_cell_ENCSR239XNU_ENCFF442IGJ_thresholded_predictions.bigInteract	/scratch/users/agschwin/encode_re2g/dhs_hic/full_predictions/encode_e2g_predictions_CD4-positive__alpha-beta_memory_T_cell_ENCSR239XNU_ENCFF442IGJ_full_predictions.tsv.gz	/scratch/users/agschwin/encode_re2g/dhs_hic/thresholded_bedpe/encode_e2g_predictions_CD4-positive__alpha-beta_memory_T_cell_ENCSR239XNU_ENCFF442IGJ_thresholded_predictions.bedpe.gz	/scratch/users/agschwin/encode_re2g/dhs_hic/thresholded_predictions/encode_e2g_predictions_CD4-positive__alpha-beta_memory_T_cell_ENCSR239XNU_ENCFF442IGJ_thresholded_predictions.tsv.gz	syn55174045	syn55174041	syn55174039	syn55174038
CD8-positive__alpha-beta_T_cell_ENCSR363BTB_ENCFF009ONH	ENCFF432ZTH	alignments	ENCFF009ONH	/scratch/users/agschwin/encode_re2g/dhs_hic/thresholded_bigInteract/encode_e2g_predictions_CD8-positive__alpha-beta_T_cell_ENCSR363BTB_ENCFF009ONH_thresholded_predictions.bigInteract	/scratch/users/agschwin/encode_re2g/dhs_hic/full_predictions/encode_e2g_predictions_CD8-positive__alpha-beta_T_cell_ENCSR363BTB_ENCFF009ONH_full_predictions.tsv.gz	/scratch/users/agschwin/encode_re2g/dhs_hic/thresholded_bedpe/encode_e2g_predictions_CD8-positive__alpha-beta_T_cell_ENCSR363BTB_ENCFF009ONH_thresholded_predictions.bedpe.gz	/scratch/users/agschwin/encode_re2g/dhs_hic/thresholded_predictions/encode_e2g_predictions_CD8-positive__alpha-beta_T_cell_ENCSR363BTB_ENCFF009ONH_thresholded_predictions.tsv.gz	syn55174049	syn55174046	syn55174043	syn55174042
Caco-2_ENCSR255STJ_ENCFF234MDO	ENCFF368UBC, ENCFF554OTV	alignments, alignments	ENCFF234MDO	/scratch/users/agschwin/encode_re2g/dhs_hic/thresholded_bigInteract/encode_e2g_predictions_Caco-2_ENCSR255STJ_ENCFF234MDO_thresholded_predictions.bigInteract	/scratch/users/agschwin/encode_re2g/dhs_hic/full_predictions/encode_e2g_predictions_Caco-2_ENCSR255STJ_ENCFF234MDO_full_predictions.tsv.gz	/scratch/users/agschwin/encode_re2g/dhs_hic/thresholded_bedpe/encode_e2g_predictions_Caco-2_ENCSR255STJ_ENCFF234MDO_thresholded_predictions.bedpe.gz	/scratch/users/agschwin/encode_re2g/dhs_hic/thresholded_predictions/encode_e2g_predictions_Caco-2_ENCSR255STJ_ENCFF234MDO_thresholded_predictions.tsv.gz	syn55174053	syn55174050	syn55174048	syn55174047
Calu3_ENCSR366NBE_ENCFF127TPS	ENCFF612BVO, ENCFF452KBW	alignments, alignments	ENCFF127TPS	/scratch/users/agschwin/encode_re2g/dhs_hic/thresholded_bigInteract/encode_e2g_predictions_Calu3_ENCSR366NBE_ENCFF127TPS_thresholded_predictions.bigInteract	/scratch/users/agschwin/encode_re2g/dhs_hic/full_predictions/encode_e2g_predictions_Calu3_ENCSR366NBE_ENCFF127TPS_full_predictions.tsv.gz	/scratch/users/agschwin/encode_re2g/dhs_hic/thresholded_bedpe/encode_e2g_predictions_Calu3_ENCSR366NBE_ENCFF127TPS_thresholded_predictions.bedpe.gz	/scratch/users/agschwin/encode_re2g/dhs_hic/thresholded_predictions/encode_e2g_predictions_Calu3_ENCSR366NBE_ENCFF127TPS_thresholded_predictions.tsv.gz	syn55174058	syn55174055	syn55174052	syn55174051
GM12878_ENCSR000EMT_ENCFF318GOM	ENCFF467CXY, ENCFF940NSD	unfiltered alignments, unfiltered alignments	ENCFF318GOM	/scratch/users/agschwin/encode_re2g/dhs_hic/thresholded_bigInteract/encode_e2g_predictions_GM12878_ENCSR000EMT_ENCFF318GOM_thresholded_predictions.bigInteract	/scratch/users/agschwin/encode_re2g/dhs_hic/full_predictions/encode_e2g_predictions_GM12878_ENCSR000EMT_ENCFF318GOM_full_predictions.tsv.gz	/scratch/users/agschwin/encode_re2g/dhs_hic/thresholded_bedpe/encode_e2g_predictions_GM12878_ENCSR000EMT_ENCFF318GOM_thresholded_predictions.bedpe.gz	/scratch/users/agschwin/encode_re2g/dhs_hic/thresholded_predictions/encode_e2g_predictions_GM12878_ENCSR000EMT_ENCFF318GOM_thresholded_predictions.tsv.gz	syn55174063	syn55174059	syn55174057	syn55174056
HCT116_ENCSR477IQW_ENCFF135MUT	ENCFF400YZH, ENCFF515XIW	alignments, alignments	ENCFF135MUT	/scratch/users/agschwin/encode_re2g/dhs_hic/thresholded_bigInteract/encode_e2g_predictions_HCT116_ENCSR477IQW_ENCFF135MUT_thresholded_predictions.bigInteract	/scratch/users/agschwin/encode_re2g/dhs_hic/full_predictions/encode_e2g_predictions_HCT116_ENCSR477IQW_ENCFF135MUT_full_predictions.tsv.gz	/scratch/users/agschwin/encode_re2g/dhs_hic/thresholded_bedpe/encode_e2g_predictions_HCT116_ENCSR477IQW_ENCFF135MUT_thresholded_predictions.bedpe.gz	/scratch/users/agschwin/encode_re2g/dhs_hic/thresholded_predictions/encode_e2g_predictions_HCT116_ENCSR477IQW_ENCFF135MUT_thresholded_predictions.tsv.gz	syn55174068	syn55174065	syn55174061	syn55174062
HCT116_ENCSR867ITQ_ENCFF683PLM	ENCFF801KAM	alignments	ENCFF683PLM	/scratch/users/agschwin/encode_re2g/dhs_hic/thresholded_bigInteract/encode_e2g_predictions_HCT116_ENCSR867ITQ_ENCFF683PLM_thresholded_predictions.bigInteract	/scratch/users/agschwin/encode_re2g/dhs_hic/full_predictions/encode_e2g_predictions_HCT116_ENCSR867ITQ_ENCFF683PLM_full_predictions.tsv.gz	/scratch/users/agschwin/encode_re2g/dhs_hic/thresholded_bedpe/encode_e2g_predictions_HCT116_ENCSR867ITQ_ENCFF683PLM_thresholded_predictions.bedpe.gz	/scratch/users/agschwin/encode_re2g/dhs_hic/thresholded_predictions/encode_e2g_predictions_HCT116_ENCSR867ITQ_ENCFF683PLM_thresholded_predictions.tsv.gz	syn55174073	syn55174069	syn55174067	syn55174066
HCT116_ENCSR980GWI_ENCFF241MSL	ENCFF766VMY	alignments	ENCFF241MSL	/scratch/users/agschwin/encode_re2g/dhs_hic/thresholded_bigInteract/encode_e2g_predictions_HCT116_ENCSR980GWI_ENCFF241MSL_thresholded_predictions.bigInteract	/scratch/users/agschwin/encode_re2g/dhs_hic/full_predictions/encode_e2g_predictions_HCT116_ENCSR980GWI_ENCFF241MSL_full_predictions.tsv.gz	/scratch/users/agschwin/encode_re2g/dhs_hic/thresholded_bedpe/encode_e2g_predictions_HCT116_ENCSR980GWI_ENCFF241MSL_thresholded_predictions.bedpe.gz	/scratch/users/agschwin/encode_re2g/dhs_hic/thresholded_predictions/encode_e2g_predictions_HCT116_ENCSR980GWI_ENCFF241MSL_thresholded_predictions.tsv.gz	syn55174078	syn55174074	syn55174071	syn55174070
HCT116_ENCSR595CME_ENCFF302CUI	ENCFF464UIL, ENCFF305OHN	alignments, alignments	ENCFF302CUI	/scratch/users/agschwin/encode_re2g/dhs_hic/thresholded_bigInteract/encode_e2g_predictions_HCT116_ENCSR595CME_ENCFF302CUI_thresholded_predictions.bigInteract	/scratch/users/agschwin/encode_re2g/dhs_hic/full_predictions/encode_e2g_predictions_HCT116_ENCSR595CME_ENCFF302CUI_full_predictions.tsv.gz	/scratch/users/agschwin/encode_re2g/dhs_hic/thresholded_bedpe/encode_e2g_predictions_HCT116_ENCSR595CME_ENCFF302CUI_thresholded_predictions.bedpe.gz	/scratch/users/agschwin/encode_re2g/dhs_hic/thresholded_predictions/encode_e2g_predictions_HCT116_ENCSR595CME_ENCFF302CUI_thresholded_predictions.tsv.gz	syn55174083	syn55174079	syn55174076	syn55174075
HCT116_ENCSR811COL_ENCFF104THR	ENCFF748RTZ, ENCFF226KYV	alignments, alignments	ENCFF104THR	/scratch/users/agschwin/encode_re2g/dhs_hic/thresholded_bigInteract/encode_e2g_predictions_HCT116_ENCSR811COL_ENCFF104THR_thresholded_predictions.bigInteract	/scratch/users/agschwin/encode_re2g/dhs_hic/full_predictions/encode_e2g_predictions_HCT116_ENCSR811COL_ENCFF104THR_full_predictions.tsv.gz	/scratch/users/agschwin/encode_re2g/dhs_hic/thresholded_bedpe/encode_e2g_predictions_HCT116_ENCSR811COL_ENCFF104THR_thresholded_predictions.bedpe.gz	/scratch/users/agschwin/encode_re2g/dhs_hic/thresholded_predictions/encode_e2g_predictions_HCT116_ENCSR811COL_ENCFF104THR_thresholded_predictions.tsv.gz	syn55174087	syn55174084	syn55174082	syn55174081
HCT116_ENCSR498JAW_ENCFF004TKY	ENCFF958BEI, ENCFF955RHM	alignments, alignments	ENCFF004TKY	/scratch/users/agschwin/encode_re2g/dhs_hic/thresholded_bigInteract/encode_e2g_predictions_HCT116_ENCSR498JAW_ENCFF004TKY_thresholded_predictions.bigInteract	/scratch/users/agschwin/encode_re2g/dhs_hic/full_predictions/encode_e2g_predictions_HCT116_ENCSR498JAW_ENCFF004TKY_full_predictions.tsv.gz	/scratch/users/agschwin/encode_re2g/dhs_hic/thresholded_bedpe/encode_e2g_predictions_HCT116_ENCSR498JAW_ENCFF004TKY_thresholded_predictions.bedpe.gz	/scratch/users/agschwin/encode_re2g/dhs_hic/thresholded_predictions/encode_e2g_predictions_HCT116_ENCSR498JAW_ENCFF004TKY_thresholded_predictions.tsv.gz	syn55174093	syn55174089	syn55174086	syn55174085
HCT116_ENCSR000ENM_ENCFF573OPJ	ENCFF166PCV, ENCFF619LVU	unfiltered alignments, unfiltered alignments	ENCFF573OPJ	/scratch/users/agschwin/encode_re2g/dhs_hic/thresholded_bigInteract/encode_e2g_predictions_HCT116_ENCSR000ENM_ENCFF573OPJ_thresholded_predictions.bigInteract	/scratch/users/agschwin/encode_re2g/dhs_hic/full_predictions/encode_e2g_predictions_HCT116_ENCSR000ENM_ENCFF573OPJ_full_predictions.tsv.gz	/scratch/users/agschwin/encode_re2g/dhs_hic/thresholded_bedpe/encode_e2g_predictions_HCT116_ENCSR000ENM_ENCFF573OPJ_thresholded_predictions.bedpe.gz	/scratch/users/agschwin/encode_re2g/dhs_hic/thresholded_predictions/encode_e2g_predictions_HCT116_ENCSR000ENM_ENCFF573OPJ_thresholded_predictions.tsv.gz	syn55174097	syn55174094	syn55174091	syn55174090
HCT116_ENCSR129EWE_ENCFF435JYN	ENCFF118WQF, ENCFF708EPH	alignments, alignments	ENCFF435JYN	/scratch/users/agschwin/encode_re2g/dhs_hic/thresholded_bigInteract/encode_e2g_predictions_HCT116_ENCSR129EWE_ENCFF435JYN_thresholded_predictions.bigInteract	/scratch/users/agschwin/encode_re2g/dhs_hic/full_predictions/encode_e2g_predictions_HCT116_ENCSR129EWE_ENCFF435JYN_full_predictions.tsv.gz	/scratch/users/agschwin/encode_re2g/dhs_hic/thresholded_bedpe/encode_e2g_predictions_HCT116_ENCSR129EWE_ENCFF435JYN_thresholded_predictions.bedpe.gz	/scratch/users/agschwin/encode_re2g/dhs_hic/thresholded_predictions/encode_e2g_predictions_HCT116_ENCSR129EWE_ENCFF435JYN_thresholded_predictions.tsv.gz	syn55174102	syn55174099	syn55174096	syn55174095
HCT116_ENCSR694YJR_ENCFF086ORS	ENCFF213KGB, ENCFF191GDK	alignments, alignments	ENCFF086ORS	/scratch/users/agschwin/encode_re2g/dhs_hic/thresholded_bigInteract/encode_e2g_predictions_HCT116_ENCSR694YJR_ENCFF086ORS_thresholded_predictions.bigInteract	/scratch/users/agschwin/encode_re2g/dhs_hic/full_predictions/encode_e2g_predictions_HCT116_ENCSR694YJR_ENCFF086ORS_full_predictions.tsv.gz	/scratch/users/agschwin/encode_re2g/dhs_hic/thresholded_bedpe/encode_e2g_predictions_HCT116_ENCSR694YJR_ENCFF086ORS_thresholded_predictions.bedpe.gz	/scratch/users/agschwin/encode_re2g/dhs_hic/thresholded_predictions/encode_e2g_predictions_HCT116_ENCSR694YJR_ENCFF086ORS_thresholded_predictions.tsv.gz	syn55174107	syn55174103	syn55174101	syn55174100
HCT116_ENCSR878VJL_ENCFF534TYD	ENCFF028XIT, ENCFF139MVW	alignments, alignments	ENCFF534TYD	/scratch/users/agschwin/encode_re2g/dhs_hic/thresholded_bigInteract/encode_e2g_predictions_HCT116_ENCSR878VJL_ENCFF534TYD_thresholded_predictions.bigInteract	/scratch/users/agschwin/encode_re2g/dhs_hic/full_predictions/encode_e2g_predictions_HCT116_ENCSR878VJL_ENCFF534TYD_full_predictions.tsv.gz	/scratch/users/agschwin/encode_re2g/dhs_hic/thresholded_bedpe/encode_e2g_predictions_HCT116_ENCSR878VJL_ENCFF534TYD_thresholded_predictions.bedpe.gz	/scratch/users/agschwin/encode_re2g/dhs_hic/thresholded_predictions/encode_e2g_predictions_HCT116_ENCSR878VJL_ENCFF534TYD_thresholded_predictions.tsv.gz	syn55174111	syn55174108	syn55174105	syn55174104
HCT116_ENCSR795ZKB_ENCFF434XQU	ENCFF076SWD, ENCFF454IID	alignments, alignments	ENCFF434XQU	/scratch/users/agschwin/encode_re2g/dhs_hic/thresholded_bigInteract/encode_e2g_predictions_HCT116_ENCSR795ZKB_ENCFF434XQU_thresholded_predictions.bigInteract	/scratch/users/agschwin/encode_re2g/dhs_hic/full_predictions/encode_e2g_predictions_HCT116_ENCSR795ZKB_ENCFF434XQU_full_predictions.tsv.gz	/scratch/users/agschwin/encode_re2g/dhs_hic/thresholded_bedpe/encode_e2g_predictions_HCT116_ENCSR795ZKB_ENCFF434XQU_thresholded_predictions.bedpe.gz	/scratch/users/agschwin/encode_re2g/dhs_hic/thresholded_predictions/encode_e2g_predictions_HCT116_ENCSR795ZKB_ENCFF434XQU_thresholded_predictions.tsv.gz	syn55174117	syn55174112	syn55174110	syn55174109
HCT116_ENCSR542UWN_ENCFF912NDK	ENCFF121EVV, ENCFF720KAC	alignments, alignments	ENCFF912NDK	/scratch/users/agschwin/encode_re2g/dhs_hic/thresholded_bigInteract/encode_e2g_predictions_HCT116_ENCSR542UWN_ENCFF912NDK_thresholded_predictions.bigInteract	/scratch/users/agschwin/encode_re2g/dhs_hic/full_predictions/encode_e2g_predictions_HCT116_ENCSR542UWN_ENCFF912NDK_full_predictions.tsv.gz	/scratch/users/agschwin/encode_re2g/dhs_hic/thresholded_bedpe/encode_e2g_predictions_HCT116_ENCSR542UWN_ENCFF912NDK_thresholded_predictions.bedpe.gz	/scratch/users/agschwin/encode_re2g/dhs_hic/thresholded_predictions/encode_e2g_predictions_HCT116_ENCSR542UWN_ENCFF912NDK_thresholded_predictions.tsv.gz	syn55174121	syn55174118	syn55174116	syn55174113
HCT116_ENCSR702VYW_ENCFF259YUS	ENCFF381UGQ, ENCFF556STX	alignments, alignments	ENCFF259YUS	/scratch/users/agschwin/encode_re2g/dhs_hic/thresholded_bigInteract/encode_e2g_predictions_HCT116_ENCSR702VYW_ENCFF259YUS_thresholded_predictions.bigInteract	/scratch/users/agschwin/encode_re2g/dhs_hic/full_predictions/encode_e2g_predictions_HCT116_ENCSR702VYW_ENCFF259YUS_full_predictions.tsv.gz	/scratch/users/agschwin/encode_re2g/dhs_hic/thresholded_bedpe/encode_e2g_predictions_HCT116_ENCSR702VYW_ENCFF259YUS_thresholded_predictions.bedpe.gz	/scratch/users/agschwin/encode_re2g/dhs_hic/thresholded_predictions/encode_e2g_predictions_HCT116_ENCSR702VYW_ENCFF259YUS_thresholded_predictions.tsv.gz	syn55174126	syn55174122	syn55174120	syn55174119
HCT116_ENCSR690ADK_ENCFF700DEX	ENCFF523QDP	alignments	ENCFF700DEX	/scratch/users/agschwin/encode_re2g/dhs_hic/thresholded_bigInteract/encode_e2g_predictions_HCT116_ENCSR690ADK_ENCFF700DEX_thresholded_predictions.bigInteract	/scratch/users/agschwin/encode_re2g/dhs_hic/full_predictions/encode_e2g_predictions_HCT116_ENCSR690ADK_ENCFF700DEX_full_predictions.tsv.gz	/scratch/users/agschwin/encode_re2g/dhs_hic/thresholded_bedpe/encode_e2g_predictions_HCT116_ENCSR690ADK_ENCFF700DEX_thresholded_predictions.bedpe.gz	/scratch/users/agschwin/encode_re2g/dhs_hic/thresholded_predictions/encode_e2g_predictions_HCT116_ENCSR690ADK_ENCFF700DEX_thresholded_predictions.tsv.gz	syn55174130	syn55174127	syn55174125	syn55174123
HCT116_ENCSR521WNU_ENCFF016JKX	ENCFF621YTZ, ENCFF587DHQ	alignments, alignments	ENCFF016JKX	/scratch/users/agschwin/encode_re2g/dhs_hic/thresholded_bigInteract/encode_e2g_predictions_HCT116_ENCSR521WNU_ENCFF016JKX_thresholded_predictions.bigInteract	/scratch/users/agschwin/encode_re2g/dhs_hic/full_predictions/encode_e2g_predictions_HCT116_ENCSR521WNU_ENCFF016JKX_full_predictions.tsv.gz	/scratch/users/agschwin/encode_re2g/dhs_hic/thresholded_bedpe/encode_e2g_predictions_HCT116_ENCSR521WNU_ENCFF016JKX_thresholded_predictions.bedpe.gz	/scratch/users/agschwin/encode_re2g/dhs_hic/thresholded_predictions/encode_e2g_predictions_HCT116_ENCSR521WNU_ENCFF016JKX_thresholded_predictions.tsv.gz	syn55174136	syn55174132	syn55174129	syn55174128
HCT116_ENCSR823GSV_ENCFF528XGK	ENCFF545ONU	alignments	ENCFF528XGK	/scratch/users/agschwin/encode_re2g/dhs_hic/thresholded_bigInteract/encode_e2g_predictions_HCT116_ENCSR823GSV_ENCFF528XGK_thresholded_predictions.bigInteract	/scratch/users/agschwin/encode_re2g/dhs_hic/full_predictions/encode_e2g_predictions_HCT116_ENCSR823GSV_ENCFF528XGK_full_predictions.tsv.gz	/scratch/users/agschwin/encode_re2g/dhs_hic/thresholded_bedpe/encode_e2g_predictions_HCT116_ENCSR823GSV_ENCFF528XGK_thresholded_predictions.bedpe.gz	/scratch/users/agschwin/encode_re2g/dhs_hic/thresholded_predictions/encode_e2g_predictions_HCT116_ENCSR823GSV_ENCFF528XGK_thresholded_predictions.tsv.gz	syn55174140	syn55174137	syn55174135	syn55174133
HepG2_ENCSR149XIL_ENCFF807IRK	ENCFF474LSZ, ENCFF839SPF	alignments, alignments	ENCFF807IRK	/scratch/users/agschwin/encode_re2g/dhs_hic/thresholded_bigInteract/encode_e2g_predictions_HepG2_ENCSR149XIL_ENCFF807IRK_thresholded_predictions.bigInteract	/scratch/users/agschwin/encode_re2g/dhs_hic/full_predictions/encode_e2g_predictions_HepG2_ENCSR149XIL_ENCFF807IRK_full_predictions.tsv.gz	/scratch/users/agschwin/encode_re2g/dhs_hic/thresholded_bedpe/encode_e2g_predictions_HepG2_ENCSR149XIL_ENCFF807IRK_thresholded_predictions.bedpe.gz	/scratch/users/agschwin/encode_re2g/dhs_hic/thresholded_predictions/encode_e2g_predictions_HepG2_ENCSR149XIL_ENCFF807IRK_thresholded_predictions.tsv.gz	syn55174145	syn55174141	syn55174139	syn55174138
IMR-90_ENCSR000EKG_ENCFF281ILS	ENCFF361OWP	unfiltered alignments	ENCFF281ILS	/scratch/users/agschwin/encode_re2g/dhs_hic/thresholded_bigInteract/encode_e2g_predictions_IMR-90_ENCSR000EKG_ENCFF281ILS_thresholded_predictions.bigInteract	/scratch/users/agschwin/encode_re2g/dhs_hic/full_predictions/encode_e2g_predictions_IMR-90_ENCSR000EKG_ENCFF281ILS_full_predictions.tsv.gz	/scratch/users/agschwin/encode_re2g/dhs_hic/thresholded_bedpe/encode_e2g_predictions_IMR-90_ENCSR000EKG_ENCFF281ILS_thresholded_predictions.bedpe.gz	/scratch/users/agschwin/encode_re2g/dhs_hic/thresholded_predictions/encode_e2g_predictions_IMR-90_ENCSR000EKG_ENCFF281ILS_thresholded_predictions.tsv.gz	syn55174149	syn55174146	syn55174144	syn55174142
K562_ENCSR000EOT_ENCFF621AIY	ENCFF325RTP, ENCFF860XAE	unfiltered alignments, unfiltered alignments	ENCFF621AIY	/scratch/users/agschwin/encode_re2g/dhs_hic/thresholded_bigInteract/encode_e2g_predictions_K562_ENCSR000EOT_ENCFF621AIY_thresholded_predictions.bigInteract	/scratch/users/agschwin/encode_re2g/dhs_hic/full_predictions/encode_e2g_predictions_K562_ENCSR000EOT_ENCFF621AIY_full_predictions.tsv.gz	/scratch/users/agschwin/encode_re2g/dhs_hic/thresholded_bedpe/encode_e2g_predictions_K562_ENCSR000EOT_ENCFF621AIY_thresholded_predictions.bedpe.gz	/scratch/users/agschwin/encode_re2g/dhs_hic/thresholded_predictions/encode_e2g_predictions_K562_ENCSR000EOT_ENCFF621AIY_thresholded_predictions.tsv.gz	syn55174155	syn55174151	syn55174148	syn55174147
MCF_10A_ENCSR789VGQ_ENCFF977XWK	ENCFF416UGH	unfiltered alignments	ENCFF977XWK	/scratch/users/agschwin/encode_re2g/dhs_hic/thresholded_bigInteract/encode_e2g_predictions_MCF_10A_ENCSR789VGQ_ENCFF977XWK_thresholded_predictions.bigInteract	/scratch/users/agschwin/encode_re2g/dhs_hic/full_predictions/encode_e2g_predictions_MCF_10A_ENCSR789VGQ_ENCFF977XWK_full_predictions.tsv.gz	/scratch/users/agschwin/encode_re2g/dhs_hic/thresholded_bedpe/encode_e2g_predictions_MCF_10A_ENCSR789VGQ_ENCFF977XWK_thresholded_predictions.bedpe.gz	/scratch/users/agschwin/encode_re2g/dhs_hic/thresholded_predictions/encode_e2g_predictions_MCF_10A_ENCSR789VGQ_ENCFF977XWK_thresholded_predictions.tsv.gz	syn55174158	syn55174156	syn55174154	syn55174152
MCF-7_ENCSR000EPH_ENCFF420JTA	ENCFF429VEC, ENCFF812YNL	unfiltered alignments, unfiltered alignments	ENCFF420JTA	/scratch/users/agschwin/encode_re2g/dhs_hic/thresholded_bigInteract/encode_e2g_predictions_MCF-7_ENCSR000EPH_ENCFF420JTA_thresholded_predictions.bigInteract	/scratch/users/agschwin/encode_re2g/dhs_hic/full_predictions/encode_e2g_predictions_MCF-7_ENCSR000EPH_ENCFF420JTA_full_predictions.tsv.gz	/scratch/users/agschwin/encode_re2g/dhs_hic/thresholded_bedpe/encode_e2g_predictions_MCF-7_ENCSR000EPH_ENCFF420JTA_thresholded_predictions.bedpe.gz	/scratch/users/agschwin/encode_re2g/dhs_hic/thresholded_predictions/encode_e2g_predictions_MCF-7_ENCSR000EPH_ENCFF420JTA_thresholded_predictions.tsv.gz	syn55174164	syn55174160	syn55174159	syn55174157
OCI-LY7_ENCSR489NAM_ENCFF480KLP	ENCFF643CGR, ENCFF210MMO	alignments, alignments	ENCFF480KLP	/scratch/users/agschwin/encode_re2g/dhs_hic/thresholded_bigInteract/encode_e2g_predictions_OCI-LY7_ENCSR489NAM_ENCFF480KLP_thresholded_predictions.bigInteract	/scratch/users/agschwin/encode_re2g/dhs_hic/full_predictions/encode_e2g_predictions_OCI-LY7_ENCSR489NAM_ENCFF480KLP_full_predictions.tsv.gz	/scratch/users/agschwin/encode_re2g/dhs_hic/thresholded_bedpe/encode_e2g_predictions_OCI-LY7_ENCSR489NAM_ENCFF480KLP_thresholded_predictions.bedpe.gz	/scratch/users/agschwin/encode_re2g/dhs_hic/thresholded_predictions/encode_e2g_predictions_OCI-LY7_ENCSR489NAM_ENCFF480KLP_thresholded_predictions.tsv.gz	syn55174169	syn55174165	syn55174163	syn55174162
PC-3_ENCSR052AWE_ENCFF322IBI	ENCFF197VOO, ENCFF695RSF	alignments, alignments	ENCFF322IBI	/scratch/users/agschwin/encode_re2g/dhs_hic/thresholded_bigInteract/encode_e2g_predictions_PC-3_ENCSR052AWE_ENCFF322IBI_thresholded_predictions.bigInteract	/scratch/users/agschwin/encode_re2g/dhs_hic/full_predictions/encode_e2g_predictions_PC-3_ENCSR052AWE_ENCFF322IBI_full_predictions.tsv.gz	/scratch/users/agschwin/encode_re2g/dhs_hic/thresholded_bedpe/encode_e2g_predictions_PC-3_ENCSR052AWE_ENCFF322IBI_thresholded_predictions.bedpe.gz	/scratch/users/agschwin/encode_re2g/dhs_hic/thresholded_predictions/encode_e2g_predictions_PC-3_ENCSR052AWE_ENCFF322IBI_thresholded_predictions.tsv.gz	syn55174174	syn55174171	syn55174168	syn55174166
PC-9_ENCSR781TYE_ENCFF181ROW	ENCFF658ARC, ENCFF389ZHQ	alignments, alignments	ENCFF181ROW	/scratch/users/agschwin/encode_re2g/dhs_hic/thresholded_bigInteract/encode_e2g_predictions_PC-9_ENCSR781TYE_ENCFF181ROW_thresholded_predictions.bigInteract	/scratch/users/agschwin/encode_re2g/dhs_hic/full_predictions/encode_e2g_predictions_PC-9_ENCSR781TYE_ENCFF181ROW_full_predictions.tsv.gz	/scratch/users/agschwin/encode_re2g/dhs_hic/thresholded_bedpe/encode_e2g_predictions_PC-9_ENCSR781TYE_ENCFF181ROW_thresholded_predictions.bedpe.gz	/scratch/users/agschwin/encode_re2g/dhs_hic/thresholded_predictions/encode_e2g_predictions_PC-9_ENCSR781TYE_ENCFF181ROW_thresholded_predictions.tsv.gz	syn55174179	syn55174175	syn55174173	syn55174172
Panc1_ENCSR000EPT_ENCFF522YLZ	ENCFF313EDO, ENCFF325RLI	unfiltered alignments, unfiltered alignments	ENCFF522YLZ	/scratch/users/agschwin/encode_re2g/dhs_hic/thresholded_bigInteract/encode_e2g_predictions_Panc1_ENCSR000EPT_ENCFF522YLZ_thresholded_predictions.bigInteract	/scratch/users/agschwin/encode_re2g/dhs_hic/full_predictions/encode_e2g_predictions_Panc1_ENCSR000EPT_ENCFF522YLZ_full_predictions.tsv.gz	/scratch/users/agschwin/encode_re2g/dhs_hic/thresholded_bedpe/encode_e2g_predictions_Panc1_ENCSR000EPT_ENCFF522YLZ_thresholded_predictions.bedpe.gz	/scratch/users/agschwin/encode_re2g/dhs_hic/thresholded_predictions/encode_e2g_predictions_Panc1_ENCSR000EPT_ENCFF522YLZ_thresholded_predictions.tsv.gz	syn55174183	syn55174180	syn55174178	syn55174176
Right_ventricle_myocardium_inferior_ENCSR085MZL_ENCFF842DUO	ENCFF353FPQ	alignments	ENCFF842DUO	/scratch/users/agschwin/encode_re2g/dhs_hic/thresholded_bigInteract/encode_e2g_predictions_Right_ventricle_myocardium_inferior_ENCSR085MZL_ENCFF842DUO_thresholded_predictions.bigInteract	/scratch/users/agschwin/encode_re2g/dhs_hic/full_predictions/encode_e2g_predictions_Right_ventricle_myocardium_inferior_ENCSR085MZL_ENCFF842DUO_full_predictions.tsv.gz	/scratch/users/agschwin/encode_re2g/dhs_hic/thresholded_bedpe/encode_e2g_predictions_Right_ventricle_myocardium_inferior_ENCSR085MZL_ENCFF842DUO_thresholded_predictions.bedpe.gz	/scratch/users/agschwin/encode_re2g/dhs_hic/thresholded_predictions/encode_e2g_predictions_Right_ventricle_myocardium_inferior_ENCSR085MZL_ENCFF842DUO_thresholded_predictions.tsv.gz	syn55174189	syn55174185	syn55174182	syn55174181
Right_ventricle_myocardium_superior_ENCSR895GSY_ENCFF273XBU	ENCFF710GZI	alignments	ENCFF273XBU	/scratch/users/agschwin/encode_re2g/dhs_hic/thresholded_bigInteract/encode_e2g_predictions_Right_ventricle_myocardium_superior_ENCSR895GSY_ENCFF273XBU_thresholded_predictions.bigInteract	/scratch/users/agschwin/encode_re2g/dhs_hic/full_predictions/encode_e2g_predictions_Right_ventricle_myocardium_superior_ENCSR895GSY_ENCFF273XBU_full_predictions.tsv.gz	/scratch/users/agschwin/encode_re2g/dhs_hic/thresholded_bedpe/encode_e2g_predictions_Right_ventricle_myocardium_superior_ENCSR895GSY_ENCFF273XBU_thresholded_predictions.bedpe.gz	/scratch/users/agschwin/encode_re2g/dhs_hic/thresholded_predictions/encode_e2g_predictions_Right_ventricle_myocardium_superior_ENCSR895GSY_ENCFF273XBU_thresholded_predictions.tsv.gz	syn55174193	syn55174190	syn55174187	syn55174186
T-helper_2_cell_ENCSR223XND_ENCFF029UAL	ENCFF966RTN	alignments	ENCFF029UAL	/scratch/users/agschwin/encode_re2g/dhs_hic/thresholded_bigInteract/encode_e2g_predictions_T-helper_2_cell_ENCSR223XND_ENCFF029UAL_thresholded_predictions.bigInteract	/scratch/users/agschwin/encode_re2g/dhs_hic/full_predictions/encode_e2g_predictions_T-helper_2_cell_ENCSR223XND_ENCFF029UAL_full_predictions.tsv.gz	/scratch/users/agschwin/encode_re2g/dhs_hic/thresholded_bedpe/encode_e2g_predictions_T-helper_2_cell_ENCSR223XND_ENCFF029UAL_thresholded_predictions.bedpe.gz	/scratch/users/agschwin/encode_re2g/dhs_hic/thresholded_predictions/encode_e2g_predictions_T-helper_2_cell_ENCSR223XND_ENCFF029UAL_thresholded_predictions.tsv.gz	syn55174198	syn55174194	syn55174192	syn55174191
activated_CD4-positive__alpha-beta_T_cell_ENCSR935HEI_ENCFF962EDB	ENCFF805CDT	alignments	ENCFF962EDB	/scratch/users/agschwin/encode_re2g/dhs_hic/thresholded_bigInteract/encode_e2g_predictions_activated_CD4-positive__alpha-beta_T_cell_ENCSR935HEI_ENCFF962EDB_thresholded_predictions.bigInteract	/scratch/users/agschwin/encode_re2g/dhs_hic/full_predictions/encode_e2g_predictions_activated_CD4-positive__alpha-beta_T_cell_ENCSR935HEI_ENCFF962EDB_full_predictions.tsv.gz	/scratch/users/agschwin/encode_re2g/dhs_hic/thresholded_bedpe/encode_e2g_predictions_activated_CD4-positive__alpha-beta_T_cell_ENCSR935HEI_ENCFF962EDB_thresholded_predictions.bedpe.gz	/scratch/users/agschwin/encode_re2g/dhs_hic/thresholded_predictions/encode_e2g_predictions_activated_CD4-positive__alpha-beta_T_cell_ENCSR935HEI_ENCFF962EDB_thresholded_predictions.tsv.gz	syn55174203	syn55174199	syn55174197	syn55174195
activated_CD4-positive__alpha-beta_T_cell_ENCSR365CUB_ENCFF355VJW	ENCFF474YVS	alignments	ENCFF355VJW	/scratch/users/agschwin/encode_re2g/dhs_hic/thresholded_bigInteract/encode_e2g_predictions_activated_CD4-positive__alpha-beta_T_cell_ENCSR365CUB_ENCFF355VJW_thresholded_predictions.bigInteract	/scratch/users/agschwin/encode_re2g/dhs_hic/full_predictions/encode_e2g_predictions_activated_CD4-positive__alpha-beta_T_cell_ENCSR365CUB_ENCFF355VJW_full_predictions.tsv.gz	/scratch/users/agschwin/encode_re2g/dhs_hic/thresholded_bedpe/encode_e2g_predictions_activated_CD4-positive__alpha-beta_T_cell_ENCSR365CUB_ENCFF355VJW_thresholded_predictions.bedpe.gz	/scratch/users/agschwin/encode_re2g/dhs_hic/thresholded_predictions/encode_e2g_predictions_activated_CD4-positive__alpha-beta_T_cell_ENCSR365CUB_ENCFF355VJW_thresholded_predictions.tsv.gz	syn55174208	syn55174202	syn55174201	syn55174200
activated_CD4-positive__alpha-beta_memory_T_cell_ENCSR021YFW_ENCFF980NXK	ENCFF996KZH	alignments	ENCFF980NXK	/scratch/users/agschwin/encode_re2g/dhs_hic/thresholded_bigInteract/encode_e2g_predictions_activated_CD4-positive__alpha-beta_memory_T_cell_ENCSR021YFW_ENCFF980NXK_thresholded_predictions.bigInteract	/scratch/users/agschwin/encode_re2g/dhs_hic/full_predictions/encode_e2g_predictions_activated_CD4-positive__alpha-beta_memory_T_cell_ENCSR021YFW_ENCFF980NXK_full_predictions.tsv.gz	/scratch/users/agschwin/encode_re2g/dhs_hic/thresholded_bedpe/encode_e2g_predictions_activated_CD4-positive__alpha-beta_memory_T_cell_ENCSR021YFW_ENCFF980NXK_thresholded_predictions.bedpe.gz	/scratch/users/agschwin/encode_re2g/dhs_hic/thresholded_predictions/encode_e2g_predictions_activated_CD4-positive__alpha-beta_memory_T_cell_ENCSR021YFW_ENCFF980NXK_thresholded_predictions.tsv.gz	syn55174212	syn55174207	syn55174205	syn55174204
activated_CD8-positive__alpha-beta_T_cell_ENCSR294YEJ_ENCFF493SFI	ENCFF511NLD	alignments	ENCFF493SFI	/scratch/users/agschwin/encode_re2g/dhs_hic/thresholded_bigInteract/encode_e2g_predictions_activated_CD8-positive__alpha-beta_T_cell_ENCSR294YEJ_ENCFF493SFI_thresholded_predictions.bigInteract	/scratch/users/agschwin/encode_re2g/dhs_hic/full_predictions/encode_e2g_predictions_activated_CD8-positive__alpha-beta_T_cell_ENCSR294YEJ_ENCFF493SFI_full_predictions.tsv.gz	/scratch/users/agschwin/encode_re2g/dhs_hic/thresholded_bedpe/encode_e2g_predictions_activated_CD8-positive__alpha-beta_T_cell_ENCSR294YEJ_ENCFF493SFI_thresholded_predictions.bedpe.gz	/scratch/users/agschwin/encode_re2g/dhs_hic/thresholded_predictions/encode_e2g_predictions_activated_CD8-positive__alpha-beta_T_cell_ENCSR294YEJ_ENCFF493SFI_thresholded_predictions.tsv.gz	syn55174217	syn55174213	syn55174211	syn55174209
activated_T-helper_2_cell_ENCSR780ABS_ENCFF687ATD	ENCFF612MMX	alignments	ENCFF687ATD	/scratch/users/agschwin/encode_re2g/dhs_hic/thresholded_bigInteract/encode_e2g_predictions_activated_T-helper_2_cell_ENCSR780ABS_ENCFF687ATD_thresholded_predictions.bigInteract	/scratch/users/agschwin/encode_re2g/dhs_hic/full_predictions/encode_e2g_predictions_activated_T-helper_2_cell_ENCSR780ABS_ENCFF687ATD_full_predictions.tsv.gz	/scratch/users/agschwin/encode_re2g/dhs_hic/thresholded_bedpe/encode_e2g_predictions_activated_T-helper_2_cell_ENCSR780ABS_ENCFF687ATD_thresholded_predictions.bedpe.gz	/scratch/users/agschwin/encode_re2g/dhs_hic/thresholded_predictions/encode_e2g_predictions_activated_T-helper_2_cell_ENCSR780ABS_ENCFF687ATD_thresholded_predictions.tsv.gz	syn55174221	syn55174218	syn55174215	syn55174214
activated_naive_CD4-positive__alpha-beta_T_cell_ENCSR478SWA_ENCFF571GTF	ENCFF636CPJ	alignments	ENCFF571GTF	/scratch/users/agschwin/encode_re2g/dhs_hic/thresholded_bigInteract/encode_e2g_predictions_activated_naive_CD4-positive__alpha-beta_T_cell_ENCSR478SWA_ENCFF571GTF_thresholded_predictions.bigInteract	/scratch/users/agschwin/encode_re2g/dhs_hic/full_predictions/encode_e2g_predictions_activated_naive_CD4-positive__alpha-beta_T_cell_ENCSR478SWA_ENCFF571GTF_full_predictions.tsv.gz	/scratch/users/agschwin/encode_re2g/dhs_hic/thresholded_bedpe/encode_e2g_predictions_activated_naive_CD4-positive__alpha-beta_T_cell_ENCSR478SWA_ENCFF571GTF_thresholded_predictions.bedpe.gz	/scratch/users/agschwin/encode_re2g/dhs_hic/thresholded_predictions/encode_e2g_predictions_activated_naive_CD4-positive__alpha-beta_T_cell_ENCSR478SWA_ENCFF571GTF_thresholded_predictions.tsv.gz	syn55174226	syn55174222	syn55174220	syn55174219
adrenal_gland_ENCSR325FWM_ENCFF499BVX	ENCFF683WUB	alignments	ENCFF499BVX	/scratch/users/agschwin/encode_re2g/dhs_hic/thresholded_bigInteract/encode_e2g_predictions_adrenal_gland_ENCSR325FWM_ENCFF499BVX_thresholded_predictions.bigInteract	/scratch/users/agschwin/encode_re2g/dhs_hic/full_predictions/encode_e2g_predictions_adrenal_gland_ENCSR325FWM_ENCFF499BVX_full_predictions.tsv.gz	/scratch/users/agschwin/encode_re2g/dhs_hic/thresholded_bedpe/encode_e2g_predictions_adrenal_gland_ENCSR325FWM_ENCFF499BVX_thresholded_predictions.bedpe.gz	/scratch/users/agschwin/encode_re2g/dhs_hic/thresholded_predictions/encode_e2g_predictions_adrenal_gland_ENCSR325FWM_ENCFF499BVX_thresholded_predictions.tsv.gz	syn55174231	syn55174227	syn55174225	syn55174223
aorta_ENCSR595DQM_ENCFF493YNC	ENCFF934AZP	alignments	ENCFF493YNC	/scratch/users/agschwin/encode_re2g/dhs_hic/thresholded_bigInteract/encode_e2g_predictions_aorta_ENCSR595DQM_ENCFF493YNC_thresholded_predictions.bigInteract	/scratch/users/agschwin/encode_re2g/dhs_hic/full_predictions/encode_e2g_predictions_aorta_ENCSR595DQM_ENCFF493YNC_full_predictions.tsv.gz	/scratch/users/agschwin/encode_re2g/dhs_hic/thresholded_bedpe/encode_e2g_predictions_aorta_ENCSR595DQM_ENCFF493YNC_thresholded_predictions.bedpe.gz	/scratch/users/agschwin/encode_re2g/dhs_hic/thresholded_predictions/encode_e2g_predictions_aorta_ENCSR595DQM_ENCFF493YNC_thresholded_predictions.tsv.gz	syn55174237	syn55174232	syn55174230	syn55174229
aorta_ENCSR713KNQ_ENCFF791UZC	ENCFF381CDO	alignments	ENCFF791UZC	/scratch/users/agschwin/encode_re2g/dhs_hic/thresholded_bigInteract/encode_e2g_predictions_aorta_ENCSR713KNQ_ENCFF791UZC_thresholded_predictions.bigInteract	/scratch/users/agschwin/encode_re2g/dhs_hic/full_predictions/encode_e2g_predictions_aorta_ENCSR713KNQ_ENCFF791UZC_full_predictions.tsv.gz	/scratch/users/agschwin/encode_re2g/dhs_hic/thresholded_bedpe/encode_e2g_predictions_aorta_ENCSR713KNQ_ENCFF791UZC_thresholded_predictions.bedpe.gz	/scratch/users/agschwin/encode_re2g/dhs_hic/thresholded_predictions/encode_e2g_predictions_aorta_ENCSR713KNQ_ENCFF791UZC_thresholded_predictions.tsv.gz	syn55174240	syn55174236	syn55174235	syn55174234
ascending_aorta_ENCSR968TPO_ENCFF558DYU	ENCFF361GMH	alignments	ENCFF558DYU	/scratch/users/agschwin/encode_re2g/dhs_hic/thresholded_bigInteract/encode_e2g_predictions_ascending_aorta_ENCSR968TPO_ENCFF558DYU_thresholded_predictions.bigInteract	/scratch/users/agschwin/encode_re2g/dhs_hic/full_predictions/encode_e2g_predictions_ascending_aorta_ENCSR968TPO_ENCFF558DYU_full_predictions.tsv.gz	/scratch/users/agschwin/encode_re2g/dhs_hic/thresholded_bedpe/encode_e2g_predictions_ascending_aorta_ENCSR968TPO_ENCFF558DYU_thresholded_predictions.bedpe.gz	/scratch/users/agschwin/encode_re2g/dhs_hic/thresholded_predictions/encode_e2g_predictions_ascending_aorta_ENCSR968TPO_ENCFF558DYU_thresholded_predictions.tsv.gz	syn55174245	syn55174241	syn55174239	syn55174238
body_of_pancreas_ENCSR828FVZ_ENCFF140ROU	ENCFF135KGR	alignments	ENCFF140ROU	/scratch/users/agschwin/encode_re2g/dhs_hic/thresholded_bigInteract/encode_e2g_predictions_body_of_pancreas_ENCSR828FVZ_ENCFF140ROU_thresholded_predictions.bigInteract	/scratch/users/agschwin/encode_re2g/dhs_hic/full_predictions/encode_e2g_predictions_body_of_pancreas_ENCSR828FVZ_ENCFF140ROU_full_predictions.tsv.gz	/scratch/users/agschwin/encode_re2g/dhs_hic/thresholded_bedpe/encode_e2g_predictions_body_of_pancreas_ENCSR828FVZ_ENCFF140ROU_thresholded_predictions.bedpe.gz	/scratch/users/agschwin/encode_re2g/dhs_hic/thresholded_predictions/encode_e2g_predictions_body_of_pancreas_ENCSR828FVZ_ENCFF140ROU_thresholded_predictions.tsv.gz	syn55174249	syn55174246	syn55174244	syn55174243
cardiac_septum_ENCSR524QBS_ENCFF081PMO	ENCFF478AUS	alignments	ENCFF081PMO	/scratch/users/agschwin/encode_re2g/dhs_hic/thresholded_bigInteract/encode_e2g_predictions_cardiac_septum_ENCSR524QBS_ENCFF081PMO_thresholded_predictions.bigInteract	/scratch/users/agschwin/encode_re2g/dhs_hic/full_predictions/encode_e2g_predictions_cardiac_septum_ENCSR524QBS_ENCFF081PMO_full_predictions.tsv.gz	/scratch/users/agschwin/encode_re2g/dhs_hic/thresholded_bedpe/encode_e2g_predictions_cardiac_septum_ENCSR524QBS_ENCFF081PMO_thresholded_predictions.bedpe.gz	/scratch/users/agschwin/encode_re2g/dhs_hic/thresholded_predictions/encode_e2g_predictions_cardiac_septum_ENCSR524QBS_ENCFF081PMO_thresholded_predictions.tsv.gz	syn55174254	syn55174250	syn55174248	syn55174247
colonic_mucosa_ENCSR994KTY_ENCFF355NFJ	ENCFF018RLE	alignments	ENCFF355NFJ	/scratch/users/agschwin/encode_re2g/dhs_hic/thresholded_bigInteract/encode_e2g_predictions_colonic_mucosa_ENCSR994KTY_ENCFF355NFJ_thresholded_predictions.bigInteract	/scratch/users/agschwin/encode_re2g/dhs_hic/full_predictions/encode_e2g_predictions_colonic_mucosa_ENCSR994KTY_ENCFF355NFJ_full_predictions.tsv.gz	/scratch/users/agschwin/encode_re2g/dhs_hic/thresholded_bedpe/encode_e2g_predictions_colonic_mucosa_ENCSR994KTY_ENCFF355NFJ_thresholded_predictions.bedpe.gz	/scratch/users/agschwin/encode_re2g/dhs_hic/thresholded_predictions/encode_e2g_predictions_colonic_mucosa_ENCSR994KTY_ENCFF355NFJ_thresholded_predictions.tsv.gz	syn55174259	syn55174255	syn55174256	syn55174252
dorsolateral_prefrontal_cortex_ENCSR401UZL_ENCFF925QIF	ENCFF301WKE	alignments	ENCFF925QIF	/scratch/users/agschwin/encode_re2g/dhs_hic/thresholded_bigInteract/encode_e2g_predictions_dorsolateral_prefrontal_cortex_ENCSR401UZL_ENCFF925QIF_thresholded_predictions.bigInteract	/scratch/users/agschwin/encode_re2g/dhs_hic/full_predictions/encode_e2g_predictions_dorsolateral_prefrontal_cortex_ENCSR401UZL_ENCFF925QIF_full_predictions.tsv.gz	/scratch/users/agschwin/encode_re2g/dhs_hic/thresholded_bedpe/encode_e2g_predictions_dorsolateral_prefrontal_cortex_ENCSR401UZL_ENCFF925QIF_thresholded_predictions.bedpe.gz	/scratch/users/agschwin/encode_re2g/dhs_hic/thresholded_predictions/encode_e2g_predictions_dorsolateral_prefrontal_cortex_ENCSR401UZL_ENCFF925QIF_thresholded_predictions.tsv.gz	syn55174264	syn55174260	syn55174258	syn55174257
endothelial_cell_of_umbilical_vein_ENCSR000EOQ_ENCFF783KQI	ENCFF529QDQ, ENCFF016SEB	unfiltered alignments, unfiltered alignments	ENCFF783KQI	/scratch/users/agschwin/encode_re2g/dhs_hic/thresholded_bigInteract/encode_e2g_predictions_endothelial_cell_of_umbilical_vein_ENCSR000EOQ_ENCFF783KQI_thresholded_predictions.bigInteract	/scratch/users/agschwin/encode_re2g/dhs_hic/full_predictions/encode_e2g_predictions_endothelial_cell_of_umbilical_vein_ENCSR000EOQ_ENCFF783KQI_full_predictions.tsv.gz	/scratch/users/agschwin/encode_re2g/dhs_hic/thresholded_bedpe/encode_e2g_predictions_endothelial_cell_of_umbilical_vein_ENCSR000EOQ_ENCFF783KQI_thresholded_predictions.bedpe.gz	/scratch/users/agschwin/encode_re2g/dhs_hic/thresholded_predictions/encode_e2g_predictions_endothelial_cell_of_umbilical_vein_ENCSR000EOQ_ENCFF783KQI_thresholded_predictions.tsv.gz	syn55174268	syn55174265	syn55174263	syn55174262
esophagus_muscularis_mucosa_ENCSR944JCE_ENCFF458VBB	ENCFF505FWC	alignments	ENCFF458VBB	/scratch/users/agschwin/encode_re2g/dhs_hic/thresholded_bigInteract/encode_e2g_predictions_esophagus_muscularis_mucosa_ENCSR944JCE_ENCFF458VBB_thresholded_predictions.bigInteract	/scratch/users/agschwin/encode_re2g/dhs_hic/full_predictions/encode_e2g_predictions_esophagus_muscularis_mucosa_ENCSR944JCE_ENCFF458VBB_full_predictions.tsv.gz	/scratch/users/agschwin/encode_re2g/dhs_hic/thresholded_bedpe/encode_e2g_predictions_esophagus_muscularis_mucosa_ENCSR944JCE_ENCFF458VBB_thresholded_predictions.bedpe.gz	/scratch/users/agschwin/encode_re2g/dhs_hic/thresholded_predictions/encode_e2g_predictions_esophagus_muscularis_mucosa_ENCSR944JCE_ENCFF458VBB_thresholded_predictions.tsv.gz	syn55174274	syn55174270	syn55174267	syn55174266
esophagus_squamous_epithelium_ENCSR783OCW_ENCFF224HKR	ENCFF104MIA	alignments	ENCFF224HKR	/scratch/users/agschwin/encode_re2g/dhs_hic/thresholded_bigInteract/encode_e2g_predictions_esophagus_squamous_epithelium_ENCSR783OCW_ENCFF224HKR_thresholded_predictions.bigInteract	/scratch/users/agschwin/encode_re2g/dhs_hic/full_predictions/encode_e2g_predictions_esophagus_squamous_epithelium_ENCSR783OCW_ENCFF224HKR_full_predictions.tsv.gz	/scratch/users/agschwin/encode_re2g/dhs_hic/thresholded_bedpe/encode_e2g_predictions_esophagus_squamous_epithelium_ENCSR783OCW_ENCFF224HKR_thresholded_predictions.bedpe.gz	/scratch/users/agschwin/encode_re2g/dhs_hic/thresholded_predictions/encode_e2g_predictions_esophagus_squamous_epithelium_ENCSR783OCW_ENCFF224HKR_thresholded_predictions.tsv.gz	syn55174279	syn55174275	syn55174273	syn55174272
head_of_caudate_nucleus_ENCSR116UQH_ENCFF711XSR	ENCFF829OIX	alignments	ENCFF711XSR	/scratch/users/agschwin/encode_re2g/dhs_hic/thresholded_bigInteract/encode_e2g_predictions_head_of_caudate_nucleus_ENCSR116UQH_ENCFF711XSR_thresholded_predictions.bigInteract	/scratch/users/agschwin/encode_re2g/dhs_hic/full_predictions/encode_e2g_predictions_head_of_caudate_nucleus_ENCSR116UQH_ENCFF711XSR_full_predictions.tsv.gz	/scratch/users/agschwin/encode_re2g/dhs_hic/thresholded_bedpe/encode_e2g_predictions_head_of_caudate_nucleus_ENCSR116UQH_ENCFF711XSR_thresholded_predictions.bedpe.gz	/scratch/users/agschwin/encode_re2g/dhs_hic/thresholded_predictions/encode_e2g_predictions_head_of_caudate_nucleus_ENCSR116UQH_ENCFF711XSR_thresholded_predictions.tsv.gz	syn55174283	syn55174280	syn55174278	syn55174276
heart_left_ventricle_ENCSR598RVJ_ENCFF341WOY	ENCFF682TBE	alignments	ENCFF341WOY	/scratch/users/agschwin/encode_re2g/dhs_hic/thresholded_bigInteract/encode_e2g_predictions_heart_left_ventricle_ENCSR598RVJ_ENCFF341WOY_thresholded_predictions.bigInteract	/scratch/users/agschwin/encode_re2g/dhs_hic/full_predictions/encode_e2g_predictions_heart_left_ventricle_ENCSR598RVJ_ENCFF341WOY_full_predictions.tsv.gz	/scratch/users/agschwin/encode_re2g/dhs_hic/thresholded_bedpe/encode_e2g_predictions_heart_left_ventricle_ENCSR598RVJ_ENCFF341WOY_thresholded_predictions.bedpe.gz	/scratch/users/agschwin/encode_re2g/dhs_hic/thresholded_predictions/encode_e2g_predictions_heart_left_ventricle_ENCSR598RVJ_ENCFF341WOY_thresholded_predictions.tsv.gz	syn55174289	syn55174284	syn55174282	syn55174281
heart_left_ventricle_ENCSR395HAE_ENCFF004YZQ	ENCFF154ILG	alignments	ENCFF004YZQ	/scratch/users/agschwin/encode_re2g/dhs_hic/thresholded_bigInteract/encode_e2g_predictions_heart_left_ventricle_ENCSR395HAE_ENCFF004YZQ_thresholded_predictions.bigInteract	/scratch/users/agschwin/encode_re2g/dhs_hic/full_predictions/encode_e2g_predictions_heart_left_ventricle_ENCSR395HAE_ENCFF004YZQ_full_predictions.tsv.gz	/scratch/users/agschwin/encode_re2g/dhs_hic/thresholded_bedpe/encode_e2g_predictions_heart_left_ventricle_ENCSR395HAE_ENCFF004YZQ_thresholded_predictions.bedpe.gz	/scratch/users/agschwin/encode_re2g/dhs_hic/thresholded_predictions/encode_e2g_predictions_heart_left_ventricle_ENCSR395HAE_ENCFF004YZQ_thresholded_predictions.tsv.gz	syn55174293	syn55174290	syn55174288	syn55174285
heart_left_ventricle_ENCSR222CLC_ENCFF556RLR	ENCFF284XQW	alignments	ENCFF556RLR	/scratch/users/agschwin/encode_re2g/dhs_hic/thresholded_bigInteract/encode_e2g_predictions_heart_left_ventricle_ENCSR222CLC_ENCFF556RLR_thresholded_predictions.bigInteract	/scratch/users/agschwin/encode_re2g/dhs_hic/full_predictions/encode_e2g_predictions_heart_left_ventricle_ENCSR222CLC_ENCFF556RLR_full_predictions.tsv.gz	/scratch/users/agschwin/encode_re2g/dhs_hic/thresholded_bedpe/encode_e2g_predictions_heart_left_ventricle_ENCSR222CLC_ENCFF556RLR_thresholded_predictions.bedpe.gz	/scratch/users/agschwin/encode_re2g/dhs_hic/thresholded_predictions/encode_e2g_predictions_heart_left_ventricle_ENCSR222CLC_ENCFF556RLR_thresholded_predictions.tsv.gz	syn55174298	syn55174295	syn55174292	syn55174291
heart_left_ventricle_ENCSR222CLC_ENCFF294GFP	ENCFF284XQW	alignments	ENCFF294GFP	/scratch/users/agschwin/encode_re2g/dhs_hic/thresholded_bigInteract/encode_e2g_predictions_heart_left_ventricle_ENCSR222CLC_ENCFF294GFP_thresholded_predictions.bigInteract	/scratch/users/agschwin/encode_re2g/dhs_hic/full_predictions/encode_e2g_predictions_heart_left_ventricle_ENCSR222CLC_ENCFF294GFP_full_predictions.tsv.gz	/scratch/users/agschwin/encode_re2g/dhs_hic/thresholded_bedpe/encode_e2g_predictions_heart_left_ventricle_ENCSR222CLC_ENCFF294GFP_thresholded_predictions.bedpe.gz	/scratch/users/agschwin/encode_re2g/dhs_hic/thresholded_predictions/encode_e2g_predictions_heart_left_ventricle_ENCSR222CLC_ENCFF294GFP_thresholded_predictions.tsv.gz	syn55174304	syn55174299	syn55174297	syn55174296
heart_left_ventricle_ENCSR395HAE_ENCFF546TZN	ENCFF154ILG	alignments	ENCFF546TZN	/scratch/users/agschwin/encode_re2g/dhs_hic/thresholded_bigInteract/encode_e2g_predictions_heart_left_ventricle_ENCSR395HAE_ENCFF546TZN_thresholded_predictions.bigInteract	/scratch/users/agschwin/encode_re2g/dhs_hic/full_predictions/encode_e2g_predictions_heart_left_ventricle_ENCSR395HAE_ENCFF546TZN_full_predictions.tsv.gz	/scratch/users/agschwin/encode_re2g/dhs_hic/thresholded_bedpe/encode_e2g_predictions_heart_left_ventricle_ENCSR395HAE_ENCFF546TZN_thresholded_predictions.bedpe.gz	/scratch/users/agschwin/encode_re2g/dhs_hic/thresholded_predictions/encode_e2g_predictions_heart_left_ventricle_ENCSR395HAE_ENCFF546TZN_thresholded_predictions.tsv.gz	syn55174308	syn55174305	syn55174301	syn55174300
heart_left_ventricle_ENCSR735NTV_ENCFF033WGK	ENCFF558NDU	alignments	ENCFF033WGK	/scratch/users/agschwin/encode_re2g/dhs_hic/thresholded_bigInteract/encode_e2g_predictions_heart_left_ventricle_ENCSR735NTV_ENCFF033WGK_thresholded_predictions.bigInteract	/scratch/users/agschwin/encode_re2g/dhs_hic/full_predictions/encode_e2g_predictions_heart_left_ventricle_ENCSR735NTV_ENCFF033WGK_full_predictions.tsv.gz	/scratch/users/agschwin/encode_re2g/dhs_hic/thresholded_bedpe/encode_e2g_predictions_heart_left_ventricle_ENCSR735NTV_ENCFF033WGK_thresholded_predictions.bedpe.gz	/scratch/users/agschwin/encode_re2g/dhs_hic/thresholded_predictions/encode_e2g_predictions_heart_left_ventricle_ENCSR735NTV_ENCFF033WGK_thresholded_predictions.tsv.gz	syn55174313	syn55174309	syn55174307	syn55174306
heart_left_ventricle_ENCSR747SEU_ENCFF193CQL	ENCFF041ZOJ	alignments	ENCFF193CQL	/scratch/users/agschwin/encode_re2g/dhs_hic/thresholded_bigInteract/encode_e2g_predictions_heart_left_ventricle_ENCSR747SEU_ENCFF193CQL_thresholded_predictions.bigInteract	/scratch/users/agschwin/encode_re2g/dhs_hic/full_predictions/encode_e2g_predictions_heart_left_ventricle_ENCSR747SEU_ENCFF193CQL_full_predictions.tsv.gz	/scratch/users/agschwin/encode_re2g/dhs_hic/thresholded_bedpe/encode_e2g_predictions_heart_left_ventricle_ENCSR747SEU_ENCFF193CQL_thresholded_predictions.bedpe.gz	/scratch/users/agschwin/encode_re2g/dhs_hic/thresholded_predictions/encode_e2g_predictions_heart_left_ventricle_ENCSR747SEU_ENCFF193CQL_thresholded_predictions.tsv.gz	syn55174317	syn55174314	syn55174311	syn55174310
heart_left_ventricle_ENCSR735NTV_ENCFF251VFA	ENCFF558NDU	alignments	ENCFF251VFA	/scratch/users/agschwin/encode_re2g/dhs_hic/thresholded_bigInteract/encode_e2g_predictions_heart_left_ventricle_ENCSR735NTV_ENCFF251VFA_thresholded_predictions.bigInteract	/scratch/users/agschwin/encode_re2g/dhs_hic/full_predictions/encode_e2g_predictions_heart_left_ventricle_ENCSR735NTV_ENCFF251VFA_full_predictions.tsv.gz	/scratch/users/agschwin/encode_re2g/dhs_hic/thresholded_bedpe/encode_e2g_predictions_heart_left_ventricle_ENCSR735NTV_ENCFF251VFA_thresholded_predictions.bedpe.gz	/scratch/users/agschwin/encode_re2g/dhs_hic/thresholded_predictions/encode_e2g_predictions_heart_left_ventricle_ENCSR735NTV_ENCFF251VFA_thresholded_predictions.tsv.gz	syn55174322	syn55174318	syn55174316	syn55174315
heart_left_ventricle_ENCSR299QGI_ENCFF643NDM	ENCFF631HMZ	alignments	ENCFF643NDM	/scratch/users/agschwin/encode_re2g/dhs_hic/thresholded_bigInteract/encode_e2g_predictions_heart_left_ventricle_ENCSR299QGI_ENCFF643NDM_thresholded_predictions.bigInteract	/scratch/users/agschwin/encode_re2g/dhs_hic/full_predictions/encode_e2g_predictions_heart_left_ventricle_ENCSR299QGI_ENCFF643NDM_full_predictions.tsv.gz	/scratch/users/agschwin/encode_re2g/dhs_hic/thresholded_bedpe/encode_e2g_predictions_heart_left_ventricle_ENCSR299QGI_ENCFF643NDM_thresholded_predictions.bedpe.gz	/scratch/users/agschwin/encode_re2g/dhs_hic/thresholded_predictions/encode_e2g_predictions_heart_left_ventricle_ENCSR299QGI_ENCFF643NDM_thresholded_predictions.tsv.gz	syn55174327	syn55174323	syn55174320	syn55174319
heart_left_ventricle_ENCSR598RVJ_ENCFF591MHA	ENCFF682TBE	alignments	ENCFF591MHA	/scratch/users/agschwin/encode_re2g/dhs_hic/thresholded_bigInteract/encode_e2g_predictions_heart_left_ventricle_ENCSR598RVJ_ENCFF591MHA_thresholded_predictions.bigInteract	/scratch/users/agschwin/encode_re2g/dhs_hic/full_predictions/encode_e2g_predictions_heart_left_ventricle_ENCSR598RVJ_ENCFF591MHA_full_predictions.tsv.gz	/scratch/users/agschwin/encode_re2g/dhs_hic/thresholded_bedpe/encode_e2g_predictions_heart_left_ventricle_ENCSR598RVJ_ENCFF591MHA_thresholded_predictions.bedpe.gz	/scratch/users/agschwin/encode_re2g/dhs_hic/thresholded_predictions/encode_e2g_predictions_heart_left_ventricle_ENCSR598RVJ_ENCFF591MHA_thresholded_predictions.tsv.gz	syn55174332	syn55174328	syn55174325	syn55174324
heart_right_ventricle_ENCSR356RNZ_ENCFF605CEN	ENCFF843ZFJ	alignments	ENCFF605CEN	/scratch/users/agschwin/encode_re2g/dhs_hic/thresholded_bigInteract/encode_e2g_predictions_heart_right_ventricle_ENCSR356RNZ_ENCFF605CEN_thresholded_predictions.bigInteract	/scratch/users/agschwin/encode_re2g/dhs_hic/full_predictions/encode_e2g_predictions_heart_right_ventricle_ENCSR356RNZ_ENCFF605CEN_full_predictions.tsv.gz	/scratch/users/agschwin/encode_re2g/dhs_hic/thresholded_bedpe/encode_e2g_predictions_heart_right_ventricle_ENCSR356RNZ_ENCFF605CEN_thresholded_predictions.bedpe.gz	/scratch/users/agschwin/encode_re2g/dhs_hic/thresholded_predictions/encode_e2g_predictions_heart_right_ventricle_ENCSR356RNZ_ENCFF605CEN_thresholded_predictions.tsv.gz	syn55174336	syn55174333	syn55174331	syn55174329
heart_right_ventricle_ENCSR214NLQ_ENCFF028RXH	ENCFF803BUE	alignments	ENCFF028RXH	/scratch/users/agschwin/encode_re2g/dhs_hic/thresholded_bigInteract/encode_e2g_predictions_heart_right_ventricle_ENCSR214NLQ_ENCFF028RXH_thresholded_predictions.bigInteract	/scratch/users/agschwin/encode_re2g/dhs_hic/full_predictions/encode_e2g_predictions_heart_right_ventricle_ENCSR214NLQ_ENCFF028RXH_full_predictions.tsv.gz	/scratch/users/agschwin/encode_re2g/dhs_hic/thresholded_bedpe/encode_e2g_predictions_heart_right_ventricle_ENCSR214NLQ_ENCFF028RXH_thresholded_predictions.bedpe.gz	/scratch/users/agschwin/encode_re2g/dhs_hic/thresholded_predictions/encode_e2g_predictions_heart_right_ventricle_ENCSR214NLQ_ENCFF028RXH_thresholded_predictions.tsv.gz	syn55174343	syn55174339	syn55174335	syn55174334
heart_right_ventricle_ENCSR928WMU_ENCFF545GBW	ENCFF850ISE	alignments	ENCFF545GBW	/scratch/users/agschwin/encode_re2g/dhs_hic/thresholded_bigInteract/encode_e2g_predictions_heart_right_ventricle_ENCSR928WMU_ENCFF545GBW_thresholded_predictions.bigInteract	/scratch/users/agschwin/encode_re2g/dhs_hic/full_predictions/encode_e2g_predictions_heart_right_ventricle_ENCSR928WMU_ENCFF545GBW_full_predictions.tsv.gz	/scratch/users/agschwin/encode_re2g/dhs_hic/thresholded_bedpe/encode_e2g_predictions_heart_right_ventricle_ENCSR928WMU_ENCFF545GBW_thresholded_predictions.bedpe.gz	/scratch/users/agschwin/encode_re2g/dhs_hic/thresholded_predictions/encode_e2g_predictions_heart_right_ventricle_ENCSR928WMU_ENCFF545GBW_thresholded_predictions.tsv.gz	syn55174347	syn55174344	syn55174342	syn55174341
heart_right_ventricle_ENCSR238FMP_ENCFF252ANV	ENCFF366VIM	alignments	ENCFF252ANV	/scratch/users/agschwin/encode_re2g/dhs_hic/thresholded_bigInteract/encode_e2g_predictions_heart_right_ventricle_ENCSR238FMP_ENCFF252ANV_thresholded_predictions.bigInteract	/scratch/users/agschwin/encode_re2g/dhs_hic/full_predictions/encode_e2g_predictions_heart_right_ventricle_ENCSR238FMP_ENCFF252ANV_full_predictions.tsv.gz	/scratch/users/agschwin/encode_re2g/dhs_hic/thresholded_bedpe/encode_e2g_predictions_heart_right_ventricle_ENCSR238FMP_ENCFF252ANV_thresholded_predictions.bedpe.gz	/scratch/users/agschwin/encode_re2g/dhs_hic/thresholded_predictions/encode_e2g_predictions_heart_right_ventricle_ENCSR238FMP_ENCFF252ANV_thresholded_predictions.tsv.gz	syn55174352	syn55174349	syn55174346	syn55174345
heart_right_ventricle_ENCSR298OIK_ENCFF965BPU	ENCFF287TWO	alignments	ENCFF965BPU	/scratch/users/agschwin/encode_re2g/dhs_hic/thresholded_bigInteract/encode_e2g_predictions_heart_right_ventricle_ENCSR298OIK_ENCFF965BPU_thresholded_predictions.bigInteract	/scratch/users/agschwin/encode_re2g/dhs_hic/full_predictions/encode_e2g_predictions_heart_right_ventricle_ENCSR298OIK_ENCFF965BPU_full_predictions.tsv.gz	/scratch/users/agschwin/encode_re2g/dhs_hic/thresholded_bedpe/encode_e2g_predictions_heart_right_ventricle_ENCSR298OIK_ENCFF965BPU_thresholded_predictions.bedpe.gz	/scratch/users/agschwin/encode_re2g/dhs_hic/thresholded_predictions/encode_e2g_predictions_heart_right_ventricle_ENCSR298OIK_ENCFF965BPU_thresholded_predictions.tsv.gz	syn55174356	syn55174353	syn55174351	syn55174350
heart_right_ventricle_ENCSR238FMP_ENCFF782WVZ	ENCFF366VIM	alignments	ENCFF782WVZ	/scratch/users/agschwin/encode_re2g/dhs_hic/thresholded_bigInteract/encode_e2g_predictions_heart_right_ventricle_ENCSR238FMP_ENCFF782WVZ_thresholded_predictions.bigInteract	/scratch/users/agschwin/encode_re2g/dhs_hic/full_predictions/encode_e2g_predictions_heart_right_ventricle_ENCSR238FMP_ENCFF782WVZ_full_predictions.tsv.gz	/scratch/users/agschwin/encode_re2g/dhs_hic/thresholded_bedpe/encode_e2g_predictions_heart_right_ventricle_ENCSR238FMP_ENCFF782WVZ_thresholded_predictions.bedpe.gz	/scratch/users/agschwin/encode_re2g/dhs_hic/thresholded_predictions/encode_e2g_predictions_heart_right_ventricle_ENCSR238FMP_ENCFF782WVZ_thresholded_predictions.tsv.gz	syn55174362	syn55174358	syn55174355	syn55174354
heart_right_ventricle_ENCSR792QQE_ENCFF467OGP	ENCFF153KXN	alignments	ENCFF467OGP	/scratch/users/agschwin/encode_re2g/dhs_hic/thresholded_bigInteract/encode_e2g_predictions_heart_right_ventricle_ENCSR792QQE_ENCFF467OGP_thresholded_predictions.bigInteract	/scratch/users/agschwin/encode_re2g/dhs_hic/full_predictions/encode_e2g_predictions_heart_right_ventricle_ENCSR792QQE_ENCFF467OGP_full_predictions.tsv.gz	/scratch/users/agschwin/encode_re2g/dhs_hic/thresholded_bedpe/encode_e2g_predictions_heart_right_ventricle_ENCSR792QQE_ENCFF467OGP_thresholded_predictions.bedpe.gz	/scratch/users/agschwin/encode_re2g/dhs_hic/thresholded_predictions/encode_e2g_predictions_heart_right_ventricle_ENCSR792QQE_ENCFF467OGP_thresholded_predictions.tsv.gz	syn55174366	syn55174363	syn55174360	syn55174359
heart_right_ventricle_ENCSR694LFE_ENCFF507WEW	ENCFF671AXT	alignments	ENCFF507WEW	/scratch/users/agschwin/encode_re2g/dhs_hic/thresholded_bigInteract/encode_e2g_predictions_heart_right_ventricle_ENCSR694LFE_ENCFF507WEW_thresholded_predictions.bigInteract	/scratch/users/agschwin/encode_re2g/dhs_hic/full_predictions/encode_e2g_predictions_heart_right_ventricle_ENCSR694LFE_ENCFF507WEW_full_predictions.tsv.gz	/scratch/users/agschwin/encode_re2g/dhs_hic/thresholded_bedpe/encode_e2g_predictions_heart_right_ventricle_ENCSR694LFE_ENCFF507WEW_thresholded_predictions.bedpe.gz	/scratch/users/agschwin/encode_re2g/dhs_hic/thresholded_predictions/encode_e2g_predictions_heart_right_ventricle_ENCSR694LFE_ENCFF507WEW_thresholded_predictions.tsv.gz	syn55174371	syn55174368	syn55174365	syn55174364
heart_right_ventricle_ENCSR211SUT_ENCFF663FRL	ENCFF305LFG	alignments	ENCFF663FRL	/scratch/users/agschwin/encode_re2g/dhs_hic/thresholded_bigInteract/encode_e2g_predictions_heart_right_ventricle_ENCSR211SUT_ENCFF663FRL_thresholded_predictions.bigInteract	/scratch/users/agschwin/encode_re2g/dhs_hic/full_predictions/encode_e2g_predictions_heart_right_ventricle_ENCSR211SUT_ENCFF663FRL_full_predictions.tsv.gz	/scratch/users/agschwin/encode_re2g/dhs_hic/thresholded_bedpe/encode_e2g_predictions_heart_right_ventricle_ENCSR211SUT_ENCFF663FRL_thresholded_predictions.bedpe.gz	/scratch/users/agschwin/encode_re2g/dhs_hic/thresholded_predictions/encode_e2g_predictions_heart_right_ventricle_ENCSR211SUT_ENCFF663FRL_thresholded_predictions.tsv.gz	syn55174375	syn55174372	syn55174370	syn55174369
heart_right_ventricle_ENCSR246VSO_ENCFF736ITL	ENCFF556BGQ	alignments	ENCFF736ITL	/scratch/users/agschwin/encode_re2g/dhs_hic/thresholded_bigInteract/encode_e2g_predictions_heart_right_ventricle_ENCSR246VSO_ENCFF736ITL_thresholded_predictions.bigInteract	/scratch/users/agschwin/encode_re2g/dhs_hic/full_predictions/encode_e2g_predictions_heart_right_ventricle_ENCSR246VSO_ENCFF736ITL_full_predictions.tsv.gz	/scratch/users/agschwin/encode_re2g/dhs_hic/thresholded_bedpe/encode_e2g_predictions_heart_right_ventricle_ENCSR246VSO_ENCFF736ITL_thresholded_predictions.bedpe.gz	/scratch/users/agschwin/encode_re2g/dhs_hic/thresholded_predictions/encode_e2g_predictions_heart_right_ventricle_ENCSR246VSO_ENCFF736ITL_thresholded_predictions.tsv.gz	syn55174381	syn55174378	syn55174376	syn55174373
kidney_ENCSR206OJJ_ENCFF417GBZ	ENCFF698CEN	alignments	ENCFF417GBZ	/scratch/users/agschwin/encode_re2g/dhs_hic/thresholded_bigInteract/encode_e2g_predictions_kidney_ENCSR206OJJ_ENCFF417GBZ_thresholded_predictions.bigInteract	/scratch/users/agschwin/encode_re2g/dhs_hic/full_predictions/encode_e2g_predictions_kidney_ENCSR206OJJ_ENCFF417GBZ_full_predictions.tsv.gz	/scratch/users/agschwin/encode_re2g/dhs_hic/thresholded_bedpe/encode_e2g_predictions_kidney_ENCSR206OJJ_ENCFF417GBZ_thresholded_predictions.bedpe.gz	/scratch/users/agschwin/encode_re2g/dhs_hic/thresholded_predictions/encode_e2g_predictions_kidney_ENCSR206OJJ_ENCFF417GBZ_thresholded_predictions.tsv.gz	syn55174386	syn55174382	syn55174380	syn55174379
left_cardiac_atrium_ENCSR032NNU_ENCFF628LQQ	ENCFF857BLF	alignments	ENCFF628LQQ	/scratch/users/agschwin/encode_re2g/dhs_hic/thresholded_bigInteract/encode_e2g_predictions_left_cardiac_atrium_ENCSR032NNU_ENCFF628LQQ_thresholded_predictions.bigInteract	/scratch/users/agschwin/encode_re2g/dhs_hic/full_predictions/encode_e2g_predictions_left_cardiac_atrium_ENCSR032NNU_ENCFF628LQQ_full_predictions.tsv.gz	/scratch/users/agschwin/encode_re2g/dhs_hic/thresholded_bedpe/encode_e2g_predictions_left_cardiac_atrium_ENCSR032NNU_ENCFF628LQQ_thresholded_predictions.bedpe.gz	/scratch/users/agschwin/encode_re2g/dhs_hic/thresholded_predictions/encode_e2g_predictions_left_cardiac_atrium_ENCSR032NNU_ENCFF628LQQ_thresholded_predictions.tsv.gz	syn55174390	syn55174387	syn55174385	syn55174384
left_cardiac_atrium_ENCSR032NNU_ENCFF614IPZ	ENCFF857BLF	alignments	ENCFF614IPZ	/scratch/users/agschwin/encode_re2g/dhs_hic/thresholded_bigInteract/encode_e2g_predictions_left_cardiac_atrium_ENCSR032NNU_ENCFF614IPZ_thresholded_predictions.bigInteract	/scratch/users/agschwin/encode_re2g/dhs_hic/full_predictions/encode_e2g_predictions_left_cardiac_atrium_ENCSR032NNU_ENCFF614IPZ_full_predictions.tsv.gz	/scratch/users/agschwin/encode_re2g/dhs_hic/thresholded_bedpe/encode_e2g_predictions_left_cardiac_atrium_ENCSR032NNU_ENCFF614IPZ_thresholded_predictions.bedpe.gz	/scratch/users/agschwin/encode_re2g/dhs_hic/thresholded_predictions/encode_e2g_predictions_left_cardiac_atrium_ENCSR032NNU_ENCFF614IPZ_thresholded_predictions.tsv.gz	syn55174396	syn55174391	syn55174389	syn55174388
left_colon_ENCSR867XFA_ENCFF035BLF	ENCFF794DGN	alignments	ENCFF035BLF	/scratch/users/agschwin/encode_re2g/dhs_hic/thresholded_bigInteract/encode_e2g_predictions_left_colon_ENCSR867XFA_ENCFF035BLF_thresholded_predictions.bigInteract	/scratch/users/agschwin/encode_re2g/dhs_hic/full_predictions/encode_e2g_predictions_left_colon_ENCSR867XFA_ENCFF035BLF_full_predictions.tsv.gz	/scratch/users/agschwin/encode_re2g/dhs_hic/thresholded_bedpe/encode_e2g_predictions_left_colon_ENCSR867XFA_ENCFF035BLF_thresholded_predictions.bedpe.gz	/scratch/users/agschwin/encode_re2g/dhs_hic/thresholded_predictions/encode_e2g_predictions_left_colon_ENCSR867XFA_ENCFF035BLF_thresholded_predictions.tsv.gz	syn55174400	syn55174397	syn55174395	syn55174394
left_colon_ENCSR279SXQ_ENCFF660JWA	ENCFF966UTQ	alignments	ENCFF660JWA	/scratch/users/agschwin/encode_re2g/dhs_hic/thresholded_bigInteract/encode_e2g_predictions_left_colon_ENCSR279SXQ_ENCFF660JWA_thresholded_predictions.bigInteract	/scratch/users/agschwin/encode_re2g/dhs_hic/full_predictions/encode_e2g_predictions_left_colon_ENCSR279SXQ_ENCFF660JWA_full_predictions.tsv.gz	/scratch/users/agschwin/encode_re2g/dhs_hic/thresholded_bedpe/encode_e2g_predictions_left_colon_ENCSR279SXQ_ENCFF660JWA_thresholded_predictions.bedpe.gz	/scratch/users/agschwin/encode_re2g/dhs_hic/thresholded_predictions/encode_e2g_predictions_left_colon_ENCSR279SXQ_ENCFF660JWA_thresholded_predictions.tsv.gz	syn55174405	syn55174402	syn55174399	syn55174398
left_lung_ENCSR723VNG_ENCFF237UKR	ENCFF277SFH	alignments	ENCFF237UKR	/scratch/users/agschwin/encode_re2g/dhs_hic/thresholded_bigInteract/encode_e2g_predictions_left_lung_ENCSR723VNG_ENCFF237UKR_thresholded_predictions.bigInteract	/scratch/users/agschwin/encode_re2g/dhs_hic/full_predictions/encode_e2g_predictions_left_lung_ENCSR723VNG_ENCFF237UKR_full_predictions.tsv.gz	/scratch/users/agschwin/encode_re2g/dhs_hic/thresholded_bedpe/encode_e2g_predictions_left_lung_ENCSR723VNG_ENCFF237UKR_thresholded_predictions.bedpe.gz	/scratch/users/agschwin/encode_re2g/dhs_hic/thresholded_predictions/encode_e2g_predictions_left_lung_ENCSR723VNG_ENCFF237UKR_thresholded_predictions.tsv.gz	syn55174411	syn55174407	syn55174404	syn55174403
left_lung_ENCSR658UBE_ENCFF094KKX	ENCFF050APU	alignments	ENCFF094KKX	/scratch/users/agschwin/encode_re2g/dhs_hic/thresholded_bigInteract/encode_e2g_predictions_left_lung_ENCSR658UBE_ENCFF094KKX_thresholded_predictions.bigInteract	/scratch/users/agschwin/encode_re2g/dhs_hic/full_predictions/encode_e2g_predictions_left_lung_ENCSR658UBE_ENCFF094KKX_full_predictions.tsv.gz	/scratch/users/agschwin/encode_re2g/dhs_hic/thresholded_bedpe/encode_e2g_predictions_left_lung_ENCSR658UBE_ENCFF094KKX_thresholded_predictions.bedpe.gz	/scratch/users/agschwin/encode_re2g/dhs_hic/thresholded_predictions/encode_e2g_predictions_left_lung_ENCSR658UBE_ENCFF094KKX_thresholded_predictions.tsv.gz	syn55174415	syn55174412	syn55174409	syn55174408
left_ventricle_myocardium_inferior_ENCSR770OTB_ENCFF235LCO	ENCFF616QAS	alignments	ENCFF235LCO	/scratch/users/agschwin/encode_re2g/dhs_hic/thresholded_bigInteract/encode_e2g_predictions_left_ventricle_myocardium_inferior_ENCSR770OTB_ENCFF235LCO_thresholded_predictions.bigInteract	/scratch/users/agschwin/encode_re2g/dhs_hic/full_predictions/encode_e2g_predictions_left_ventricle_myocardium_inferior_ENCSR770OTB_ENCFF235LCO_full_predictions.tsv.gz	/scratch/users/agschwin/encode_re2g/dhs_hic/thresholded_bedpe/encode_e2g_predictions_left_ventricle_myocardium_inferior_ENCSR770OTB_ENCFF235LCO_thresholded_predictions.bedpe.gz	/scratch/users/agschwin/encode_re2g/dhs_hic/thresholded_predictions/encode_e2g_predictions_left_ventricle_myocardium_inferior_ENCSR770OTB_ENCFF235LCO_thresholded_predictions.tsv.gz	syn55174420	syn55174416	syn55174414	syn55174413
left_ventricle_myocardium_superior_ENCSR355WAJ_ENCFF318JAP	ENCFF153TBA	alignments	ENCFF318JAP	/scratch/users/agschwin/encode_re2g/dhs_hic/thresholded_bigInteract/encode_e2g_predictions_left_ventricle_myocardium_superior_ENCSR355WAJ_ENCFF318JAP_thresholded_predictions.bigInteract	/scratch/users/agschwin/encode_re2g/dhs_hic/full_predictions/encode_e2g_predictions_left_ventricle_myocardium_superior_ENCSR355WAJ_ENCFF318JAP_full_predictions.tsv.gz	/scratch/users/agschwin/encode_re2g/dhs_hic/thresholded_bedpe/encode_e2g_predictions_left_ventricle_myocardium_superior_ENCSR355WAJ_ENCFF318JAP_thresholded_predictions.bedpe.gz	/scratch/users/agschwin/encode_re2g/dhs_hic/thresholded_predictions/encode_e2g_predictions_left_ventricle_myocardium_superior_ENCSR355WAJ_ENCFF318JAP_thresholded_predictions.tsv.gz	syn55174425	syn55174421	syn55174419	syn55174418
lower_lobe_of_left_lung_ENCSR757NJT_ENCFF649OHR	ENCFF483RKV	alignments	ENCFF649OHR	/scratch/users/agschwin/encode_re2g/dhs_hic/thresholded_bigInteract/encode_e2g_predictions_lower_lobe_of_left_lung_ENCSR757NJT_ENCFF649OHR_thresholded_predictions.bigInteract	/scratch/users/agschwin/encode_re2g/dhs_hic/full_predictions/encode_e2g_predictions_lower_lobe_of_left_lung_ENCSR757NJT_ENCFF649OHR_full_predictions.tsv.gz	/scratch/users/agschwin/encode_re2g/dhs_hic/thresholded_bedpe/encode_e2g_predictions_lower_lobe_of_left_lung_ENCSR757NJT_ENCFF649OHR_thresholded_predictions.bedpe.gz	/scratch/users/agschwin/encode_re2g/dhs_hic/thresholded_predictions/encode_e2g_predictions_lower_lobe_of_left_lung_ENCSR757NJT_ENCFF649OHR_thresholded_predictions.tsv.gz	syn55174430	syn55174426	syn55174424	syn55174423
lower_lobe_of_left_lung_ENCSR632ONQ_ENCFF395INO	ENCFF816ANC	alignments	ENCFF395INO	/scratch/users/agschwin/encode_re2g/dhs_hic/thresholded_bigInteract/encode_e2g_predictions_lower_lobe_of_left_lung_ENCSR632ONQ_ENCFF395INO_thresholded_predictions.bigInteract	/scratch/users/agschwin/encode_re2g/dhs_hic/full_predictions/encode_e2g_predictions_lower_lobe_of_left_lung_ENCSR632ONQ_ENCFF395INO_full_predictions.tsv.gz	/scratch/users/agschwin/encode_re2g/dhs_hic/thresholded_bedpe/encode_e2g_predictions_lower_lobe_of_left_lung_ENCSR632ONQ_ENCFF395INO_thresholded_predictions.bedpe.gz	/scratch/users/agschwin/encode_re2g/dhs_hic/thresholded_predictions/encode_e2g_predictions_lower_lobe_of_left_lung_ENCSR632ONQ_ENCFF395INO_thresholded_predictions.tsv.gz	syn55174434	syn55174431	syn55174429	syn55174428
lower_lobe_of_right_lung_ENCSR785JXR_ENCFF896OFN	ENCFF510NET	alignments	ENCFF896OFN	/scratch/users/agschwin/encode_re2g/dhs_hic/thresholded_bigInteract/encode_e2g_predictions_lower_lobe_of_right_lung_ENCSR785JXR_ENCFF896OFN_thresholded_predictions.bigInteract	/scratch/users/agschwin/encode_re2g/dhs_hic/full_predictions/encode_e2g_predictions_lower_lobe_of_right_lung_ENCSR785JXR_ENCFF896OFN_full_predictions.tsv.gz	/scratch/users/agschwin/encode_re2g/dhs_hic/thresholded_bedpe/encode_e2g_predictions_lower_lobe_of_right_lung_ENCSR785JXR_ENCFF896OFN_thresholded_predictions.bedpe.gz	/scratch/users/agschwin/encode_re2g/dhs_hic/thresholded_predictions/encode_e2g_predictions_lower_lobe_of_right_lung_ENCSR785JXR_ENCFF896OFN_thresholded_predictions.tsv.gz	syn55174440	syn55174435	syn55174433	syn55174432
mammary_epithelial_cell_ENCSR817ALC_ENCFF512PQA	ENCFF570RZQ	alignments	ENCFF512PQA	/scratch/users/agschwin/encode_re2g/dhs_hic/thresholded_bigInteract/encode_e2g_predictions_mammary_epithelial_cell_ENCSR817ALC_ENCFF512PQA_thresholded_predictions.bigInteract	/scratch/users/agschwin/encode_re2g/dhs_hic/full_predictions/encode_e2g_predictions_mammary_epithelial_cell_ENCSR817ALC_ENCFF512PQA_full_predictions.tsv.gz	/scratch/users/agschwin/encode_re2g/dhs_hic/thresholded_bedpe/encode_e2g_predictions_mammary_epithelial_cell_ENCSR817ALC_ENCFF512PQA_thresholded_predictions.bedpe.gz	/scratch/users/agschwin/encode_re2g/dhs_hic/thresholded_predictions/encode_e2g_predictions_mammary_epithelial_cell_ENCSR817ALC_ENCFF512PQA_thresholded_predictions.tsv.gz	syn55174444	syn55174441	syn55174439	syn55174437
mucosa_of_descending_colon_ENCSR404TSP_ENCFF309UNV	ENCFF434KAN	alignments	ENCFF309UNV	/scratch/users/agschwin/encode_re2g/dhs_hic/thresholded_bigInteract/encode_e2g_predictions_mucosa_of_descending_colon_ENCSR404TSP_ENCFF309UNV_thresholded_predictions.bigInteract	/scratch/users/agschwin/encode_re2g/dhs_hic/full_predictions/encode_e2g_predictions_mucosa_of_descending_colon_ENCSR404TSP_ENCFF309UNV_full_predictions.tsv.gz	/scratch/users/agschwin/encode_re2g/dhs_hic/thresholded_bedpe/encode_e2g_predictions_mucosa_of_descending_colon_ENCSR404TSP_ENCFF309UNV_thresholded_predictions.bedpe.gz	/scratch/users/agschwin/encode_re2g/dhs_hic/thresholded_predictions/encode_e2g_predictions_mucosa_of_descending_colon_ENCSR404TSP_ENCFF309UNV_thresholded_predictions.tsv.gz	syn55174449	syn55174446	syn55174443	syn55174442
mucosa_of_descending_colon_ENCSR612CTW_ENCFF579CAR	ENCFF705SSM	alignments	ENCFF579CAR	/scratch/users/agschwin/encode_re2g/dhs_hic/thresholded_bigInteract/encode_e2g_predictions_mucosa_of_descending_colon_ENCSR612CTW_ENCFF579CAR_thresholded_predictions.bigInteract	/scratch/users/agschwin/encode_re2g/dhs_hic/full_predictions/encode_e2g_predictions_mucosa_of_descending_colon_ENCSR612CTW_ENCFF579CAR_full_predictions.tsv.gz	/scratch/users/agschwin/encode_re2g/dhs_hic/thresholded_bedpe/encode_e2g_predictions_mucosa_of_descending_colon_ENCSR612CTW_ENCFF579CAR_thresholded_predictions.bedpe.gz	/scratch/users/agschwin/encode_re2g/dhs_hic/thresholded_predictions/encode_e2g_predictions_mucosa_of_descending_colon_ENCSR612CTW_ENCFF579CAR_thresholded_predictions.tsv.gz	syn55174454	syn55174450	syn55174448	syn55174447
naive_thymus-derived_CD4-positive__alpha-beta_T_cell_ENCSR232NLA_ENCFF520GFL	ENCFF772JPZ	alignments	ENCFF520GFL	/scratch/users/agschwin/encode_re2g/dhs_hic/thresholded_bigInteract/encode_e2g_predictions_naive_thymus-derived_CD4-positive__alpha-beta_T_cell_ENCSR232NLA_ENCFF520GFL_thresholded_predictions.bigInteract	/scratch/users/agschwin/encode_re2g/dhs_hic/full_predictions/encode_e2g_predictions_naive_thymus-derived_CD4-positive__alpha-beta_T_cell_ENCSR232NLA_ENCFF520GFL_full_predictions.tsv.gz	/scratch/users/agschwin/encode_re2g/dhs_hic/thresholded_bedpe/encode_e2g_predictions_naive_thymus-derived_CD4-positive__alpha-beta_T_cell_ENCSR232NLA_ENCFF520GFL_thresholded_predictions.bedpe.gz	/scratch/users/agschwin/encode_re2g/dhs_hic/thresholded_predictions/encode_e2g_predictions_naive_thymus-derived_CD4-positive__alpha-beta_T_cell_ENCSR232NLA_ENCFF520GFL_thresholded_predictions.tsv.gz	syn55174459	syn55174456	syn55174452	syn55174451
naive_thymus-derived_CD4-positive__alpha-beta_T_cell_ENCSR387EYA_ENCFF044TCQ	ENCFF528COZ	alignments	ENCFF044TCQ	/scratch/users/agschwin/encode_re2g/dhs_hic/thresholded_bigInteract/encode_e2g_predictions_naive_thymus-derived_CD4-positive__alpha-beta_T_cell_ENCSR387EYA_ENCFF044TCQ_thresholded_predictions.bigInteract	/scratch/users/agschwin/encode_re2g/dhs_hic/full_predictions/encode_e2g_predictions_naive_thymus-derived_CD4-positive__alpha-beta_T_cell_ENCSR387EYA_ENCFF044TCQ_full_predictions.tsv.gz	/scratch/users/agschwin/encode_re2g/dhs_hic/thresholded_bedpe/encode_e2g_predictions_naive_thymus-derived_CD4-positive__alpha-beta_T_cell_ENCSR387EYA_ENCFF044TCQ_thresholded_predictions.bedpe.gz	/scratch/users/agschwin/encode_re2g/dhs_hic/thresholded_predictions/encode_e2g_predictions_naive_thymus-derived_CD4-positive__alpha-beta_T_cell_ENCSR387EYA_ENCFF044TCQ_thresholded_predictions.tsv.gz	syn55174464	syn55174460	syn55174458	syn55174457
natural_killer_cell_ENCSR975LGK_ENCFF197OWW	ENCFF684DLJ	alignments	ENCFF197OWW	/scratch/users/agschwin/encode_re2g/dhs_hic/thresholded_bigInteract/encode_e2g_predictions_natural_killer_cell_ENCSR975LGK_ENCFF197OWW_thresholded_predictions.bigInteract	/scratch/users/agschwin/encode_re2g/dhs_hic/full_predictions/encode_e2g_predictions_natural_killer_cell_ENCSR975LGK_ENCFF197OWW_full_predictions.tsv.gz	/scratch/users/agschwin/encode_re2g/dhs_hic/thresholded_bedpe/encode_e2g_predictions_natural_killer_cell_ENCSR975LGK_ENCFF197OWW_thresholded_predictions.bedpe.gz	/scratch/users/agschwin/encode_re2g/dhs_hic/thresholded_predictions/encode_e2g_predictions_natural_killer_cell_ENCSR975LGK_ENCFF197OWW_thresholded_predictions.tsv.gz	syn55174469	syn55174465	syn55174462	syn55174461
ovary_ENCSR872DUY_ENCFF156GGD	ENCFF218QGZ	alignments	ENCFF156GGD	/scratch/users/agschwin/encode_re2g/dhs_hic/thresholded_bigInteract/encode_e2g_predictions_ovary_ENCSR872DUY_ENCFF156GGD_thresholded_predictions.bigInteract	/scratch/users/agschwin/encode_re2g/dhs_hic/full_predictions/encode_e2g_predictions_ovary_ENCSR872DUY_ENCFF156GGD_full_predictions.tsv.gz	/scratch/users/agschwin/encode_re2g/dhs_hic/thresholded_bedpe/encode_e2g_predictions_ovary_ENCSR872DUY_ENCFF156GGD_thresholded_predictions.bedpe.gz	/scratch/users/agschwin/encode_re2g/dhs_hic/thresholded_predictions/encode_e2g_predictions_ovary_ENCSR872DUY_ENCFF156GGD_thresholded_predictions.tsv.gz	syn55174474	syn55174468	syn55174467	syn55174466
ovary_ENCSR930PDT_ENCFF019YVI	ENCFF072TVW	alignments	ENCFF019YVI	/scratch/users/agschwin/encode_re2g/dhs_hic/thresholded_bigInteract/encode_e2g_predictions_ovary_ENCSR930PDT_ENCFF019YVI_thresholded_predictions.bigInteract	/scratch/users/agschwin/encode_re2g/dhs_hic/full_predictions/encode_e2g_predictions_ovary_ENCSR930PDT_ENCFF019YVI_full_predictions.tsv.gz	/scratch/users/agschwin/encode_re2g/dhs_hic/thresholded_bedpe/encode_e2g_predictions_ovary_ENCSR930PDT_ENCFF019YVI_thresholded_predictions.bedpe.gz	/scratch/users/agschwin/encode_re2g/dhs_hic/thresholded_predictions/encode_e2g_predictions_ovary_ENCSR930PDT_ENCFF019YVI_thresholded_predictions.tsv.gz	syn55174478	syn55174475	syn55174471	syn55174470
ovary_ENCSR330ZBO_ENCFF700CYI	ENCFF180HNU	alignments	ENCFF700CYI	/scratch/users/agschwin/encode_re2g/dhs_hic/thresholded_bigInteract/encode_e2g_predictions_ovary_ENCSR330ZBO_ENCFF700CYI_thresholded_predictions.bigInteract	/scratch/users/agschwin/encode_re2g/dhs_hic/full_predictions/encode_e2g_predictions_ovary_ENCSR330ZBO_ENCFF700CYI_full_predictions.tsv.gz	/scratch/users/agschwin/encode_re2g/dhs_hic/thresholded_bedpe/encode_e2g_predictions_ovary_ENCSR330ZBO_ENCFF700CYI_thresholded_predictions.bedpe.gz	/scratch/users/agschwin/encode_re2g/dhs_hic/thresholded_predictions/encode_e2g_predictions_ovary_ENCSR330ZBO_ENCFF700CYI_thresholded_predictions.tsv.gz	syn55174483	syn55174479	syn55174477	syn55174476
ovary_ENCSR138UGH_ENCFF496GEU	ENCFF764XZE	alignments	ENCFF496GEU	/scratch/users/agschwin/encode_re2g/dhs_hic/thresholded_bigInteract/encode_e2g_predictions_ovary_ENCSR138UGH_ENCFF496GEU_thresholded_predictions.bigInteract	/scratch/users/agschwin/encode_re2g/dhs_hic/full_predictions/encode_e2g_predictions_ovary_ENCSR138UGH_ENCFF496GEU_full_predictions.tsv.gz	/scratch/users/agschwin/encode_re2g/dhs_hic/thresholded_bedpe/encode_e2g_predictions_ovary_ENCSR138UGH_ENCFF496GEU_thresholded_predictions.bedpe.gz	/scratch/users/agschwin/encode_re2g/dhs_hic/thresholded_predictions/encode_e2g_predictions_ovary_ENCSR138UGH_ENCFF496GEU_thresholded_predictions.tsv.gz	syn55174487	syn55174484	syn55174481	syn55174480
pancreas_ENCSR999VDH_ENCFF705MKK	ENCFF456GDF	alignments	ENCFF705MKK	/scratch/users/agschwin/encode_re2g/dhs_hic/thresholded_bigInteract/encode_e2g_predictions_pancreas_ENCSR999VDH_ENCFF705MKK_thresholded_predictions.bigInteract	/scratch/users/agschwin/encode_re2g/dhs_hic/full_predictions/encode_e2g_predictions_pancreas_ENCSR999VDH_ENCFF705MKK_full_predictions.tsv.gz	/scratch/users/agschwin/encode_re2g/dhs_hic/thresholded_bedpe/encode_e2g_predictions_pancreas_ENCSR999VDH_ENCFF705MKK_thresholded_predictions.bedpe.gz	/scratch/users/agschwin/encode_re2g/dhs_hic/thresholded_predictions/encode_e2g_predictions_pancreas_ENCSR999VDH_ENCFF705MKK_thresholded_predictions.tsv.gz	syn55174493	syn55174488	syn55174486	syn55174485
pancreas_ENCSR589HAC_ENCFF653HCO	ENCFF979ZTM	alignments	ENCFF653HCO	/scratch/users/agschwin/encode_re2g/dhs_hic/thresholded_bigInteract/encode_e2g_predictions_pancreas_ENCSR589HAC_ENCFF653HCO_thresholded_predictions.bigInteract	/scratch/users/agschwin/encode_re2g/dhs_hic/full_predictions/encode_e2g_predictions_pancreas_ENCSR589HAC_ENCFF653HCO_full_predictions.tsv.gz	/scratch/users/agschwin/encode_re2g/dhs_hic/thresholded_bedpe/encode_e2g_predictions_pancreas_ENCSR589HAC_ENCFF653HCO_thresholded_predictions.bedpe.gz	/scratch/users/agschwin/encode_re2g/dhs_hic/thresholded_predictions/encode_e2g_predictions_pancreas_ENCSR589HAC_ENCFF653HCO_thresholded_predictions.tsv.gz	syn55174497	syn55174494	syn55174490	syn55174489
pancreas_ENCSR242RPQ_ENCFF586MQY	ENCFF942NPB	alignments	ENCFF586MQY	/scratch/users/agschwin/encode_re2g/dhs_hic/thresholded_bigInteract/encode_e2g_predictions_pancreas_ENCSR242RPQ_ENCFF586MQY_thresholded_predictions.bigInteract	/scratch/users/agschwin/encode_re2g/dhs_hic/full_predictions/encode_e2g_predictions_pancreas_ENCSR242RPQ_ENCFF586MQY_full_predictions.tsv.gz	/scratch/users/agschwin/encode_re2g/dhs_hic/thresholded_bedpe/encode_e2g_predictions_pancreas_ENCSR242RPQ_ENCFF586MQY_thresholded_predictions.bedpe.gz	/scratch/users/agschwin/encode_re2g/dhs_hic/thresholded_predictions/encode_e2g_predictions_pancreas_ENCSR242RPQ_ENCFF586MQY_thresholded_predictions.tsv.gz	syn55174502	syn55174498	syn55174496	syn55174495
posterior_vena_cava_ENCSR324NVG_ENCFF673EOB	ENCFF019WJX	alignments	ENCFF673EOB	/scratch/users/agschwin/encode_re2g/dhs_hic/thresholded_bigInteract/encode_e2g_predictions_posterior_vena_cava_ENCSR324NVG_ENCFF673EOB_thresholded_predictions.bigInteract	/scratch/users/agschwin/encode_re2g/dhs_hic/full_predictions/encode_e2g_predictions_posterior_vena_cava_ENCSR324NVG_ENCFF673EOB_full_predictions.tsv.gz	/scratch/users/agschwin/encode_re2g/dhs_hic/thresholded_bedpe/encode_e2g_predictions_posterior_vena_cava_ENCSR324NVG_ENCFF673EOB_thresholded_predictions.bedpe.gz	/scratch/users/agschwin/encode_re2g/dhs_hic/thresholded_predictions/encode_e2g_predictions_posterior_vena_cava_ENCSR324NVG_ENCFF673EOB_thresholded_predictions.tsv.gz	syn55174507	syn55174503	syn55174500	syn55174499
posterior_vena_cava_ENCSR324NVG_ENCFF946RZW	ENCFF019WJX	alignments	ENCFF946RZW	/scratch/users/agschwin/encode_re2g/dhs_hic/thresholded_bigInteract/encode_e2g_predictions_posterior_vena_cava_ENCSR324NVG_ENCFF946RZW_thresholded_predictions.bigInteract	/scratch/users/agschwin/encode_re2g/dhs_hic/full_predictions/encode_e2g_predictions_posterior_vena_cava_ENCSR324NVG_ENCFF946RZW_full_predictions.tsv.gz	/scratch/users/agschwin/encode_re2g/dhs_hic/thresholded_bedpe/encode_e2g_predictions_posterior_vena_cava_ENCSR324NVG_ENCFF946RZW_thresholded_predictions.bedpe.gz	/scratch/users/agschwin/encode_re2g/dhs_hic/thresholded_predictions/encode_e2g_predictions_posterior_vena_cava_ENCSR324NVG_ENCFF946RZW_thresholded_predictions.tsv.gz	syn55174512	syn55174508	syn55174505	syn55174504
prostate_gland_ENCSR564FZH_ENCFF515ZBF	ENCFF084DLF	alignments	ENCFF515ZBF	/scratch/users/agschwin/encode_re2g/dhs_hic/thresholded_bigInteract/encode_e2g_predictions_prostate_gland_ENCSR564FZH_ENCFF515ZBF_thresholded_predictions.bigInteract	/scratch/users/agschwin/encode_re2g/dhs_hic/full_predictions/encode_e2g_predictions_prostate_gland_ENCSR564FZH_ENCFF515ZBF_full_predictions.tsv.gz	/scratch/users/agschwin/encode_re2g/dhs_hic/thresholded_bedpe/encode_e2g_predictions_prostate_gland_ENCSR564FZH_ENCFF515ZBF_thresholded_predictions.bedpe.gz	/scratch/users/agschwin/encode_re2g/dhs_hic/thresholded_predictions/encode_e2g_predictions_prostate_gland_ENCSR564FZH_ENCFF515ZBF_thresholded_predictions.tsv.gz	syn55174516	syn55174513	syn55174511	syn55174509
psoas_muscle_ENCSR388DHS_ENCFF625VNK	ENCFF917YWG	alignments	ENCFF625VNK	/scratch/users/agschwin/encode_re2g/dhs_hic/thresholded_bigInteract/encode_e2g_predictions_psoas_muscle_ENCSR388DHS_ENCFF625VNK_thresholded_predictions.bigInteract	/scratch/users/agschwin/encode_re2g/dhs_hic/full_predictions/encode_e2g_predictions_psoas_muscle_ENCSR388DHS_ENCFF625VNK_full_predictions.tsv.gz	/scratch/users/agschwin/encode_re2g/dhs_hic/thresholded_bedpe/encode_e2g_predictions_psoas_muscle_ENCSR388DHS_ENCFF625VNK_thresholded_predictions.bedpe.gz	/scratch/users/agschwin/encode_re2g/dhs_hic/thresholded_predictions/encode_e2g_predictions_psoas_muscle_ENCSR388DHS_ENCFF625VNK_thresholded_predictions.tsv.gz	syn55174521	syn55174517	syn55174515	syn55174514
psoas_muscle_ENCSR108SYM_ENCFF136XCV	ENCFF042TFK	alignments	ENCFF136XCV	/scratch/users/agschwin/encode_re2g/dhs_hic/thresholded_bigInteract/encode_e2g_predictions_psoas_muscle_ENCSR108SYM_ENCFF136XCV_thresholded_predictions.bigInteract	/scratch/users/agschwin/encode_re2g/dhs_hic/full_predictions/encode_e2g_predictions_psoas_muscle_ENCSR108SYM_ENCFF136XCV_full_predictions.tsv.gz	/scratch/users/agschwin/encode_re2g/dhs_hic/thresholded_bedpe/encode_e2g_predictions_psoas_muscle_ENCSR108SYM_ENCFF136XCV_thresholded_predictions.bedpe.gz	/scratch/users/agschwin/encode_re2g/dhs_hic/thresholded_predictions/encode_e2g_predictions_psoas_muscle_ENCSR108SYM_ENCFF136XCV_thresholded_predictions.tsv.gz	syn55174525	syn55174522	syn55174520	syn55174519
right_cardiac_atrium_ENCSR374VQC_ENCFF284OEA	ENCFF103KZD	alignments	ENCFF284OEA	/scratch/users/agschwin/encode_re2g/dhs_hic/thresholded_bigInteract/encode_e2g_predictions_right_cardiac_atrium_ENCSR374VQC_ENCFF284OEA_thresholded_predictions.bigInteract	/scratch/users/agschwin/encode_re2g/dhs_hic/full_predictions/encode_e2g_predictions_right_cardiac_atrium_ENCSR374VQC_ENCFF284OEA_full_predictions.tsv.gz	/scratch/users/agschwin/encode_re2g/dhs_hic/thresholded_bedpe/encode_e2g_predictions_right_cardiac_atrium_ENCSR374VQC_ENCFF284OEA_thresholded_predictions.bedpe.gz	/scratch/users/agschwin/encode_re2g/dhs_hic/thresholded_predictions/encode_e2g_predictions_right_cardiac_atrium_ENCSR374VQC_ENCFF284OEA_thresholded_predictions.tsv.gz	syn55174531	syn55174527	syn55174524	syn55174523
right_cardiac_atrium_ENCSR622HTS_ENCFF081NPN	ENCFF369ITQ	alignments	ENCFF081NPN	/scratch/users/agschwin/encode_re2g/dhs_hic/thresholded_bigInteract/encode_e2g_predictions_right_cardiac_atrium_ENCSR622HTS_ENCFF081NPN_thresholded_predictions.bigInteract	/scratch/users/agschwin/encode_re2g/dhs_hic/full_predictions/encode_e2g_predictions_right_cardiac_atrium_ENCSR622HTS_ENCFF081NPN_full_predictions.tsv.gz	/scratch/users/agschwin/encode_re2g/dhs_hic/thresholded_bedpe/encode_e2g_predictions_right_cardiac_atrium_ENCSR622HTS_ENCFF081NPN_thresholded_predictions.bedpe.gz	/scratch/users/agschwin/encode_re2g/dhs_hic/thresholded_predictions/encode_e2g_predictions_right_cardiac_atrium_ENCSR622HTS_ENCFF081NPN_thresholded_predictions.tsv.gz	syn55174535	syn55174532	syn55174529	syn55174528
right_cardiac_atrium_ENCSR485UQY_ENCFF784WTB	ENCFF104IKA	alignments	ENCFF784WTB	/scratch/users/agschwin/encode_re2g/dhs_hic/thresholded_bigInteract/encode_e2g_predictions_right_cardiac_atrium_ENCSR485UQY_ENCFF784WTB_thresholded_predictions.bigInteract	/scratch/users/agschwin/encode_re2g/dhs_hic/full_predictions/encode_e2g_predictions_right_cardiac_atrium_ENCSR485UQY_ENCFF784WTB_full_predictions.tsv.gz	/scratch/users/agschwin/encode_re2g/dhs_hic/thresholded_bedpe/encode_e2g_predictions_right_cardiac_atrium_ENCSR485UQY_ENCFF784WTB_thresholded_predictions.bedpe.gz	/scratch/users/agschwin/encode_re2g/dhs_hic/thresholded_predictions/encode_e2g_predictions_right_cardiac_atrium_ENCSR485UQY_ENCFF784WTB_thresholded_predictions.tsv.gz	syn55174540	syn55174537	syn55174534	syn55174533
right_cardiac_atrium_ENCSR485UQY_ENCFF459FRB	ENCFF104IKA	alignments	ENCFF459FRB	/scratch/users/agschwin/encode_re2g/dhs_hic/thresholded_bigInteract/encode_e2g_predictions_right_cardiac_atrium_ENCSR485UQY_ENCFF459FRB_thresholded_predictions.bigInteract	/scratch/users/agschwin/encode_re2g/dhs_hic/full_predictions/encode_e2g_predictions_right_cardiac_atrium_ENCSR485UQY_ENCFF459FRB_full_predictions.tsv.gz	/scratch/users/agschwin/encode_re2g/dhs_hic/thresholded_bedpe/encode_e2g_predictions_right_cardiac_atrium_ENCSR485UQY_ENCFF459FRB_thresholded_predictions.bedpe.gz	/scratch/users/agschwin/encode_re2g/dhs_hic/thresholded_predictions/encode_e2g_predictions_right_cardiac_atrium_ENCSR485UQY_ENCFF459FRB_thresholded_predictions.tsv.gz	syn55174544	syn55174541	syn55174539	syn55174538
right_lobe_of_liver_ENCSR164TBP_ENCFF952JZV	ENCFF892VLK	alignments	ENCFF952JZV	/scratch/users/agschwin/encode_re2g/dhs_hic/thresholded_bigInteract/encode_e2g_predictions_right_lobe_of_liver_ENCSR164TBP_ENCFF952JZV_thresholded_predictions.bigInteract	/scratch/users/agschwin/encode_re2g/dhs_hic/full_predictions/encode_e2g_predictions_right_lobe_of_liver_ENCSR164TBP_ENCFF952JZV_full_predictions.tsv.gz	/scratch/users/agschwin/encode_re2g/dhs_hic/thresholded_bedpe/encode_e2g_predictions_right_lobe_of_liver_ENCSR164TBP_ENCFF952JZV_thresholded_predictions.bedpe.gz	/scratch/users/agschwin/encode_re2g/dhs_hic/thresholded_predictions/encode_e2g_predictions_right_lobe_of_liver_ENCSR164TBP_ENCFF952JZV_thresholded_predictions.tsv.gz	syn55174549	syn55174546	syn55174543	syn55174542
right_lobe_of_liver_ENCSR933GMM_ENCFF705YZH	ENCFF427BNB	alignments	ENCFF705YZH	/scratch/users/agschwin/encode_re2g/dhs_hic/thresholded_bigInteract/encode_e2g_predictions_right_lobe_of_liver_ENCSR933GMM_ENCFF705YZH_thresholded_predictions.bigInteract	/scratch/users/agschwin/encode_re2g/dhs_hic/full_predictions/encode_e2g_predictions_right_lobe_of_liver_ENCSR933GMM_ENCFF705YZH_full_predictions.tsv.gz	/scratch/users/agschwin/encode_re2g/dhs_hic/thresholded_bedpe/encode_e2g_predictions_right_lobe_of_liver_ENCSR933GMM_ENCFF705YZH_thresholded_predictions.bedpe.gz	/scratch/users/agschwin/encode_re2g/dhs_hic/thresholded_predictions/encode_e2g_predictions_right_lobe_of_liver_ENCSR933GMM_ENCFF705YZH_thresholded_predictions.tsv.gz	syn55174554	syn55174550	syn55174548	syn55174547
sciatic_nerve_ENCSR672MOG_ENCFF602CHT	ENCFF107GZP	alignments	ENCFF602CHT	/scratch/users/agschwin/encode_re2g/dhs_hic/thresholded_bigInteract/encode_e2g_predictions_sciatic_nerve_ENCSR672MOG_ENCFF602CHT_thresholded_predictions.bigInteract	/scratch/users/agschwin/encode_re2g/dhs_hic/full_predictions/encode_e2g_predictions_sciatic_nerve_ENCSR672MOG_ENCFF602CHT_full_predictions.tsv.gz	/scratch/users/agschwin/encode_re2g/dhs_hic/thresholded_bedpe/encode_e2g_predictions_sciatic_nerve_ENCSR672MOG_ENCFF602CHT_thresholded_predictions.bedpe.gz	/scratch/users/agschwin/encode_re2g/dhs_hic/thresholded_predictions/encode_e2g_predictions_sciatic_nerve_ENCSR672MOG_ENCFF602CHT_thresholded_predictions.tsv.gz	syn55174559	syn55174556	syn55174552	syn55174551
sigmoid_colon_ENCSR276ITP_ENCFF897KRI	ENCFF531YYI	alignments	ENCFF897KRI	/scratch/users/agschwin/encode_re2g/dhs_hic/thresholded_bigInteract/encode_e2g_predictions_sigmoid_colon_ENCSR276ITP_ENCFF897KRI_thresholded_predictions.bigInteract	/scratch/users/agschwin/encode_re2g/dhs_hic/full_predictions/encode_e2g_predictions_sigmoid_colon_ENCSR276ITP_ENCFF897KRI_full_predictions.tsv.gz	/scratch/users/agschwin/encode_re2g/dhs_hic/thresholded_bedpe/encode_e2g_predictions_sigmoid_colon_ENCSR276ITP_ENCFF897KRI_thresholded_predictions.bedpe.gz	/scratch/users/agschwin/encode_re2g/dhs_hic/thresholded_predictions/encode_e2g_predictions_sigmoid_colon_ENCSR276ITP_ENCFF897KRI_thresholded_predictions.tsv.gz	syn55174564	syn55174560	syn55174558	syn55174557
spleen_ENCSR567EEO_ENCFF280EYD	ENCFF136TSS	alignments	ENCFF280EYD	/scratch/users/agschwin/encode_re2g/dhs_hic/thresholded_bigInteract/encode_e2g_predictions_spleen_ENCSR567EEO_ENCFF280EYD_thresholded_predictions.bigInteract	/scratch/users/agschwin/encode_re2g/dhs_hic/full_predictions/encode_e2g_predictions_spleen_ENCSR567EEO_ENCFF280EYD_full_predictions.tsv.gz	/scratch/users/agschwin/encode_re2g/dhs_hic/thresholded_bedpe/encode_e2g_predictions_spleen_ENCSR567EEO_ENCFF280EYD_thresholded_predictions.bedpe.gz	/scratch/users/agschwin/encode_re2g/dhs_hic/thresholded_predictions/encode_e2g_predictions_spleen_ENCSR567EEO_ENCFF280EYD_thresholded_predictions.tsv.gz	syn55174568	syn55174565	syn55174563	syn55174561
thyroid_gland_ENCSR195ONB_ENCFF839VMS	ENCFF086CGV	alignments	ENCFF839VMS	/scratch/users/agschwin/encode_re2g/dhs_hic/thresholded_bigInteract/encode_e2g_predictions_thyroid_gland_ENCSR195ONB_ENCFF839VMS_thresholded_predictions.bigInteract	/scratch/users/agschwin/encode_re2g/dhs_hic/full_predictions/encode_e2g_predictions_thyroid_gland_ENCSR195ONB_ENCFF839VMS_full_predictions.tsv.gz	/scratch/users/agschwin/encode_re2g/dhs_hic/thresholded_bedpe/encode_e2g_predictions_thyroid_gland_ENCSR195ONB_ENCFF839VMS_thresholded_predictions.bedpe.gz	/scratch/users/agschwin/encode_re2g/dhs_hic/thresholded_predictions/encode_e2g_predictions_thyroid_gland_ENCSR195ONB_ENCFF839VMS_thresholded_predictions.tsv.gz	syn55174572	syn55174569	syn55174567	syn55174566
upper_lobe_of_right_lung_ENCSR357AWH_ENCFF304HMS	ENCFF702XKC	alignments	ENCFF304HMS	/scratch/users/agschwin/encode_re2g/dhs_hic/thresholded_bigInteract/encode_e2g_predictions_upper_lobe_of_right_lung_ENCSR357AWH_ENCFF304HMS_thresholded_predictions.bigInteract	/scratch/users/agschwin/encode_re2g/dhs_hic/full_predictions/encode_e2g_predictions_upper_lobe_of_right_lung_ENCSR357AWH_ENCFF304HMS_full_predictions.tsv.gz	/scratch/users/agschwin/encode_re2g/dhs_hic/thresholded_bedpe/encode_e2g_predictions_upper_lobe_of_right_lung_ENCSR357AWH_ENCFF304HMS_thresholded_predictions.bedpe.gz	/scratch/users/agschwin/encode_re2g/dhs_hic/thresholded_predictions/encode_e2g_predictions_upper_lobe_of_right_lung_ENCSR357AWH_ENCFF304HMS_thresholded_predictions.tsv.gz	syn55174576	syn55174574	syn55174573	syn55174570
