Description	lab	award	annotation_type	assay_term_name	organism	biosample_ontology	experimental_input	aliases	software_used	disease_term_id
ENCODE-rE2G predictions for HCT116; Donor: NA	/labs/jesse-engreitz/	UM1HG009436	element gene link predictions	DNase-seq,HiC	human			jesse-engreitz:encode_re2g_predictions_nan_DNaseHiC	encode:re2g_modelV2.0.0	
ENCODE-rE2G predictions for dendritic cell; Donor: NA	/labs/jesse-engreitz/	UM1HG009436	element gene link predictions	DNase-seq,HiC	human			jesse-engreitz:encode_re2g_predictions_nan_DNaseHiC	encode:re2g_modelV2.0.0	
ENCODE-rE2G predictions for A673; Donor: ENCDO027VXA	/labs/jesse-engreitz/	UM1HG009436	element gene link predictions	DNase-seq,HiC	human	/biosample-types/cell_line_EFO_0002106/	ENCSR114QAK	jesse-engreitz:encode_re2g_predictions_A673_ENCSR114QAK_ENCFF129LMU_DNaseHiC	encode:re2g_modelV2.0.0	
ENCODE-rE2G predictions for B cell; Donor: ENCDO383AQS	/labs/jesse-engreitz/	UM1HG009436	element gene link predictions	DNase-seq,HiC	human	/biosample-types/primary_cell_CL_0000236/	ENCSR468AKF	jesse-engreitz:encode_re2g_predictions_B_cell_ENCSR468AKF_ENCFF076LWH_DNaseHiC	encode:re2g_modelV2.0.0	
ENCODE-rE2G predictions for CD14-positive monocyte; Donor: ENCDO544CHQ	/labs/jesse-engreitz/	UM1HG009436	element gene link predictions	DNase-seq,HiC	human	/biosample-types/primary_cell_CL_0001054/	ENCSR241BNZ	jesse-engreitz:encode_re2g_predictions_CD14-positive_monocyte_ENCSR241BNZ_ENCFF185AYZ_DNaseHiC	encode:re2g_modelV2.0.0	
ENCODE-rE2G predictions for CD14-positive monocyte; Donor: ENCDO733YAB	/labs/jesse-engreitz/	UM1HG009436	element gene link predictions	DNase-seq,HiC	human	/biosample-types/primary_cell_CL_0001054/	ENCSR464ETX	jesse-engreitz:encode_re2g_predictions_CD14-positive_monocyte_ENCSR464ETX_ENCFF684YCT_DNaseHiC	encode:re2g_modelV2.0.0	
ENCODE-rE2G predictions for CD4-positive, alpha-beta T cell; Donor: ENCDO394DKX	/labs/jesse-engreitz/	UM1HG009436	element gene link predictions	DNase-seq,HiC	human	/biosample-types/primary_cell_CL_0000624/	ENCSR376DAE	jesse-engreitz:encode_re2g_predictions_CD4-positive__alpha-beta_T_cell_ENCSR376DAE_ENCFF958DWQ_DNaseHiC	encode:re2g_modelV2.0.0	
ENCODE-rE2G predictions for CD4-positive, alpha-beta memory T cell; Donor: ENCDO791UJG	/labs/jesse-engreitz/	UM1HG009436	element gene link predictions	DNase-seq,HiC	human	/biosample-types/primary_cell_CL_0000897/	ENCSR239XNU	jesse-engreitz:encode_re2g_predictions_CD4-positive__alpha-beta_memory_T_cell_ENCSR239XNU_ENCFF442IGJ_DNaseHiC	encode:re2g_modelV2.0.0	
ENCODE-rE2G predictions for CD8-positive, alpha-beta T cell; Donor: ENCDO781BMZ	/labs/jesse-engreitz/	UM1HG009436	element gene link predictions	DNase-seq,HiC	human	/biosample-types/primary_cell_CL_0000625/	ENCSR363BTB	jesse-engreitz:encode_re2g_predictions_CD8-positive__alpha-beta_T_cell_ENCSR363BTB_ENCFF009ONH_DNaseHiC	encode:re2g_modelV2.0.0	
ENCODE-rE2G predictions for Caco-2; Donor: ENCDO000ACR	/labs/jesse-engreitz/	UM1HG009436	element gene link predictions	DNase-seq,HiC	human	/biosample-types/cell_line_EFO_0001099/	ENCSR255STJ	jesse-engreitz:encode_re2g_predictions_Caco-2_ENCSR255STJ_ENCFF234MDO_DNaseHiC	encode:re2g_modelV2.0.0	
ENCODE-rE2G predictions for Calu3; Donor: ENCDO109DGE	/labs/jesse-engreitz/	UM1HG009436	element gene link predictions	DNase-seq,HiC	human	/biosample-types/cell_line_EFO_0002819/	ENCSR366NBE	jesse-engreitz:encode_re2g_predictions_Calu3_ENCSR366NBE_ENCFF127TPS_DNaseHiC	encode:re2g_modelV2.0.0	
ENCODE-rE2G predictions for GM12878; Donor: ENCDO000AAK	/labs/jesse-engreitz/	UM1HG009436	element gene link predictions	DNase-seq,HiC	human	/biosample-types/cell_line_EFO_0002784/	ENCSR000EMT	jesse-engreitz:encode_re2g_predictions_GM12878_ENCSR000EMT_ENCFF318GOM_DNaseHiC	encode:re2g_modelV2.0.0	
ENCODE-rE2G predictions for HCT116; Donor: ENCDO000ABE	/labs/jesse-engreitz/	UM1HG009436	element gene link predictions	DNase-seq,HiC	human	/biosample-types/cell_line_EFO_0002824/	ENCSR477IQW	jesse-engreitz:encode_re2g_predictions_HCT116_ENCSR477IQW_ENCFF135MUT_DNaseHiC	encode:re2g_modelV2.0.0	
ENCODE-rE2G predictions for HCT116; Donor: ENCDO000ABE	/labs/jesse-engreitz/	UM1HG009436	element gene link predictions	DNase-seq,HiC	human	/biosample-types/cell_line_EFO_0002824/	ENCSR867ITQ	jesse-engreitz:encode_re2g_predictions_HCT116_ENCSR867ITQ_ENCFF683PLM_DNaseHiC	encode:re2g_modelV2.0.0	
ENCODE-rE2G predictions for HCT116; Donor: ENCDO000ABE	/labs/jesse-engreitz/	UM1HG009436	element gene link predictions	DNase-seq,HiC	human	/biosample-types/cell_line_EFO_0002824/	ENCSR980GWI	jesse-engreitz:encode_re2g_predictions_HCT116_ENCSR980GWI_ENCFF241MSL_DNaseHiC	encode:re2g_modelV2.0.0	
ENCODE-rE2G predictions for HCT116; Donor: ENCDO000ABE	/labs/jesse-engreitz/	UM1HG009436	element gene link predictions	DNase-seq,HiC	human	/biosample-types/cell_line_EFO_0002824/	ENCSR595CME	jesse-engreitz:encode_re2g_predictions_HCT116_ENCSR595CME_ENCFF302CUI_DNaseHiC	encode:re2g_modelV2.0.0	
ENCODE-rE2G predictions for HCT116; Donor: ENCDO000ABE	/labs/jesse-engreitz/	UM1HG009436	element gene link predictions	DNase-seq,HiC	human	/biosample-types/cell_line_EFO_0002824/	ENCSR811COL	jesse-engreitz:encode_re2g_predictions_HCT116_ENCSR811COL_ENCFF104THR_DNaseHiC	encode:re2g_modelV2.0.0	
ENCODE-rE2G predictions for HCT116; Donor: ENCDO000ABE	/labs/jesse-engreitz/	UM1HG009436	element gene link predictions	DNase-seq,HiC	human	/biosample-types/cell_line_EFO_0002824/	ENCSR498JAW	jesse-engreitz:encode_re2g_predictions_HCT116_ENCSR498JAW_ENCFF004TKY_DNaseHiC	encode:re2g_modelV2.0.0	
ENCODE-rE2G predictions for HCT116; Donor: ENCDO000ABE	/labs/jesse-engreitz/	UM1HG009436	element gene link predictions	DNase-seq,HiC	human	/biosample-types/cell_line_EFO_0002824/	ENCSR000ENM	jesse-engreitz:encode_re2g_predictions_HCT116_ENCSR000ENM_ENCFF573OPJ_DNaseHiC	encode:re2g_modelV2.0.0	
ENCODE-rE2G predictions for HCT116; Donor: ENCDO000ABE	/labs/jesse-engreitz/	UM1HG009436	element gene link predictions	DNase-seq,HiC	human	/biosample-types/cell_line_EFO_0002824/	ENCSR129EWE	jesse-engreitz:encode_re2g_predictions_HCT116_ENCSR129EWE_ENCFF435JYN_DNaseHiC	encode:re2g_modelV2.0.0	
ENCODE-rE2G predictions for HCT116; Donor: ENCDO000ABE	/labs/jesse-engreitz/	UM1HG009436	element gene link predictions	DNase-seq,HiC	human	/biosample-types/cell_line_EFO_0002824/	ENCSR694YJR	jesse-engreitz:encode_re2g_predictions_HCT116_ENCSR694YJR_ENCFF086ORS_DNaseHiC	encode:re2g_modelV2.0.0	
ENCODE-rE2G predictions for HCT116; Donor: ENCDO000ABE	/labs/jesse-engreitz/	UM1HG009436	element gene link predictions	DNase-seq,HiC	human	/biosample-types/cell_line_EFO_0002824/	ENCSR878VJL	jesse-engreitz:encode_re2g_predictions_HCT116_ENCSR878VJL_ENCFF534TYD_DNaseHiC	encode:re2g_modelV2.0.0	
ENCODE-rE2G predictions for HCT116; Donor: ENCDO000ABE	/labs/jesse-engreitz/	UM1HG009436	element gene link predictions	DNase-seq,HiC	human	/biosample-types/cell_line_EFO_0002824/	ENCSR795ZKB	jesse-engreitz:encode_re2g_predictions_HCT116_ENCSR795ZKB_ENCFF434XQU_DNaseHiC	encode:re2g_modelV2.0.0	
ENCODE-rE2G predictions for HCT116; Donor: ENCDO000ABE	/labs/jesse-engreitz/	UM1HG009436	element gene link predictions	DNase-seq,HiC	human	/biosample-types/cell_line_EFO_0002824/	ENCSR542UWN	jesse-engreitz:encode_re2g_predictions_HCT116_ENCSR542UWN_ENCFF912NDK_DNaseHiC	encode:re2g_modelV2.0.0	
ENCODE-rE2G predictions for HCT116; Donor: ENCDO000ABE	/labs/jesse-engreitz/	UM1HG009436	element gene link predictions	DNase-seq,HiC	human	/biosample-types/cell_line_EFO_0002824/	ENCSR702VYW	jesse-engreitz:encode_re2g_predictions_HCT116_ENCSR702VYW_ENCFF259YUS_DNaseHiC	encode:re2g_modelV2.0.0	
ENCODE-rE2G predictions for HCT116; Donor: ENCDO000ABE	/labs/jesse-engreitz/	UM1HG009436	element gene link predictions	DNase-seq,HiC	human	/biosample-types/cell_line_EFO_0002824/	ENCSR690ADK	jesse-engreitz:encode_re2g_predictions_HCT116_ENCSR690ADK_ENCFF700DEX_DNaseHiC	encode:re2g_modelV2.0.0	
ENCODE-rE2G predictions for HCT116; Donor: ENCDO000ABE	/labs/jesse-engreitz/	UM1HG009436	element gene link predictions	DNase-seq,HiC	human	/biosample-types/cell_line_EFO_0002824/	ENCSR521WNU	jesse-engreitz:encode_re2g_predictions_HCT116_ENCSR521WNU_ENCFF016JKX_DNaseHiC	encode:re2g_modelV2.0.0	
ENCODE-rE2G predictions for HCT116; Donor: ENCDO000ABE	/labs/jesse-engreitz/	UM1HG009436	element gene link predictions	DNase-seq,HiC	human	/biosample-types/cell_line_EFO_0002824/	ENCSR823GSV	jesse-engreitz:encode_re2g_predictions_HCT116_ENCSR823GSV_ENCFF528XGK_DNaseHiC	encode:re2g_modelV2.0.0	
ENCODE-rE2G predictions for HepG2; Donor: ENCDO000AAC	/labs/jesse-engreitz/	UM1HG009436	element gene link predictions	DNase-seq,HiC	human	/biosample-types/cell_line_EFO_0001187/	ENCSR149XIL	jesse-engreitz:encode_re2g_predictions_HepG2_ENCSR149XIL_ENCFF807IRK_DNaseHiC	encode:re2g_modelV2.0.0	
ENCODE-rE2G predictions for IMR-90; Donor: ENCDO000AAX	/labs/jesse-engreitz/	UM1HG009436	element gene link predictions	DNase-seq,HiC	human	/biosample-types/cell_line_EFO_0001196/	ENCSR000EKG	jesse-engreitz:encode_re2g_predictions_IMR-90_ENCSR000EKG_ENCFF281ILS_DNaseHiC	encode:re2g_modelV2.0.0	
ENCODE-rE2G predictions for K562; Donor: ENCDO000AAD	/labs/jesse-engreitz/	UM1HG009436	element gene link predictions	DNase-seq,HiC	human	/biosample-types/cell_line_EFO_0002067/	ENCSR000EOT	jesse-engreitz:encode_re2g_predictions_K562_ENCSR000EOT_ENCFF621AIY_DNaseHiC	encode:re2g_modelV2.0.0	
ENCODE-rE2G predictions for MCF 10A; Donor: ENCDO000AAP	/labs/jesse-engreitz/	UM1HG009436	element gene link predictions	DNase-seq,HiC	human	/biosample-types/cell_line_EFO_0001200/	ENCSR789VGQ	jesse-engreitz:encode_re2g_predictions_MCF_10A_ENCSR789VGQ_ENCFF977XWK_DNaseHiC	encode:re2g_modelV2.0.0	
ENCODE-rE2G predictions for MCF-7; Donor: ENCDO000AAE	/labs/jesse-engreitz/	UM1HG009436	element gene link predictions	DNase-seq,HiC	human	/biosample-types/cell_line_EFO_0001203/	ENCSR000EPH	jesse-engreitz:encode_re2g_predictions_MCF-7_ENCSR000EPH_ENCFF420JTA_DNaseHiC	encode:re2g_modelV2.0.0	
ENCODE-rE2G predictions for OCI-LY7; Donor: ENCDO351AAA	/labs/jesse-engreitz/	UM1HG009436	element gene link predictions	DNase-seq,HiC	human	/biosample-types/cell_line_EFO_0006711/	ENCSR489NAM	jesse-engreitz:encode_re2g_predictions_OCI-LY7_ENCSR489NAM_ENCFF480KLP_DNaseHiC	encode:re2g_modelV2.0.0	
ENCODE-rE2G predictions for PC-3; Donor: ENCDO349AAA	/labs/jesse-engreitz/	UM1HG009436	element gene link predictions	DNase-seq,HiC	human	/biosample-types/cell_line_EFO_0002074/	ENCSR052AWE	jesse-engreitz:encode_re2g_predictions_PC-3_ENCSR052AWE_ENCFF322IBI_DNaseHiC	encode:re2g_modelV2.0.0	
ENCODE-rE2G predictions for PC-9; Donor: ENCDO647UHQ	/labs/jesse-engreitz/	UM1HG009436	element gene link predictions	DNase-seq,HiC	human	/biosample-types/cell_line_EFO_0002847/	ENCSR781TYE	jesse-engreitz:encode_re2g_predictions_PC-9_ENCSR781TYE_ENCFF181ROW_DNaseHiC	encode:re2g_modelV2.0.0	
ENCODE-rE2G predictions for Panc1; Donor: ENCDO000ABB	/labs/jesse-engreitz/	UM1HG009436	element gene link predictions	DNase-seq,HiC	human	/biosample-types/cell_line_EFO_0002713/	ENCSR000EPT	jesse-engreitz:encode_re2g_predictions_Panc1_ENCSR000EPT_ENCFF522YLZ_DNaseHiC	encode:re2g_modelV2.0.0	
ENCODE-rE2G predictions for Right ventricle myocardium inferior; Donor: ENCDO520EJG	/labs/jesse-engreitz/	UM1HG009436	element gene link predictions	DNase-seq,HiC	human	/biosample-types/tissue_NTR_0000491/	ENCSR085MZL	jesse-engreitz:encode_re2g_predictions_Right_ventricle_myocardium_inferior_ENCSR085MZL_ENCFF842DUO_DNaseHiC	encode:re2g_modelV2.0.0	
ENCODE-rE2G predictions for Right ventricle myocardium superior; Donor: ENCDO520EJG	/labs/jesse-engreitz/	UM1HG009436	element gene link predictions	DNase-seq,HiC	human	/biosample-types/tissue_NTR_0000492/	ENCSR895GSY	jesse-engreitz:encode_re2g_predictions_Right_ventricle_myocardium_superior_ENCSR895GSY_ENCFF273XBU_DNaseHiC	encode:re2g_modelV2.0.0	
ENCODE-rE2G predictions for T-helper 2 cell; Donor: ENCDO374BBL	/labs/jesse-engreitz/	UM1HG009436	element gene link predictions	DNase-seq,HiC	human	/biosample-types/primary_cell_CL_0000546/	ENCSR223XND	jesse-engreitz:encode_re2g_predictions_T-helper_2_cell_ENCSR223XND_ENCFF029UAL_DNaseHiC	encode:re2g_modelV2.0.0	
ENCODE-rE2G predictions for activated CD4-positive, alpha-beta T cell; Donor: ENCDO394DKX	/labs/jesse-engreitz/	UM1HG009436	element gene link predictions	DNase-seq,HiC	human	/biosample-types/primary_cell_CL_0000896/	ENCSR935HEI	jesse-engreitz:encode_re2g_predictions_activated_CD4-positive__alpha-beta_T_cell_ENCSR935HEI_ENCFF962EDB_DNaseHiC	encode:re2g_modelV2.0.0	
ENCODE-rE2G predictions for activated CD4-positive, alpha-beta T cell; Donor: ENCDO374BBL	/labs/jesse-engreitz/	UM1HG009436	element gene link predictions	DNase-seq,HiC	human	/biosample-types/primary_cell_CL_0000896/	ENCSR365CUB	jesse-engreitz:encode_re2g_predictions_activated_CD4-positive__alpha-beta_T_cell_ENCSR365CUB_ENCFF355VJW_DNaseHiC	encode:re2g_modelV2.0.0	
ENCODE-rE2G predictions for activated CD4-positive, alpha-beta memory T cell; Donor: ENCDO791UJG	/labs/jesse-engreitz/	UM1HG009436	element gene link predictions	DNase-seq,HiC	human	/biosample-types/primary_cell_NTR_0000499/	ENCSR021YFW	jesse-engreitz:encode_re2g_predictions_activated_CD4-positive__alpha-beta_memory_T_cell_ENCSR021YFW_ENCFF980NXK_DNaseHiC	encode:re2g_modelV2.0.0	
ENCODE-rE2G predictions for activated CD8-positive, alpha-beta T cell; Donor: ENCDO781BMZ	/labs/jesse-engreitz/	UM1HG009436	element gene link predictions	DNase-seq,HiC	human	/biosample-types/primary_cell_CL_0000906/	ENCSR294YEJ	jesse-engreitz:encode_re2g_predictions_activated_CD8-positive__alpha-beta_T_cell_ENCSR294YEJ_ENCFF493SFI_DNaseHiC	encode:re2g_modelV2.0.0	
ENCODE-rE2G predictions for activated T-helper 2 cell; Donor: ENCDO374BBL	/labs/jesse-engreitz/	UM1HG009436	element gene link predictions	DNase-seq,HiC	human	/biosample-types/primary_cell_NTR_0000634/	ENCSR780ABS	jesse-engreitz:encode_re2g_predictions_activated_T-helper_2_cell_ENCSR780ABS_ENCFF687ATD_DNaseHiC	encode:re2g_modelV2.0.0	
ENCODE-rE2G predictions for activated naive CD4-positive, alpha-beta T cell; Donor: ENCDO791UJG	/labs/jesse-engreitz/	UM1HG009436	element gene link predictions	DNase-seq,HiC	human	/biosample-types/primary_cell_NTR_0000497/	ENCSR478SWA	jesse-engreitz:encode_re2g_predictions_activated_naive_CD4-positive__alpha-beta_T_cell_ENCSR478SWA_ENCFF571GTF_DNaseHiC	encode:re2g_modelV2.0.0	
ENCODE-rE2G predictions for adrenal gland; Donor: ENCDO575WHY	/labs/jesse-engreitz/	UM1HG009436	element gene link predictions	DNase-seq,HiC	human	/biosample-types/tissue_UBERON_0002369/	ENCSR325FWM	jesse-engreitz:encode_re2g_predictions_adrenal_gland_ENCSR325FWM_ENCFF499BVX_DNaseHiC	encode:re2g_modelV2.0.0	
ENCODE-rE2G predictions for aorta; Donor: ENCDO856ZOJ	/labs/jesse-engreitz/	UM1HG009436	element gene link predictions	DNase-seq,HiC	human	/biosample-types/tissue_UBERON_0000947/	ENCSR595DQM	jesse-engreitz:encode_re2g_predictions_aorta_ENCSR595DQM_ENCFF493YNC_DNaseHiC	encode:re2g_modelV2.0.0	
ENCODE-rE2G predictions for aorta; Donor: ENCDO575WHY	/labs/jesse-engreitz/	UM1HG009436	element gene link predictions	DNase-seq,HiC	human	/biosample-types/tissue_UBERON_0000947/	ENCSR713KNQ	jesse-engreitz:encode_re2g_predictions_aorta_ENCSR713KNQ_ENCFF791UZC_DNaseHiC	encode:re2g_modelV2.0.0	
ENCODE-rE2G predictions for ascending aorta; Donor: ENCDO793LXB	/labs/jesse-engreitz/	UM1HG009436	element gene link predictions	DNase-seq,HiC	human	/biosample-types/tissue_UBERON_0001496/	ENCSR968TPO	jesse-engreitz:encode_re2g_predictions_ascending_aorta_ENCSR968TPO_ENCFF558DYU_DNaseHiC	encode:re2g_modelV2.0.0	
ENCODE-rE2G predictions for body of pancreas; Donor: ENCDO793LXB	/labs/jesse-engreitz/	UM1HG009436	element gene link predictions	DNase-seq,HiC	human	/biosample-types/tissue_UBERON_0001150/	ENCSR828FVZ	jesse-engreitz:encode_re2g_predictions_body_of_pancreas_ENCSR828FVZ_ENCFF140ROU_DNaseHiC	encode:re2g_modelV2.0.0	
ENCODE-rE2G predictions for cardiac septum; Donor: ENCDO575WHY	/labs/jesse-engreitz/	UM1HG009436	element gene link predictions	DNase-seq,HiC	human	/biosample-types/tissue_UBERON_0002099/	ENCSR524QBS	jesse-engreitz:encode_re2g_predictions_cardiac_septum_ENCSR524QBS_ENCFF081PMO_DNaseHiC	encode:re2g_modelV2.0.0	
ENCODE-rE2G predictions for colonic mucosa; Donor: ENCDO575WHY	/labs/jesse-engreitz/	UM1HG009436	element gene link predictions	DNase-seq,HiC	human	/biosample-types/tissue_UBERON_0000317/	ENCSR994KTY	jesse-engreitz:encode_re2g_predictions_colonic_mucosa_ENCSR994KTY_ENCFF355NFJ_DNaseHiC	encode:re2g_modelV2.0.0	
ENCODE-rE2G predictions for dorsolateral prefrontal cortex; Donor: ENCDO623FPG	/labs/jesse-engreitz/	UM1HG009436	element gene link predictions	DNase-seq,HiC	human	/biosample-types/tissue_UBERON_0009834/	ENCSR401UZL	jesse-engreitz:encode_re2g_predictions_dorsolateral_prefrontal_cortex_ENCSR401UZL_ENCFF925QIF_DNaseHiC	encode:re2g_modelV2.0.0	
ENCODE-rE2G predictions for endothelial cell of umbilical vein; Donor: ENCDO930BXC	/labs/jesse-engreitz/	UM1HG009436	element gene link predictions	DNase-seq,HiC	human	/biosample-types/primary_cell_CL_0002618/	ENCSR000EOQ	jesse-engreitz:encode_re2g_predictions_endothelial_cell_of_umbilical_vein_ENCSR000EOQ_ENCFF783KQI_DNaseHiC	encode:re2g_modelV2.0.0	
ENCODE-rE2G predictions for esophagus muscularis mucosa; Donor: ENCDO845WKR	/labs/jesse-engreitz/	UM1HG009436	element gene link predictions	DNase-seq,HiC	human	/biosample-types/tissue_UBERON_0004648/	ENCSR944JCE	jesse-engreitz:encode_re2g_predictions_esophagus_muscularis_mucosa_ENCSR944JCE_ENCFF458VBB_DNaseHiC	encode:re2g_modelV2.0.0	
ENCODE-rE2G predictions for esophagus squamous epithelium; Donor: ENCDO845WKR	/labs/jesse-engreitz/	UM1HG009436	element gene link predictions	DNase-seq,HiC	human	/biosample-types/tissue_UBERON_0006920/	ENCSR783OCW	jesse-engreitz:encode_re2g_predictions_esophagus_squamous_epithelium_ENCSR783OCW_ENCFF224HKR_DNaseHiC	encode:re2g_modelV2.0.0	
ENCODE-rE2G predictions for head of caudate nucleus; Donor: ENCDO707TUE	/labs/jesse-engreitz/	UM1HG009436	element gene link predictions	DNase-seq,HiC	human	/biosample-types/tissue_UBERON_0002626/	ENCSR116UQH	jesse-engreitz:encode_re2g_predictions_head_of_caudate_nucleus_ENCSR116UQH_ENCFF711XSR_DNaseHiC	encode:re2g_modelV2.0.0	
ENCODE-rE2G predictions for heart left ventricle; Donor: ENCDO392CRK	/labs/jesse-engreitz/	UM1HG009436	element gene link predictions	DNase-seq,HiC	human	/biosample-types/tissue_UBERON_0002084/	ENCSR598RVJ	jesse-engreitz:encode_re2g_predictions_heart_left_ventricle_ENCSR598RVJ_ENCFF341WOY_DNaseHiC	encode:re2g_modelV2.0.0	
ENCODE-rE2G predictions for heart left ventricle; Donor: ENCDO856ZOJ	/labs/jesse-engreitz/	UM1HG009436	element gene link predictions	DNase-seq,HiC	human	/biosample-types/tissue_UBERON_0002084/	ENCSR395HAE	jesse-engreitz:encode_re2g_predictions_heart_left_ventricle_ENCSR395HAE_ENCFF004YZQ_DNaseHiC	encode:re2g_modelV2.0.0	
ENCODE-rE2G predictions for heart left ventricle; Donor: ENCDO477WED	/labs/jesse-engreitz/	UM1HG009436	element gene link predictions	DNase-seq,HiC	human	/biosample-types/tissue_UBERON_0002084/	ENCSR222CLC	jesse-engreitz:encode_re2g_predictions_heart_left_ventricle_ENCSR222CLC_ENCFF556RLR_DNaseHiC	encode:re2g_modelV2.0.0	
ENCODE-rE2G predictions for heart left ventricle; Donor: ENCDO477WED	/labs/jesse-engreitz/	UM1HG009436	element gene link predictions	DNase-seq,HiC	human	/biosample-types/tissue_UBERON_0002084/	ENCSR222CLC	jesse-engreitz:encode_re2g_predictions_heart_left_ventricle_ENCSR222CLC_ENCFF294GFP_DNaseHiC	encode:re2g_modelV2.0.0	
ENCODE-rE2G predictions for heart left ventricle; Donor: ENCDO856ZOJ	/labs/jesse-engreitz/	UM1HG009436	element gene link predictions	DNase-seq,HiC	human	/biosample-types/tissue_UBERON_0002084/	ENCSR395HAE	jesse-engreitz:encode_re2g_predictions_heart_left_ventricle_ENCSR395HAE_ENCFF546TZN_DNaseHiC	encode:re2g_modelV2.0.0	
ENCODE-rE2G predictions for heart left ventricle; Donor: ENCDO039RUH	/labs/jesse-engreitz/	UM1HG009436	element gene link predictions	DNase-seq,HiC	human	/biosample-types/tissue_UBERON_0002084/	ENCSR735NTV	jesse-engreitz:encode_re2g_predictions_heart_left_ventricle_ENCSR735NTV_ENCFF033WGK_DNaseHiC	encode:re2g_modelV2.0.0	
ENCODE-rE2G predictions for heart left ventricle; Donor: ENCDO411EVD	/labs/jesse-engreitz/	UM1HG009436	element gene link predictions	DNase-seq,HiC	human	/biosample-types/tissue_UBERON_0002084/	ENCSR747SEU	jesse-engreitz:encode_re2g_predictions_heart_left_ventricle_ENCSR747SEU_ENCFF193CQL_DNaseHiC	encode:re2g_modelV2.0.0	
ENCODE-rE2G predictions for heart left ventricle; Donor: ENCDO039RUH	/labs/jesse-engreitz/	UM1HG009436	element gene link predictions	DNase-seq,HiC	human	/biosample-types/tissue_UBERON_0002084/	ENCSR735NTV	jesse-engreitz:encode_re2g_predictions_heart_left_ventricle_ENCSR735NTV_ENCFF251VFA_DNaseHiC	encode:re2g_modelV2.0.0	
ENCODE-rE2G predictions for heart left ventricle; Donor: ENCDO967KID	/labs/jesse-engreitz/	UM1HG009436	element gene link predictions	DNase-seq,HiC	human	/biosample-types/tissue_UBERON_0002084/	ENCSR299QGI	jesse-engreitz:encode_re2g_predictions_heart_left_ventricle_ENCSR299QGI_ENCFF643NDM_DNaseHiC	encode:re2g_modelV2.0.0	
ENCODE-rE2G predictions for heart left ventricle; Donor: ENCDO392CRK	/labs/jesse-engreitz/	UM1HG009436	element gene link predictions	DNase-seq,HiC	human	/biosample-types/tissue_UBERON_0002084/	ENCSR598RVJ	jesse-engreitz:encode_re2g_predictions_heart_left_ventricle_ENCSR598RVJ_ENCFF591MHA_DNaseHiC	encode:re2g_modelV2.0.0	
ENCODE-rE2G predictions for heart right ventricle; Donor: ENCDO411EVD	/labs/jesse-engreitz/	UM1HG009436	element gene link predictions	DNase-seq,HiC	human	/biosample-types/tissue_UBERON_0002080/	ENCSR356RNZ	jesse-engreitz:encode_re2g_predictions_heart_right_ventricle_ENCSR356RNZ_ENCFF605CEN_DNaseHiC	encode:re2g_modelV2.0.0	
ENCODE-rE2G predictions for heart right ventricle; Donor: ENCDO477WED	/labs/jesse-engreitz/	UM1HG009436	element gene link predictions	DNase-seq,HiC	human	/biosample-types/tissue_UBERON_0002080/	ENCSR214NLQ	jesse-engreitz:encode_re2g_predictions_heart_right_ventricle_ENCSR214NLQ_ENCFF028RXH_DNaseHiC	encode:re2g_modelV2.0.0	
ENCODE-rE2G predictions for heart right ventricle; Donor: ENCDO926KEV	/labs/jesse-engreitz/	UM1HG009436	element gene link predictions	DNase-seq,HiC	human	/biosample-types/tissue_UBERON_0002080/	ENCSR928WMU	jesse-engreitz:encode_re2g_predictions_heart_right_ventricle_ENCSR928WMU_ENCFF545GBW_DNaseHiC	encode:re2g_modelV2.0.0	
ENCODE-rE2G predictions for heart right ventricle; Donor: ENCDO392CRK	/labs/jesse-engreitz/	UM1HG009436	element gene link predictions	DNase-seq,HiC	human	/biosample-types/tissue_UBERON_0002080/	ENCSR238FMP	jesse-engreitz:encode_re2g_predictions_heart_right_ventricle_ENCSR238FMP_ENCFF252ANV_DNaseHiC	encode:re2g_modelV2.0.0	
ENCODE-rE2G predictions for heart right ventricle; Donor: ENCDO967KID	/labs/jesse-engreitz/	UM1HG009436	element gene link predictions	DNase-seq,HiC	human	/biosample-types/tissue_UBERON_0002080/	ENCSR298OIK	jesse-engreitz:encode_re2g_predictions_heart_right_ventricle_ENCSR298OIK_ENCFF965BPU_DNaseHiC	encode:re2g_modelV2.0.0	
ENCODE-rE2G predictions for heart right ventricle; Donor: ENCDO392CRK	/labs/jesse-engreitz/	UM1HG009436	element gene link predictions	DNase-seq,HiC	human	/biosample-types/tissue_UBERON_0002080/	ENCSR238FMP	jesse-engreitz:encode_re2g_predictions_heart_right_ventricle_ENCSR238FMP_ENCFF782WVZ_DNaseHiC	encode:re2g_modelV2.0.0	
ENCODE-rE2G predictions for heart right ventricle; Donor: ENCDO039RUH	/labs/jesse-engreitz/	UM1HG009436	element gene link predictions	DNase-seq,HiC	human	/biosample-types/tissue_UBERON_0002080/	ENCSR792QQE	jesse-engreitz:encode_re2g_predictions_heart_right_ventricle_ENCSR792QQE_ENCFF467OGP_DNaseHiC	encode:re2g_modelV2.0.0	
ENCODE-rE2G predictions for heart right ventricle; Donor: ENCDO808ASZ	/labs/jesse-engreitz/	UM1HG009436	element gene link predictions	DNase-seq,HiC	human	/biosample-types/tissue_UBERON_0002080/	ENCSR694LFE	jesse-engreitz:encode_re2g_predictions_heart_right_ventricle_ENCSR694LFE_ENCFF507WEW_DNaseHiC	encode:re2g_modelV2.0.0	
ENCODE-rE2G predictions for heart right ventricle; Donor: ENCDO439CAZ	/labs/jesse-engreitz/	UM1HG009436	element gene link predictions	DNase-seq,HiC	human	/biosample-types/tissue_UBERON_0002080/	ENCSR211SUT	jesse-engreitz:encode_re2g_predictions_heart_right_ventricle_ENCSR211SUT_ENCFF663FRL_DNaseHiC	encode:re2g_modelV2.0.0	
ENCODE-rE2G predictions for heart right ventricle; Donor: ENCDO907YUG	/labs/jesse-engreitz/	UM1HG009436	element gene link predictions	DNase-seq,HiC	human	/biosample-types/tissue_UBERON_0002080/	ENCSR246VSO	jesse-engreitz:encode_re2g_predictions_heart_right_ventricle_ENCSR246VSO_ENCFF736ITL_DNaseHiC	encode:re2g_modelV2.0.0	
ENCODE-rE2G predictions for kidney; Donor: ENCDO528BHB	/labs/jesse-engreitz/	UM1HG009436	element gene link predictions	DNase-seq,HiC	human	/biosample-types/tissue_UBERON_0002113/	ENCSR206OJJ	jesse-engreitz:encode_re2g_predictions_kidney_ENCSR206OJJ_ENCFF417GBZ_DNaseHiC	encode:re2g_modelV2.0.0	
ENCODE-rE2G predictions for left cardiac atrium; Donor: ENCDO856ZOJ	/labs/jesse-engreitz/	UM1HG009436	element gene link predictions	DNase-seq,HiC	human	/biosample-types/tissue_UBERON_0002079/	ENCSR032NNU	jesse-engreitz:encode_re2g_predictions_left_cardiac_atrium_ENCSR032NNU_ENCFF628LQQ_DNaseHiC	encode:re2g_modelV2.0.0	
ENCODE-rE2G predictions for left cardiac atrium; Donor: ENCDO856ZOJ	/labs/jesse-engreitz/	UM1HG009436	element gene link predictions	DNase-seq,HiC	human	/biosample-types/tissue_UBERON_0002079/	ENCSR032NNU	jesse-engreitz:encode_re2g_predictions_left_cardiac_atrium_ENCSR032NNU_ENCFF614IPZ_DNaseHiC	encode:re2g_modelV2.0.0	
ENCODE-rE2G predictions for left colon; Donor: ENCDO856ZOJ	/labs/jesse-engreitz/	UM1HG009436	element gene link predictions	DNase-seq,HiC	human	/biosample-types/tissue_UBERON_0008971/	ENCSR867XFA	jesse-engreitz:encode_re2g_predictions_left_colon_ENCSR867XFA_ENCFF035BLF_DNaseHiC	encode:re2g_modelV2.0.0	
ENCODE-rE2G predictions for left colon; Donor: ENCDO411EVD	/labs/jesse-engreitz/	UM1HG009436	element gene link predictions	DNase-seq,HiC	human	/biosample-types/tissue_UBERON_0008971/	ENCSR279SXQ	jesse-engreitz:encode_re2g_predictions_left_colon_ENCSR279SXQ_ENCFF660JWA_DNaseHiC	encode:re2g_modelV2.0.0	
ENCODE-rE2G predictions for left lung; Donor: ENCDO392CRK	/labs/jesse-engreitz/	UM1HG009436	element gene link predictions	DNase-seq,HiC	human	/biosample-types/tissue_UBERON_0002168/	ENCSR723VNG	jesse-engreitz:encode_re2g_predictions_left_lung_ENCSR723VNG_ENCFF237UKR_DNaseHiC	encode:re2g_modelV2.0.0	
ENCODE-rE2G predictions for left lung; Donor: ENCDO575EGL	/labs/jesse-engreitz/	UM1HG009436	element gene link predictions	DNase-seq,HiC	human	/biosample-types/tissue_UBERON_0002168/	ENCSR658UBE	jesse-engreitz:encode_re2g_predictions_left_lung_ENCSR658UBE_ENCFF094KKX_DNaseHiC	encode:re2g_modelV2.0.0	
ENCODE-rE2G predictions for left ventricle myocardium inferior; Donor: ENCDO520EJG	/labs/jesse-engreitz/	UM1HG009436	element gene link predictions	DNase-seq,HiC	human	/biosample-types/tissue_NTR_0000493/	ENCSR770OTB	jesse-engreitz:encode_re2g_predictions_left_ventricle_myocardium_inferior_ENCSR770OTB_ENCFF235LCO_DNaseHiC	encode:re2g_modelV2.0.0	
ENCODE-rE2G predictions for left ventricle myocardium superior; Donor: ENCDO520EJG	/labs/jesse-engreitz/	UM1HG009436	element gene link predictions	DNase-seq,HiC	human	/biosample-types/tissue_NTR_0000494/	ENCSR355WAJ	jesse-engreitz:encode_re2g_predictions_left_ventricle_myocardium_superior_ENCSR355WAJ_ENCFF318JAP_DNaseHiC	encode:re2g_modelV2.0.0	
ENCODE-rE2G predictions for lower lobe of left lung; Donor: ENCDO520EJG	/labs/jesse-engreitz/	UM1HG009436	element gene link predictions	DNase-seq,HiC	human	/biosample-types/tissue_UBERON_0008953/	ENCSR757NJT	jesse-engreitz:encode_re2g_predictions_lower_lobe_of_left_lung_ENCSR757NJT_ENCFF649OHR_DNaseHiC	encode:re2g_modelV2.0.0	
ENCODE-rE2G predictions for lower lobe of left lung; Donor: ENCDO856ZOJ	/labs/jesse-engreitz/	UM1HG009436	element gene link predictions	DNase-seq,HiC	human	/biosample-types/tissue_UBERON_0008953/	ENCSR632ONQ	jesse-engreitz:encode_re2g_predictions_lower_lobe_of_left_lung_ENCSR632ONQ_ENCFF395INO_DNaseHiC	encode:re2g_modelV2.0.0	
ENCODE-rE2G predictions for lower lobe of right lung; Donor: ENCDO520EJG	/labs/jesse-engreitz/	UM1HG009436	element gene link predictions	DNase-seq,HiC	human	/biosample-types/tissue_UBERON_0002171/	ENCSR785JXR	jesse-engreitz:encode_re2g_predictions_lower_lobe_of_right_lung_ENCSR785JXR_ENCFF896OFN_DNaseHiC	encode:re2g_modelV2.0.0	
ENCODE-rE2G predictions for mammary epithelial cell; Donor: ENCDO955XOD	/labs/jesse-engreitz/	UM1HG009436	element gene link predictions	DNase-seq,HiC	human	/biosample-types/primary_cell_CL_0002327/	ENCSR817ALC	jesse-engreitz:encode_re2g_predictions_mammary_epithelial_cell_ENCSR817ALC_ENCFF512PQA_DNaseHiC	encode:re2g_modelV2.0.0	
ENCODE-rE2G predictions for mucosa of descending colon; Donor: ENCDO186XRB	/labs/jesse-engreitz/	UM1HG009436	element gene link predictions	DNase-seq,HiC	human	/biosample-types/tissue_UBERON_0004992/	ENCSR404TSP	jesse-engreitz:encode_re2g_predictions_mucosa_of_descending_colon_ENCSR404TSP_ENCFF309UNV_DNaseHiC	encode:re2g_modelV2.0.0	
ENCODE-rE2G predictions for mucosa of descending colon; Donor: ENCDO392CRK	/labs/jesse-engreitz/	UM1HG009436	element gene link predictions	DNase-seq,HiC	human	/biosample-types/tissue_UBERON_0004992/	ENCSR612CTW	jesse-engreitz:encode_re2g_predictions_mucosa_of_descending_colon_ENCSR612CTW_ENCFF579CAR_DNaseHiC	encode:re2g_modelV2.0.0	
ENCODE-rE2G predictions for naive thymus-derived CD4-positive, alpha-beta T cell; Donor: ENCDO374BBL	/labs/jesse-engreitz/	UM1HG009436	element gene link predictions	DNase-seq,HiC	human	/biosample-types/primary_cell_CL_0000895/	ENCSR232NLA	jesse-engreitz:encode_re2g_predictions_naive_thymus-derived_CD4-positive__alpha-beta_T_cell_ENCSR232NLA_ENCFF520GFL_DNaseHiC	encode:re2g_modelV2.0.0	
ENCODE-rE2G predictions for naive thymus-derived CD4-positive, alpha-beta T cell; Donor: ENCDO791UJG	/labs/jesse-engreitz/	UM1HG009436	element gene link predictions	DNase-seq,HiC	human	/biosample-types/primary_cell_CL_0000895/	ENCSR387EYA	jesse-engreitz:encode_re2g_predictions_naive_thymus-derived_CD4-positive__alpha-beta_T_cell_ENCSR387EYA_ENCFF044TCQ_DNaseHiC	encode:re2g_modelV2.0.0	
ENCODE-rE2G predictions for natural killer cell; Donor: ENCDO195VEA	/labs/jesse-engreitz/	UM1HG009436	element gene link predictions	DNase-seq,HiC	human	/biosample-types/primary_cell_CL_0000623/	ENCSR975LGK	jesse-engreitz:encode_re2g_predictions_natural_killer_cell_ENCSR975LGK_ENCFF197OWW_DNaseHiC	encode:re2g_modelV2.0.0	
ENCODE-rE2G predictions for ovary; Donor: ENCDO575WHY	/labs/jesse-engreitz/	UM1HG009436	element gene link predictions	DNase-seq,HiC	human	/biosample-types/tissue_UBERON_0000992/	ENCSR872DUY	jesse-engreitz:encode_re2g_predictions_ovary_ENCSR872DUY_ENCFF156GGD_DNaseHiC	encode:re2g_modelV2.0.0	
ENCODE-rE2G predictions for ovary; Donor: ENCDO793LXB	/labs/jesse-engreitz/	UM1HG009436	element gene link predictions	DNase-seq,HiC	human	/biosample-types/tissue_UBERON_0000992/	ENCSR930PDT	jesse-engreitz:encode_re2g_predictions_ovary_ENCSR930PDT_ENCFF019YVI_DNaseHiC	encode:re2g_modelV2.0.0	
ENCODE-rE2G predictions for ovary; Donor: ENCDO856ZOJ	/labs/jesse-engreitz/	UM1HG009436	element gene link predictions	DNase-seq,HiC	human	/biosample-types/tissue_UBERON_0000992/	ENCSR330ZBO	jesse-engreitz:encode_re2g_predictions_ovary_ENCSR330ZBO_ENCFF700CYI_DNaseHiC	encode:re2g_modelV2.0.0	
ENCODE-rE2G predictions for ovary; Donor: ENCDO186XRB	/labs/jesse-engreitz/	UM1HG009436	element gene link predictions	DNase-seq,HiC	human	/biosample-types/tissue_UBERON_0000992/	ENCSR138UGH	jesse-engreitz:encode_re2g_predictions_ovary_ENCSR138UGH_ENCFF496GEU_DNaseHiC	encode:re2g_modelV2.0.0	
ENCODE-rE2G predictions for pancreas; Donor: ENCDO856ZOJ	/labs/jesse-engreitz/	UM1HG009436	element gene link predictions	DNase-seq,HiC	human	/biosample-types/tissue_UBERON_0001264/	ENCSR999VDH	jesse-engreitz:encode_re2g_predictions_pancreas_ENCSR999VDH_ENCFF705MKK_DNaseHiC	encode:re2g_modelV2.0.0	
ENCODE-rE2G predictions for pancreas; Donor: ENCDO186XRB	/labs/jesse-engreitz/	UM1HG009436	element gene link predictions	DNase-seq,HiC	human	/biosample-types/tissue_UBERON_0001264/	ENCSR589HAC	jesse-engreitz:encode_re2g_predictions_pancreas_ENCSR589HAC_ENCFF653HCO_DNaseHiC	encode:re2g_modelV2.0.0	
ENCODE-rE2G predictions for pancreas; Donor: ENCDO575EGL	/labs/jesse-engreitz/	UM1HG009436	element gene link predictions	DNase-seq,HiC	human	/biosample-types/tissue_UBERON_0001264/	ENCSR242RPQ	jesse-engreitz:encode_re2g_predictions_pancreas_ENCSR242RPQ_ENCFF586MQY_DNaseHiC	encode:re2g_modelV2.0.0	
ENCODE-rE2G predictions for posterior vena cava; Donor: ENCDO528BHB	/labs/jesse-engreitz/	UM1HG009436	element gene link predictions	DNase-seq,HiC	human	/biosample-types/tissue_UBERON_0001072/	ENCSR324NVG	jesse-engreitz:encode_re2g_predictions_posterior_vena_cava_ENCSR324NVG_ENCFF673EOB_DNaseHiC	encode:re2g_modelV2.0.0	
ENCODE-rE2G predictions for posterior vena cava; Donor: ENCDO528BHB	/labs/jesse-engreitz/	UM1HG009436	element gene link predictions	DNase-seq,HiC	human	/biosample-types/tissue_UBERON_0001072/	ENCSR324NVG	jesse-engreitz:encode_re2g_predictions_posterior_vena_cava_ENCSR324NVG_ENCFF946RZW_DNaseHiC	encode:re2g_modelV2.0.0	
ENCODE-rE2G predictions for prostate gland; Donor: ENCDO845WKR	/labs/jesse-engreitz/	UM1HG009436	element gene link predictions	DNase-seq,HiC	human	/biosample-types/tissue_UBERON_0002367/	ENCSR564FZH	jesse-engreitz:encode_re2g_predictions_prostate_gland_ENCSR564FZH_ENCFF515ZBF_DNaseHiC	encode:re2g_modelV2.0.0	
ENCODE-rE2G predictions for psoas muscle; Donor: ENCDO856ZOJ	/labs/jesse-engreitz/	UM1HG009436	element gene link predictions	DNase-seq,HiC	human	/biosample-types/tissue_UBERON_0008450/	ENCSR388DHS	jesse-engreitz:encode_re2g_predictions_psoas_muscle_ENCSR388DHS_ENCFF625VNK_DNaseHiC	encode:re2g_modelV2.0.0	
ENCODE-rE2G predictions for psoas muscle; Donor: ENCDO186XRB	/labs/jesse-engreitz/	UM1HG009436	element gene link predictions	DNase-seq,HiC	human	/biosample-types/tissue_UBERON_0008450/	ENCSR108SYM	jesse-engreitz:encode_re2g_predictions_psoas_muscle_ENCSR108SYM_ENCFF136XCV_DNaseHiC	encode:re2g_modelV2.0.0	
ENCODE-rE2G predictions for right cardiac atrium; Donor: ENCDO411EVD	/labs/jesse-engreitz/	UM1HG009436	element gene link predictions	DNase-seq,HiC	human	/biosample-types/tissue_UBERON_0002078/	ENCSR374VQC	jesse-engreitz:encode_re2g_predictions_right_cardiac_atrium_ENCSR374VQC_ENCFF284OEA_DNaseHiC	encode:re2g_modelV2.0.0	
ENCODE-rE2G predictions for right cardiac atrium; Donor: ENCDO856ZOJ	/labs/jesse-engreitz/	UM1HG009436	element gene link predictions	DNase-seq,HiC	human	/biosample-types/tissue_UBERON_0002078/	ENCSR622HTS	jesse-engreitz:encode_re2g_predictions_right_cardiac_atrium_ENCSR622HTS_ENCFF081NPN_DNaseHiC	encode:re2g_modelV2.0.0	
ENCODE-rE2G predictions for right cardiac atrium; Donor: ENCDO520EJG	/labs/jesse-engreitz/	UM1HG009436	element gene link predictions	DNase-seq,HiC	human	/biosample-types/tissue_UBERON_0002078/	ENCSR485UQY	jesse-engreitz:encode_re2g_predictions_right_cardiac_atrium_ENCSR485UQY_ENCFF784WTB_DNaseHiC	encode:re2g_modelV2.0.0	
ENCODE-rE2G predictions for right cardiac atrium; Donor: ENCDO520EJG	/labs/jesse-engreitz/	UM1HG009436	element gene link predictions	DNase-seq,HiC	human	/biosample-types/tissue_UBERON_0002078/	ENCSR485UQY	jesse-engreitz:encode_re2g_predictions_right_cardiac_atrium_ENCSR485UQY_ENCFF459FRB_DNaseHiC	encode:re2g_modelV2.0.0	
ENCODE-rE2G predictions for right lobe of liver; Donor: ENCDO912EIY	/labs/jesse-engreitz/	UM1HG009436	element gene link predictions	DNase-seq,HiC	human	/biosample-types/tissue_UBERON_0001114/	ENCSR164TBP	jesse-engreitz:encode_re2g_predictions_right_lobe_of_liver_ENCSR164TBP_ENCFF952JZV_DNaseHiC	encode:re2g_modelV2.0.0	
ENCODE-rE2G predictions for right lobe of liver; Donor: ENCDO575WHY	/labs/jesse-engreitz/	UM1HG009436	element gene link predictions	DNase-seq,HiC	human	/biosample-types/tissue_UBERON_0001114/	ENCSR933GMM	jesse-engreitz:encode_re2g_predictions_right_lobe_of_liver_ENCSR933GMM_ENCFF705YZH_DNaseHiC	encode:re2g_modelV2.0.0	
ENCODE-rE2G predictions for sciatic nerve; Donor: ENCDO575WHY	/labs/jesse-engreitz/	UM1HG009436	element gene link predictions	DNase-seq,HiC	human	/biosample-types/tissue_UBERON_0001322/	ENCSR672MOG	jesse-engreitz:encode_re2g_predictions_sciatic_nerve_ENCSR672MOG_ENCFF602CHT_DNaseHiC	encode:re2g_modelV2.0.0	
ENCODE-rE2G predictions for sigmoid colon; Donor: ENCDO793LXB	/labs/jesse-engreitz/	UM1HG009436	element gene link predictions	DNase-seq,HiC	human	/biosample-types/tissue_UBERON_0001159/	ENCSR276ITP	jesse-engreitz:encode_re2g_predictions_sigmoid_colon_ENCSR276ITP_ENCFF897KRI_DNaseHiC	encode:re2g_modelV2.0.0	
ENCODE-rE2G predictions for spleen; Donor: ENCDO186XRB	/labs/jesse-engreitz/	UM1HG009436	element gene link predictions	DNase-seq,HiC	human	/biosample-types/tissue_UBERON_0002106/	ENCSR567EEO	jesse-engreitz:encode_re2g_predictions_spleen_ENCSR567EEO_ENCFF280EYD_DNaseHiC	encode:re2g_modelV2.0.0	
ENCODE-rE2G predictions for thyroid gland; Donor: ENCDO793LXB	/labs/jesse-engreitz/	UM1HG009436	element gene link predictions	DNase-seq,HiC	human	/biosample-types/tissue_UBERON_0002046/	ENCSR195ONB	jesse-engreitz:encode_re2g_predictions_thyroid_gland_ENCSR195ONB_ENCFF839VMS_DNaseHiC	encode:re2g_modelV2.0.0	
ENCODE-rE2G predictions for upper lobe of right lung; Donor: ENCDO520EJG	/labs/jesse-engreitz/	UM1HG009436	element gene link predictions	DNase-seq,HiC	human	/biosample-types/tissue_UBERON_0002170/	ENCSR357AWH	jesse-engreitz:encode_re2g_predictions_upper_lobe_of_right_lung_ENCSR357AWH_ENCFF304HMS_DNaseHiC	encode:re2g_modelV2.0.0	
