dataset	file_format	output_type	award	lab	md5sum	file_size	step_run	aliases	assembly	submitted_file_name
jesse-engreitz:encode_re2g_predictions_A673_ENCSR114QAK_ENCFF129LMU_DNaseHiC	bedpe	thresholded links	UM1HG009436	/labs/jesse-engreitz/	ee9dbb300bf7ada8c7ee217a41783246	1599149	NA	jesse-engreitz:encode_re2g_predictions_A673_ENCSR114QAK_ENCFF129LMU_DNaseHiC_thresholded_bedpe	GRCh38	/scratch/users/agschwin/encode_re2g/dhs_hic/thresholded_bedpe/encode_e2g_predictions_A673_ENCSR114QAK_ENCFF129LMU_thresholded_predictions.bedpe.gz
jesse-engreitz:encode_re2g_predictions_B_cell_ENCSR468AKF_ENCFF076LWH_DNaseHiC	bedpe	thresholded links	UM1HG009436	/labs/jesse-engreitz/	c9a674811c72828b750edda0b4e032c9	1568542	NA	jesse-engreitz:encode_re2g_predictions_B_cell_ENCSR468AKF_ENCFF076LWH_DNaseHiC_thresholded_bedpe	GRCh38	/scratch/users/agschwin/encode_re2g/dhs_hic/thresholded_bedpe/encode_e2g_predictions_B_cell_ENCSR468AKF_ENCFF076LWH_thresholded_predictions.bedpe.gz
jesse-engreitz:encode_re2g_predictions_CD14-positive_monocyte_ENCSR241BNZ_ENCFF185AYZ_DNaseHiC	bedpe	thresholded links	UM1HG009436	/labs/jesse-engreitz/	c1450cd214659c8fab6784552ecb7465	1651730	NA	jesse-engreitz:encode_re2g_predictions_CD14-positive_monocyte_ENCSR241BNZ_ENCFF185AYZ_DNaseHiC_thresholded_bedpe	GRCh38	/scratch/users/agschwin/encode_re2g/dhs_hic/thresholded_bedpe/encode_e2g_predictions_CD14-positive_monocyte_ENCSR241BNZ_ENCFF185AYZ_thresholded_predictions.bedpe.gz
jesse-engreitz:encode_re2g_predictions_CD14-positive_monocyte_ENCSR464ETX_ENCFF684YCT_DNaseHiC	bedpe	thresholded links	UM1HG009436	/labs/jesse-engreitz/	d4b7812ad8a75b5614c22e333eae64b2	1684005	NA	jesse-engreitz:encode_re2g_predictions_CD14-positive_monocyte_ENCSR464ETX_ENCFF684YCT_DNaseHiC_thresholded_bedpe	GRCh38	/scratch/users/agschwin/encode_re2g/dhs_hic/thresholded_bedpe/encode_e2g_predictions_CD14-positive_monocyte_ENCSR464ETX_ENCFF684YCT_thresholded_predictions.bedpe.gz
jesse-engreitz:encode_re2g_predictions_CD4-positive__alpha-beta_T_cell_ENCSR376DAE_ENCFF958DWQ_DNaseHiC	bedpe	thresholded links	UM1HG009436	/labs/jesse-engreitz/	bd7936f8407eee6f5eae91dfa726d730	1644350	NA	jesse-engreitz:encode_re2g_predictions_CD4-positive__alpha-beta_T_cell_ENCSR376DAE_ENCFF958DWQ_DNaseHiC_thresholded_bedpe	GRCh38	/scratch/users/agschwin/encode_re2g/dhs_hic/thresholded_bedpe/encode_e2g_predictions_CD4-positive__alpha-beta_T_cell_ENCSR376DAE_ENCFF958DWQ_thresholded_predictions.bedpe.gz
jesse-engreitz:encode_re2g_predictions_CD4-positive__alpha-beta_memory_T_cell_ENCSR239XNU_ENCFF442IGJ_DNaseHiC	bedpe	thresholded links	UM1HG009436	/labs/jesse-engreitz/	f09a30c64fddc768b6369b46e3b0acb1	1658495	NA	jesse-engreitz:encode_re2g_predictions_CD4-positive__alpha-beta_memory_T_cell_ENCSR239XNU_ENCFF442IGJ_DNaseHiC_thresholded_bedpe	GRCh38	/scratch/users/agschwin/encode_re2g/dhs_hic/thresholded_bedpe/encode_e2g_predictions_CD4-positive__alpha-beta_memory_T_cell_ENCSR239XNU_ENCFF442IGJ_thresholded_predictions.bedpe.gz
jesse-engreitz:encode_re2g_predictions_CD8-positive__alpha-beta_T_cell_ENCSR363BTB_ENCFF009ONH_DNaseHiC	bedpe	thresholded links	UM1HG009436	/labs/jesse-engreitz/	1745477e1c61c48660130b93466d4696	1618895	NA	jesse-engreitz:encode_re2g_predictions_CD8-positive__alpha-beta_T_cell_ENCSR363BTB_ENCFF009ONH_DNaseHiC_thresholded_bedpe	GRCh38	/scratch/users/agschwin/encode_re2g/dhs_hic/thresholded_bedpe/encode_e2g_predictions_CD8-positive__alpha-beta_T_cell_ENCSR363BTB_ENCFF009ONH_thresholded_predictions.bedpe.gz
jesse-engreitz:encode_re2g_predictions_Caco-2_ENCSR255STJ_ENCFF234MDO_DNaseHiC	bedpe	thresholded links	UM1HG009436	/labs/jesse-engreitz/	0a2d70b67b778533622d0dc1bdd64584	1668822	NA	jesse-engreitz:encode_re2g_predictions_Caco-2_ENCSR255STJ_ENCFF234MDO_DNaseHiC_thresholded_bedpe	GRCh38	/scratch/users/agschwin/encode_re2g/dhs_hic/thresholded_bedpe/encode_e2g_predictions_Caco-2_ENCSR255STJ_ENCFF234MDO_thresholded_predictions.bedpe.gz
jesse-engreitz:encode_re2g_predictions_Calu3_ENCSR366NBE_ENCFF127TPS_DNaseHiC	bedpe	thresholded links	UM1HG009436	/labs/jesse-engreitz/	86f1ff5dc371d46dc21eec4e798f5064	1746685	NA	jesse-engreitz:encode_re2g_predictions_Calu3_ENCSR366NBE_ENCFF127TPS_DNaseHiC_thresholded_bedpe	GRCh38	/scratch/users/agschwin/encode_re2g/dhs_hic/thresholded_bedpe/encode_e2g_predictions_Calu3_ENCSR366NBE_ENCFF127TPS_thresholded_predictions.bedpe.gz
jesse-engreitz:encode_re2g_predictions_GM12878_ENCSR000EMT_ENCFF318GOM_DNaseHiC	bedpe	thresholded links	UM1HG009436	/labs/jesse-engreitz/	b56a7d6b073794948a6675f53343727d	1809779	NA	jesse-engreitz:encode_re2g_predictions_GM12878_ENCSR000EMT_ENCFF318GOM_DNaseHiC_thresholded_bedpe	GRCh38	/scratch/users/agschwin/encode_re2g/dhs_hic/thresholded_bedpe/encode_e2g_predictions_GM12878_ENCSR000EMT_ENCFF318GOM_thresholded_predictions.bedpe.gz
jesse-engreitz:encode_re2g_predictions_HCT116_ENCSR477IQW_ENCFF135MUT_DNaseHiC	bedpe	thresholded links	UM1HG009436	/labs/jesse-engreitz/	fb6034f3b8171f153869950feea22523	1769933	NA	jesse-engreitz:encode_re2g_predictions_HCT116_ENCSR477IQW_ENCFF135MUT_DNaseHiC_thresholded_bedpe	GRCh38	/scratch/users/agschwin/encode_re2g/dhs_hic/thresholded_bedpe/encode_e2g_predictions_HCT116_ENCSR477IQW_ENCFF135MUT_thresholded_predictions.bedpe.gz
jesse-engreitz:encode_re2g_predictions_HCT116_ENCSR867ITQ_ENCFF683PLM_DNaseHiC	bedpe	thresholded links	UM1HG009436	/labs/jesse-engreitz/	ce3a17f25556a2d3a5094347f8880259	1656893	NA	jesse-engreitz:encode_re2g_predictions_HCT116_ENCSR867ITQ_ENCFF683PLM_DNaseHiC_thresholded_bedpe	GRCh38	/scratch/users/agschwin/encode_re2g/dhs_hic/thresholded_bedpe/encode_e2g_predictions_HCT116_ENCSR867ITQ_ENCFF683PLM_thresholded_predictions.bedpe.gz
jesse-engreitz:encode_re2g_predictions_HCT116_ENCSR980GWI_ENCFF241MSL_DNaseHiC	bedpe	thresholded links	UM1HG009436	/labs/jesse-engreitz/	1de0ef154b073c60dfa174a74420975e	1765564	NA	jesse-engreitz:encode_re2g_predictions_HCT116_ENCSR980GWI_ENCFF241MSL_DNaseHiC_thresholded_bedpe	GRCh38	/scratch/users/agschwin/encode_re2g/dhs_hic/thresholded_bedpe/encode_e2g_predictions_HCT116_ENCSR980GWI_ENCFF241MSL_thresholded_predictions.bedpe.gz
jesse-engreitz:encode_re2g_predictions_HCT116_ENCSR595CME_ENCFF302CUI_DNaseHiC	bedpe	thresholded links	UM1HG009436	/labs/jesse-engreitz/	e68f696545140a4499ad163b3b0d262e	2006005	NA	jesse-engreitz:encode_re2g_predictions_HCT116_ENCSR595CME_ENCFF302CUI_DNaseHiC_thresholded_bedpe	GRCh38	/scratch/users/agschwin/encode_re2g/dhs_hic/thresholded_bedpe/encode_e2g_predictions_HCT116_ENCSR595CME_ENCFF302CUI_thresholded_predictions.bedpe.gz
jesse-engreitz:encode_re2g_predictions_HCT116_ENCSR811COL_ENCFF104THR_DNaseHiC	bedpe	thresholded links	UM1HG009436	/labs/jesse-engreitz/	df5063d4007d56e6f494361518fca638	1716475	NA	jesse-engreitz:encode_re2g_predictions_HCT116_ENCSR811COL_ENCFF104THR_DNaseHiC_thresholded_bedpe	GRCh38	/scratch/users/agschwin/encode_re2g/dhs_hic/thresholded_bedpe/encode_e2g_predictions_HCT116_ENCSR811COL_ENCFF104THR_thresholded_predictions.bedpe.gz
jesse-engreitz:encode_re2g_predictions_HCT116_ENCSR498JAW_ENCFF004TKY_DNaseHiC	bedpe	thresholded links	UM1HG009436	/labs/jesse-engreitz/	9c94c8b9749918e3993d17ac34bb130f	2001801	NA	jesse-engreitz:encode_re2g_predictions_HCT116_ENCSR498JAW_ENCFF004TKY_DNaseHiC_thresholded_bedpe	GRCh38	/scratch/users/agschwin/encode_re2g/dhs_hic/thresholded_bedpe/encode_e2g_predictions_HCT116_ENCSR498JAW_ENCFF004TKY_thresholded_predictions.bedpe.gz
jesse-engreitz:encode_re2g_predictions_HCT116_ENCSR000ENM_ENCFF573OPJ_DNaseHiC	bedpe	thresholded links	UM1HG009436	/labs/jesse-engreitz/	5ab231b80ac5bd36d1871ad9e30e358d	1578133	NA	jesse-engreitz:encode_re2g_predictions_HCT116_ENCSR000ENM_ENCFF573OPJ_DNaseHiC_thresholded_bedpe	GRCh38	/scratch/users/agschwin/encode_re2g/dhs_hic/thresholded_bedpe/encode_e2g_predictions_HCT116_ENCSR000ENM_ENCFF573OPJ_thresholded_predictions.bedpe.gz
jesse-engreitz:encode_re2g_predictions_HCT116_ENCSR129EWE_ENCFF435JYN_DNaseHiC	bedpe	thresholded links	UM1HG009436	/labs/jesse-engreitz/	cec2e1d74a17aa70a47f3553b1acc1b9	1767593	NA	jesse-engreitz:encode_re2g_predictions_HCT116_ENCSR129EWE_ENCFF435JYN_DNaseHiC_thresholded_bedpe	GRCh38	/scratch/users/agschwin/encode_re2g/dhs_hic/thresholded_bedpe/encode_e2g_predictions_HCT116_ENCSR129EWE_ENCFF435JYN_thresholded_predictions.bedpe.gz
jesse-engreitz:encode_re2g_predictions_HCT116_ENCSR694YJR_ENCFF086ORS_DNaseHiC	bedpe	thresholded links	UM1HG009436	/labs/jesse-engreitz/	f8fc71d193e97d0cb3f30d0ce6023d43	1714401	NA	jesse-engreitz:encode_re2g_predictions_HCT116_ENCSR694YJR_ENCFF086ORS_DNaseHiC_thresholded_bedpe	GRCh38	/scratch/users/agschwin/encode_re2g/dhs_hic/thresholded_bedpe/encode_e2g_predictions_HCT116_ENCSR694YJR_ENCFF086ORS_thresholded_predictions.bedpe.gz
jesse-engreitz:encode_re2g_predictions_HCT116_ENCSR878VJL_ENCFF534TYD_DNaseHiC	bedpe	thresholded links	UM1HG009436	/labs/jesse-engreitz/	e9d2c219b4d3d6a0da282c3cf9b91eb5	1785178	NA	jesse-engreitz:encode_re2g_predictions_HCT116_ENCSR878VJL_ENCFF534TYD_DNaseHiC_thresholded_bedpe	GRCh38	/scratch/users/agschwin/encode_re2g/dhs_hic/thresholded_bedpe/encode_e2g_predictions_HCT116_ENCSR878VJL_ENCFF534TYD_thresholded_predictions.bedpe.gz
jesse-engreitz:encode_re2g_predictions_HCT116_ENCSR795ZKB_ENCFF434XQU_DNaseHiC	bedpe	thresholded links	UM1HG009436	/labs/jesse-engreitz/	a5dd9b02bd3ffe2d2f7ba654bbf8a849	1875810	NA	jesse-engreitz:encode_re2g_predictions_HCT116_ENCSR795ZKB_ENCFF434XQU_DNaseHiC_thresholded_bedpe	GRCh38	/scratch/users/agschwin/encode_re2g/dhs_hic/thresholded_bedpe/encode_e2g_predictions_HCT116_ENCSR795ZKB_ENCFF434XQU_thresholded_predictions.bedpe.gz
jesse-engreitz:encode_re2g_predictions_HCT116_ENCSR542UWN_ENCFF912NDK_DNaseHiC	bedpe	thresholded links	UM1HG009436	/labs/jesse-engreitz/	2c64c52866ba9cdbc22608567767b2fc	1726008	NA	jesse-engreitz:encode_re2g_predictions_HCT116_ENCSR542UWN_ENCFF912NDK_DNaseHiC_thresholded_bedpe	GRCh38	/scratch/users/agschwin/encode_re2g/dhs_hic/thresholded_bedpe/encode_e2g_predictions_HCT116_ENCSR542UWN_ENCFF912NDK_thresholded_predictions.bedpe.gz
jesse-engreitz:encode_re2g_predictions_HCT116_ENCSR702VYW_ENCFF259YUS_DNaseHiC	bedpe	thresholded links	UM1HG009436	/labs/jesse-engreitz/	19952503a1a02586cf14d54c21a472f3	1683759	NA	jesse-engreitz:encode_re2g_predictions_HCT116_ENCSR702VYW_ENCFF259YUS_DNaseHiC_thresholded_bedpe	GRCh38	/scratch/users/agschwin/encode_re2g/dhs_hic/thresholded_bedpe/encode_e2g_predictions_HCT116_ENCSR702VYW_ENCFF259YUS_thresholded_predictions.bedpe.gz
jesse-engreitz:encode_re2g_predictions_HCT116_ENCSR690ADK_ENCFF700DEX_DNaseHiC	bedpe	thresholded links	UM1HG009436	/labs/jesse-engreitz/	fd2fb1babb8105b04ba20525025a60b2	1796174	NA	jesse-engreitz:encode_re2g_predictions_HCT116_ENCSR690ADK_ENCFF700DEX_DNaseHiC_thresholded_bedpe	GRCh38	/scratch/users/agschwin/encode_re2g/dhs_hic/thresholded_bedpe/encode_e2g_predictions_HCT116_ENCSR690ADK_ENCFF700DEX_thresholded_predictions.bedpe.gz
jesse-engreitz:encode_re2g_predictions_HCT116_ENCSR521WNU_ENCFF016JKX_DNaseHiC	bedpe	thresholded links	UM1HG009436	/labs/jesse-engreitz/	7bfbb23a9b2580b7d8841db1ce4278b0	1622387	NA	jesse-engreitz:encode_re2g_predictions_HCT116_ENCSR521WNU_ENCFF016JKX_DNaseHiC_thresholded_bedpe	GRCh38	/scratch/users/agschwin/encode_re2g/dhs_hic/thresholded_bedpe/encode_e2g_predictions_HCT116_ENCSR521WNU_ENCFF016JKX_thresholded_predictions.bedpe.gz
jesse-engreitz:encode_re2g_predictions_HCT116_ENCSR823GSV_ENCFF528XGK_DNaseHiC	bedpe	thresholded links	UM1HG009436	/labs/jesse-engreitz/	e9588c4c312a4f30a50ab3c31fe06a32	1740554	NA	jesse-engreitz:encode_re2g_predictions_HCT116_ENCSR823GSV_ENCFF528XGK_DNaseHiC_thresholded_bedpe	GRCh38	/scratch/users/agschwin/encode_re2g/dhs_hic/thresholded_bedpe/encode_e2g_predictions_HCT116_ENCSR823GSV_ENCFF528XGK_thresholded_predictions.bedpe.gz
jesse-engreitz:encode_re2g_predictions_HepG2_ENCSR149XIL_ENCFF807IRK_DNaseHiC	bedpe	thresholded links	UM1HG009436	/labs/jesse-engreitz/	29f74983d5bd9e31c5da24e2ae0c93f6	1788736	NA	jesse-engreitz:encode_re2g_predictions_HepG2_ENCSR149XIL_ENCFF807IRK_DNaseHiC_thresholded_bedpe	GRCh38	/scratch/users/agschwin/encode_re2g/dhs_hic/thresholded_bedpe/encode_e2g_predictions_HepG2_ENCSR149XIL_ENCFF807IRK_thresholded_predictions.bedpe.gz
jesse-engreitz:encode_re2g_predictions_IMR-90_ENCSR000EKG_ENCFF281ILS_DNaseHiC	bedpe	thresholded links	UM1HG009436	/labs/jesse-engreitz/	d8e4c1220ab05251be5920c51a0c6322	1780596	NA	jesse-engreitz:encode_re2g_predictions_IMR-90_ENCSR000EKG_ENCFF281ILS_DNaseHiC_thresholded_bedpe	GRCh38	/scratch/users/agschwin/encode_re2g/dhs_hic/thresholded_bedpe/encode_e2g_predictions_IMR-90_ENCSR000EKG_ENCFF281ILS_thresholded_predictions.bedpe.gz
jesse-engreitz:encode_re2g_predictions_K562_ENCSR000EOT_ENCFF621AIY_DNaseHiC	bedpe	thresholded links	UM1HG009436	/labs/jesse-engreitz/	49512c9b372a9369a8a90ebf4d8eed31	1841425	NA	jesse-engreitz:encode_re2g_predictions_K562_ENCSR000EOT_ENCFF621AIY_DNaseHiC_thresholded_bedpe	GRCh38	/scratch/users/agschwin/encode_re2g/dhs_hic/thresholded_bedpe/encode_e2g_predictions_K562_ENCSR000EOT_ENCFF621AIY_thresholded_predictions.bedpe.gz
jesse-engreitz:encode_re2g_predictions_MCF_10A_ENCSR789VGQ_ENCFF977XWK_DNaseHiC	bedpe	thresholded links	UM1HG009436	/labs/jesse-engreitz/	043f48e8dea3ddf086dc46d7985978d3	1713644	NA	jesse-engreitz:encode_re2g_predictions_MCF_10A_ENCSR789VGQ_ENCFF977XWK_DNaseHiC_thresholded_bedpe	GRCh38	/scratch/users/agschwin/encode_re2g/dhs_hic/thresholded_bedpe/encode_e2g_predictions_MCF_10A_ENCSR789VGQ_ENCFF977XWK_thresholded_predictions.bedpe.gz
jesse-engreitz:encode_re2g_predictions_MCF-7_ENCSR000EPH_ENCFF420JTA_DNaseHiC	bedpe	thresholded links	UM1HG009436	/labs/jesse-engreitz/	516db8ddeaec8fdfb489f6fcff2bf466	1632362	NA	jesse-engreitz:encode_re2g_predictions_MCF-7_ENCSR000EPH_ENCFF420JTA_DNaseHiC_thresholded_bedpe	GRCh38	/scratch/users/agschwin/encode_re2g/dhs_hic/thresholded_bedpe/encode_e2g_predictions_MCF-7_ENCSR000EPH_ENCFF420JTA_thresholded_predictions.bedpe.gz
jesse-engreitz:encode_re2g_predictions_OCI-LY7_ENCSR489NAM_ENCFF480KLP_DNaseHiC	bedpe	thresholded links	UM1HG009436	/labs/jesse-engreitz/	cb276f7beba0ab361a42bc68a295e122	1812644	NA	jesse-engreitz:encode_re2g_predictions_OCI-LY7_ENCSR489NAM_ENCFF480KLP_DNaseHiC_thresholded_bedpe	GRCh38	/scratch/users/agschwin/encode_re2g/dhs_hic/thresholded_bedpe/encode_e2g_predictions_OCI-LY7_ENCSR489NAM_ENCFF480KLP_thresholded_predictions.bedpe.gz
jesse-engreitz:encode_re2g_predictions_PC-3_ENCSR052AWE_ENCFF322IBI_DNaseHiC	bedpe	thresholded links	UM1HG009436	/labs/jesse-engreitz/	af06b6699744175604c6a2a8550a49b3	1717937	NA	jesse-engreitz:encode_re2g_predictions_PC-3_ENCSR052AWE_ENCFF322IBI_DNaseHiC_thresholded_bedpe	GRCh38	/scratch/users/agschwin/encode_re2g/dhs_hic/thresholded_bedpe/encode_e2g_predictions_PC-3_ENCSR052AWE_ENCFF322IBI_thresholded_predictions.bedpe.gz
jesse-engreitz:encode_re2g_predictions_PC-9_ENCSR781TYE_ENCFF181ROW_DNaseHiC	bedpe	thresholded links	UM1HG009436	/labs/jesse-engreitz/	a61df703c661a5c92e7b255cb918f0e7	1793193	NA	jesse-engreitz:encode_re2g_predictions_PC-9_ENCSR781TYE_ENCFF181ROW_DNaseHiC_thresholded_bedpe	GRCh38	/scratch/users/agschwin/encode_re2g/dhs_hic/thresholded_bedpe/encode_e2g_predictions_PC-9_ENCSR781TYE_ENCFF181ROW_thresholded_predictions.bedpe.gz
jesse-engreitz:encode_re2g_predictions_Panc1_ENCSR000EPT_ENCFF522YLZ_DNaseHiC	bedpe	thresholded links	UM1HG009436	/labs/jesse-engreitz/	22ca59f3f848b3514542980cfbd5f518	1593516	NA	jesse-engreitz:encode_re2g_predictions_Panc1_ENCSR000EPT_ENCFF522YLZ_DNaseHiC_thresholded_bedpe	GRCh38	/scratch/users/agschwin/encode_re2g/dhs_hic/thresholded_bedpe/encode_e2g_predictions_Panc1_ENCSR000EPT_ENCFF522YLZ_thresholded_predictions.bedpe.gz
jesse-engreitz:encode_re2g_predictions_Right_ventricle_myocardium_inferior_ENCSR085MZL_ENCFF842DUO_DNaseHiC	bedpe	thresholded links	UM1HG009436	/labs/jesse-engreitz/	dc5da96f520e1c2bfd01a9c24058ba04	1713431	NA	jesse-engreitz:encode_re2g_predictions_Right_ventricle_myocardium_inferior_ENCSR085MZL_ENCFF842DUO_DNaseHiC_thresholded_bedpe	GRCh38	/scratch/users/agschwin/encode_re2g/dhs_hic/thresholded_bedpe/encode_e2g_predictions_Right_ventricle_myocardium_inferior_ENCSR085MZL_ENCFF842DUO_thresholded_predictions.bedpe.gz
jesse-engreitz:encode_re2g_predictions_Right_ventricle_myocardium_superior_ENCSR895GSY_ENCFF273XBU_DNaseHiC	bedpe	thresholded links	UM1HG009436	/labs/jesse-engreitz/	38172fbcc04c14be299f4868042a2a0b	1676211	NA	jesse-engreitz:encode_re2g_predictions_Right_ventricle_myocardium_superior_ENCSR895GSY_ENCFF273XBU_DNaseHiC_thresholded_bedpe	GRCh38	/scratch/users/agschwin/encode_re2g/dhs_hic/thresholded_bedpe/encode_e2g_predictions_Right_ventricle_myocardium_superior_ENCSR895GSY_ENCFF273XBU_thresholded_predictions.bedpe.gz
jesse-engreitz:encode_re2g_predictions_T-helper_2_cell_ENCSR223XND_ENCFF029UAL_DNaseHiC	bedpe	thresholded links	UM1HG009436	/labs/jesse-engreitz/	fd38aef7f36ffa026eb7233812401247	1625799	NA	jesse-engreitz:encode_re2g_predictions_T-helper_2_cell_ENCSR223XND_ENCFF029UAL_DNaseHiC_thresholded_bedpe	GRCh38	/scratch/users/agschwin/encode_re2g/dhs_hic/thresholded_bedpe/encode_e2g_predictions_T-helper_2_cell_ENCSR223XND_ENCFF029UAL_thresholded_predictions.bedpe.gz
jesse-engreitz:encode_re2g_predictions_activated_CD4-positive__alpha-beta_T_cell_ENCSR935HEI_ENCFF962EDB_DNaseHiC	bedpe	thresholded links	UM1HG009436	/labs/jesse-engreitz/	922746014f036be7e715fa8d612c1b65	1655936	NA	jesse-engreitz:encode_re2g_predictions_activated_CD4-positive__alpha-beta_T_cell_ENCSR935HEI_ENCFF962EDB_DNaseHiC_thresholded_bedpe	GRCh38	/scratch/users/agschwin/encode_re2g/dhs_hic/thresholded_bedpe/encode_e2g_predictions_activated_CD4-positive__alpha-beta_T_cell_ENCSR935HEI_ENCFF962EDB_thresholded_predictions.bedpe.gz
jesse-engreitz:encode_re2g_predictions_activated_CD4-positive__alpha-beta_T_cell_ENCSR365CUB_ENCFF355VJW_DNaseHiC	bedpe	thresholded links	UM1HG009436	/labs/jesse-engreitz/	e33d496a8cd897cc9f33fc74dc38b236	1714545	NA	jesse-engreitz:encode_re2g_predictions_activated_CD4-positive__alpha-beta_T_cell_ENCSR365CUB_ENCFF355VJW_DNaseHiC_thresholded_bedpe	GRCh38	/scratch/users/agschwin/encode_re2g/dhs_hic/thresholded_bedpe/encode_e2g_predictions_activated_CD4-positive__alpha-beta_T_cell_ENCSR365CUB_ENCFF355VJW_thresholded_predictions.bedpe.gz
jesse-engreitz:encode_re2g_predictions_activated_CD4-positive__alpha-beta_memory_T_cell_ENCSR021YFW_ENCFF980NXK_DNaseHiC	bedpe	thresholded links	UM1HG009436	/labs/jesse-engreitz/	e99f841cbbe004d4e1de69f47cb29cae	1732461	NA	jesse-engreitz:encode_re2g_predictions_activated_CD4-positive__alpha-beta_memory_T_cell_ENCSR021YFW_ENCFF980NXK_DNaseHiC_thresholded_bedpe	GRCh38	/scratch/users/agschwin/encode_re2g/dhs_hic/thresholded_bedpe/encode_e2g_predictions_activated_CD4-positive__alpha-beta_memory_T_cell_ENCSR021YFW_ENCFF980NXK_thresholded_predictions.bedpe.gz
jesse-engreitz:encode_re2g_predictions_activated_CD8-positive__alpha-beta_T_cell_ENCSR294YEJ_ENCFF493SFI_DNaseHiC	bedpe	thresholded links	UM1HG009436	/labs/jesse-engreitz/	2e88a7829b407a54eed7f9f5c8d7d60a	1718985	NA	jesse-engreitz:encode_re2g_predictions_activated_CD8-positive__alpha-beta_T_cell_ENCSR294YEJ_ENCFF493SFI_DNaseHiC_thresholded_bedpe	GRCh38	/scratch/users/agschwin/encode_re2g/dhs_hic/thresholded_bedpe/encode_e2g_predictions_activated_CD8-positive__alpha-beta_T_cell_ENCSR294YEJ_ENCFF493SFI_thresholded_predictions.bedpe.gz
jesse-engreitz:encode_re2g_predictions_activated_T-helper_2_cell_ENCSR780ABS_ENCFF687ATD_DNaseHiC	bedpe	thresholded links	UM1HG009436	/labs/jesse-engreitz/	32c1ea9fd5d4884d9ba4ca8a01daaeef	1649047	NA	jesse-engreitz:encode_re2g_predictions_activated_T-helper_2_cell_ENCSR780ABS_ENCFF687ATD_DNaseHiC_thresholded_bedpe	GRCh38	/scratch/users/agschwin/encode_re2g/dhs_hic/thresholded_bedpe/encode_e2g_predictions_activated_T-helper_2_cell_ENCSR780ABS_ENCFF687ATD_thresholded_predictions.bedpe.gz
jesse-engreitz:encode_re2g_predictions_activated_naive_CD4-positive__alpha-beta_T_cell_ENCSR478SWA_ENCFF571GTF_DNaseHiC	bedpe	thresholded links	UM1HG009436	/labs/jesse-engreitz/	5926a676dec356522b419486adcd3651	1747546	NA	jesse-engreitz:encode_re2g_predictions_activated_naive_CD4-positive__alpha-beta_T_cell_ENCSR478SWA_ENCFF571GTF_DNaseHiC_thresholded_bedpe	GRCh38	/scratch/users/agschwin/encode_re2g/dhs_hic/thresholded_bedpe/encode_e2g_predictions_activated_naive_CD4-positive__alpha-beta_T_cell_ENCSR478SWA_ENCFF571GTF_thresholded_predictions.bedpe.gz
jesse-engreitz:encode_re2g_predictions_adrenal_gland_ENCSR325FWM_ENCFF499BVX_DNaseHiC	bedpe	thresholded links	UM1HG009436	/labs/jesse-engreitz/	0b43faa8214e691435747267834233a1	1563392	NA	jesse-engreitz:encode_re2g_predictions_adrenal_gland_ENCSR325FWM_ENCFF499BVX_DNaseHiC_thresholded_bedpe	GRCh38	/scratch/users/agschwin/encode_re2g/dhs_hic/thresholded_bedpe/encode_e2g_predictions_adrenal_gland_ENCSR325FWM_ENCFF499BVX_thresholded_predictions.bedpe.gz
jesse-engreitz:encode_re2g_predictions_aorta_ENCSR595DQM_ENCFF493YNC_DNaseHiC	bedpe	thresholded links	UM1HG009436	/labs/jesse-engreitz/	262cb1aa884cf90efec7756423ef8062	1585153	NA	jesse-engreitz:encode_re2g_predictions_aorta_ENCSR595DQM_ENCFF493YNC_DNaseHiC_thresholded_bedpe	GRCh38	/scratch/users/agschwin/encode_re2g/dhs_hic/thresholded_bedpe/encode_e2g_predictions_aorta_ENCSR595DQM_ENCFF493YNC_thresholded_predictions.bedpe.gz
jesse-engreitz:encode_re2g_predictions_aorta_ENCSR713KNQ_ENCFF791UZC_DNaseHiC	bedpe	thresholded links	UM1HG009436	/labs/jesse-engreitz/	0df51ec496c50be944c37d31961ed136	1695780	NA	jesse-engreitz:encode_re2g_predictions_aorta_ENCSR713KNQ_ENCFF791UZC_DNaseHiC_thresholded_bedpe	GRCh38	/scratch/users/agschwin/encode_re2g/dhs_hic/thresholded_bedpe/encode_e2g_predictions_aorta_ENCSR713KNQ_ENCFF791UZC_thresholded_predictions.bedpe.gz
jesse-engreitz:encode_re2g_predictions_ascending_aorta_ENCSR968TPO_ENCFF558DYU_DNaseHiC	bedpe	thresholded links	UM1HG009436	/labs/jesse-engreitz/	e776bb4313ce071b4456653fef5ee9a7	1655290	NA	jesse-engreitz:encode_re2g_predictions_ascending_aorta_ENCSR968TPO_ENCFF558DYU_DNaseHiC_thresholded_bedpe	GRCh38	/scratch/users/agschwin/encode_re2g/dhs_hic/thresholded_bedpe/encode_e2g_predictions_ascending_aorta_ENCSR968TPO_ENCFF558DYU_thresholded_predictions.bedpe.gz
jesse-engreitz:encode_re2g_predictions_body_of_pancreas_ENCSR828FVZ_ENCFF140ROU_DNaseHiC	bedpe	thresholded links	UM1HG009436	/labs/jesse-engreitz/	ce95effb5247897f0815ef713941b2f2	1560591	NA	jesse-engreitz:encode_re2g_predictions_body_of_pancreas_ENCSR828FVZ_ENCFF140ROU_DNaseHiC_thresholded_bedpe	GRCh38	/scratch/users/agschwin/encode_re2g/dhs_hic/thresholded_bedpe/encode_e2g_predictions_body_of_pancreas_ENCSR828FVZ_ENCFF140ROU_thresholded_predictions.bedpe.gz
jesse-engreitz:encode_re2g_predictions_cardiac_septum_ENCSR524QBS_ENCFF081PMO_DNaseHiC	bedpe	thresholded links	UM1HG009436	/labs/jesse-engreitz/	ba136918df44b65f544aec991b3c6c1e	1652999	NA	jesse-engreitz:encode_re2g_predictions_cardiac_septum_ENCSR524QBS_ENCFF081PMO_DNaseHiC_thresholded_bedpe	GRCh38	/scratch/users/agschwin/encode_re2g/dhs_hic/thresholded_bedpe/encode_e2g_predictions_cardiac_septum_ENCSR524QBS_ENCFF081PMO_thresholded_predictions.bedpe.gz
jesse-engreitz:encode_re2g_predictions_colonic_mucosa_ENCSR994KTY_ENCFF355NFJ_DNaseHiC	bedpe	thresholded links	UM1HG009436	/labs/jesse-engreitz/	971f01b727e7125aef299aff529d9045	1593414	NA	jesse-engreitz:encode_re2g_predictions_colonic_mucosa_ENCSR994KTY_ENCFF355NFJ_DNaseHiC_thresholded_bedpe	GRCh38	/scratch/users/agschwin/encode_re2g/dhs_hic/thresholded_bedpe/encode_e2g_predictions_colonic_mucosa_ENCSR994KTY_ENCFF355NFJ_thresholded_predictions.bedpe.gz
jesse-engreitz:encode_re2g_predictions_dorsolateral_prefrontal_cortex_ENCSR401UZL_ENCFF925QIF_DNaseHiC	bedpe	thresholded links	UM1HG009436	/labs/jesse-engreitz/	157831fd2c874c7774de8b7bf2a980b3	1606913	NA	jesse-engreitz:encode_re2g_predictions_dorsolateral_prefrontal_cortex_ENCSR401UZL_ENCFF925QIF_DNaseHiC_thresholded_bedpe	GRCh38	/scratch/users/agschwin/encode_re2g/dhs_hic/thresholded_bedpe/encode_e2g_predictions_dorsolateral_prefrontal_cortex_ENCSR401UZL_ENCFF925QIF_thresholded_predictions.bedpe.gz
jesse-engreitz:encode_re2g_predictions_endothelial_cell_of_umbilical_vein_ENCSR000EOQ_ENCFF783KQI_DNaseHiC	bedpe	thresholded links	UM1HG009436	/labs/jesse-engreitz/	c2ce4c554ab5607c2a3ed444741563ba	1675665	NA	jesse-engreitz:encode_re2g_predictions_endothelial_cell_of_umbilical_vein_ENCSR000EOQ_ENCFF783KQI_DNaseHiC_thresholded_bedpe	GRCh38	/scratch/users/agschwin/encode_re2g/dhs_hic/thresholded_bedpe/encode_e2g_predictions_endothelial_cell_of_umbilical_vein_ENCSR000EOQ_ENCFF783KQI_thresholded_predictions.bedpe.gz
jesse-engreitz:encode_re2g_predictions_esophagus_muscularis_mucosa_ENCSR944JCE_ENCFF458VBB_DNaseHiC	bedpe	thresholded links	UM1HG009436	/labs/jesse-engreitz/	9724d18da28ba21c1e60d58e20a04366	1358185	NA	jesse-engreitz:encode_re2g_predictions_esophagus_muscularis_mucosa_ENCSR944JCE_ENCFF458VBB_DNaseHiC_thresholded_bedpe	GRCh38	/scratch/users/agschwin/encode_re2g/dhs_hic/thresholded_bedpe/encode_e2g_predictions_esophagus_muscularis_mucosa_ENCSR944JCE_ENCFF458VBB_thresholded_predictions.bedpe.gz
jesse-engreitz:encode_re2g_predictions_esophagus_squamous_epithelium_ENCSR783OCW_ENCFF224HKR_DNaseHiC	bedpe	thresholded links	UM1HG009436	/labs/jesse-engreitz/	9529c6452ed15a54d942f9f9d111102f	1353037	NA	jesse-engreitz:encode_re2g_predictions_esophagus_squamous_epithelium_ENCSR783OCW_ENCFF224HKR_DNaseHiC_thresholded_bedpe	GRCh38	/scratch/users/agschwin/encode_re2g/dhs_hic/thresholded_bedpe/encode_e2g_predictions_esophagus_squamous_epithelium_ENCSR783OCW_ENCFF224HKR_thresholded_predictions.bedpe.gz
jesse-engreitz:encode_re2g_predictions_head_of_caudate_nucleus_ENCSR116UQH_ENCFF711XSR_DNaseHiC	bedpe	thresholded links	UM1HG009436	/labs/jesse-engreitz/	0adf4706ed5da4217fb6111a871a757f	1572174	NA	jesse-engreitz:encode_re2g_predictions_head_of_caudate_nucleus_ENCSR116UQH_ENCFF711XSR_DNaseHiC_thresholded_bedpe	GRCh38	/scratch/users/agschwin/encode_re2g/dhs_hic/thresholded_bedpe/encode_e2g_predictions_head_of_caudate_nucleus_ENCSR116UQH_ENCFF711XSR_thresholded_predictions.bedpe.gz
jesse-engreitz:encode_re2g_predictions_heart_left_ventricle_ENCSR598RVJ_ENCFF341WOY_DNaseHiC	bedpe	thresholded links	UM1HG009436	/labs/jesse-engreitz/	23e99d1b11e718c9b46bd929ddb3b1e8	1680151	NA	jesse-engreitz:encode_re2g_predictions_heart_left_ventricle_ENCSR598RVJ_ENCFF341WOY_DNaseHiC_thresholded_bedpe	GRCh38	/scratch/users/agschwin/encode_re2g/dhs_hic/thresholded_bedpe/encode_e2g_predictions_heart_left_ventricle_ENCSR598RVJ_ENCFF341WOY_thresholded_predictions.bedpe.gz
jesse-engreitz:encode_re2g_predictions_heart_left_ventricle_ENCSR395HAE_ENCFF004YZQ_DNaseHiC	bedpe	thresholded links	UM1HG009436	/labs/jesse-engreitz/	4d0a2df790563f90299bfb43704bfd57	1685440	NA	jesse-engreitz:encode_re2g_predictions_heart_left_ventricle_ENCSR395HAE_ENCFF004YZQ_DNaseHiC_thresholded_bedpe	GRCh38	/scratch/users/agschwin/encode_re2g/dhs_hic/thresholded_bedpe/encode_e2g_predictions_heart_left_ventricle_ENCSR395HAE_ENCFF004YZQ_thresholded_predictions.bedpe.gz
jesse-engreitz:encode_re2g_predictions_heart_left_ventricle_ENCSR222CLC_ENCFF556RLR_DNaseHiC	bedpe	thresholded links	UM1HG009436	/labs/jesse-engreitz/	3eb880786b90e9b6cb00be2ffb97ff26	1749153	NA	jesse-engreitz:encode_re2g_predictions_heart_left_ventricle_ENCSR222CLC_ENCFF556RLR_DNaseHiC_thresholded_bedpe	GRCh38	/scratch/users/agschwin/encode_re2g/dhs_hic/thresholded_bedpe/encode_e2g_predictions_heart_left_ventricle_ENCSR222CLC_ENCFF556RLR_thresholded_predictions.bedpe.gz
jesse-engreitz:encode_re2g_predictions_heart_left_ventricle_ENCSR222CLC_ENCFF294GFP_DNaseHiC	bedpe	thresholded links	UM1HG009436	/labs/jesse-engreitz/	0164f6f50c2a0398edd8a84931ef7e45	1735096	NA	jesse-engreitz:encode_re2g_predictions_heart_left_ventricle_ENCSR222CLC_ENCFF294GFP_DNaseHiC_thresholded_bedpe	GRCh38	/scratch/users/agschwin/encode_re2g/dhs_hic/thresholded_bedpe/encode_e2g_predictions_heart_left_ventricle_ENCSR222CLC_ENCFF294GFP_thresholded_predictions.bedpe.gz
jesse-engreitz:encode_re2g_predictions_heart_left_ventricle_ENCSR395HAE_ENCFF546TZN_DNaseHiC	bedpe	thresholded links	UM1HG009436	/labs/jesse-engreitz/	4de6b965b830e4c2c9672e5d52cb5b15	1752615	NA	jesse-engreitz:encode_re2g_predictions_heart_left_ventricle_ENCSR395HAE_ENCFF546TZN_DNaseHiC_thresholded_bedpe	GRCh38	/scratch/users/agschwin/encode_re2g/dhs_hic/thresholded_bedpe/encode_e2g_predictions_heart_left_ventricle_ENCSR395HAE_ENCFF546TZN_thresholded_predictions.bedpe.gz
jesse-engreitz:encode_re2g_predictions_heart_left_ventricle_ENCSR735NTV_ENCFF033WGK_DNaseHiC	bedpe	thresholded links	UM1HG009436	/labs/jesse-engreitz/	374156245a93e9fb49d8f81c61e6366b	1701406	NA	jesse-engreitz:encode_re2g_predictions_heart_left_ventricle_ENCSR735NTV_ENCFF033WGK_DNaseHiC_thresholded_bedpe	GRCh38	/scratch/users/agschwin/encode_re2g/dhs_hic/thresholded_bedpe/encode_e2g_predictions_heart_left_ventricle_ENCSR735NTV_ENCFF033WGK_thresholded_predictions.bedpe.gz
jesse-engreitz:encode_re2g_predictions_heart_left_ventricle_ENCSR747SEU_ENCFF193CQL_DNaseHiC	bedpe	thresholded links	UM1HG009436	/labs/jesse-engreitz/	9276ad2fb122f2df89dde403fb891de5	1759417	NA	jesse-engreitz:encode_re2g_predictions_heart_left_ventricle_ENCSR747SEU_ENCFF193CQL_DNaseHiC_thresholded_bedpe	GRCh38	/scratch/users/agschwin/encode_re2g/dhs_hic/thresholded_bedpe/encode_e2g_predictions_heart_left_ventricle_ENCSR747SEU_ENCFF193CQL_thresholded_predictions.bedpe.gz
jesse-engreitz:encode_re2g_predictions_heart_left_ventricle_ENCSR735NTV_ENCFF251VFA_DNaseHiC	bedpe	thresholded links	UM1HG009436	/labs/jesse-engreitz/	2294e60b8e19d8b026fe63bc18dbd6df	1687963	NA	jesse-engreitz:encode_re2g_predictions_heart_left_ventricle_ENCSR735NTV_ENCFF251VFA_DNaseHiC_thresholded_bedpe	GRCh38	/scratch/users/agschwin/encode_re2g/dhs_hic/thresholded_bedpe/encode_e2g_predictions_heart_left_ventricle_ENCSR735NTV_ENCFF251VFA_thresholded_predictions.bedpe.gz
jesse-engreitz:encode_re2g_predictions_heart_left_ventricle_ENCSR299QGI_ENCFF643NDM_DNaseHiC	bedpe	thresholded links	UM1HG009436	/labs/jesse-engreitz/	92f0629765ffd653f1cdd8500470cc33	1763030	NA	jesse-engreitz:encode_re2g_predictions_heart_left_ventricle_ENCSR299QGI_ENCFF643NDM_DNaseHiC_thresholded_bedpe	GRCh38	/scratch/users/agschwin/encode_re2g/dhs_hic/thresholded_bedpe/encode_e2g_predictions_heart_left_ventricle_ENCSR299QGI_ENCFF643NDM_thresholded_predictions.bedpe.gz
jesse-engreitz:encode_re2g_predictions_heart_left_ventricle_ENCSR598RVJ_ENCFF591MHA_DNaseHiC	bedpe	thresholded links	UM1HG009436	/labs/jesse-engreitz/	8445d6e03ad2419052daa17ee9493f46	1731646	NA	jesse-engreitz:encode_re2g_predictions_heart_left_ventricle_ENCSR598RVJ_ENCFF591MHA_DNaseHiC_thresholded_bedpe	GRCh38	/scratch/users/agschwin/encode_re2g/dhs_hic/thresholded_bedpe/encode_e2g_predictions_heart_left_ventricle_ENCSR598RVJ_ENCFF591MHA_thresholded_predictions.bedpe.gz
jesse-engreitz:encode_re2g_predictions_heart_right_ventricle_ENCSR356RNZ_ENCFF605CEN_DNaseHiC	bedpe	thresholded links	UM1HG009436	/labs/jesse-engreitz/	2ab870b289c74725719ebd72dd02b260	1685498	NA	jesse-engreitz:encode_re2g_predictions_heart_right_ventricle_ENCSR356RNZ_ENCFF605CEN_DNaseHiC_thresholded_bedpe	GRCh38	/scratch/users/agschwin/encode_re2g/dhs_hic/thresholded_bedpe/encode_e2g_predictions_heart_right_ventricle_ENCSR356RNZ_ENCFF605CEN_thresholded_predictions.bedpe.gz
jesse-engreitz:encode_re2g_predictions_heart_right_ventricle_ENCSR214NLQ_ENCFF028RXH_DNaseHiC	bedpe	thresholded links	UM1HG009436	/labs/jesse-engreitz/	a77518b6f2eef65a140c1944b4685e14	1775377	NA	jesse-engreitz:encode_re2g_predictions_heart_right_ventricle_ENCSR214NLQ_ENCFF028RXH_DNaseHiC_thresholded_bedpe	GRCh38	/scratch/users/agschwin/encode_re2g/dhs_hic/thresholded_bedpe/encode_e2g_predictions_heart_right_ventricle_ENCSR214NLQ_ENCFF028RXH_thresholded_predictions.bedpe.gz
jesse-engreitz:encode_re2g_predictions_heart_right_ventricle_ENCSR928WMU_ENCFF545GBW_DNaseHiC	bedpe	thresholded links	UM1HG009436	/labs/jesse-engreitz/	846ba2de354e87364c68623c90b4b4ef	1702515	NA	jesse-engreitz:encode_re2g_predictions_heart_right_ventricle_ENCSR928WMU_ENCFF545GBW_DNaseHiC_thresholded_bedpe	GRCh38	/scratch/users/agschwin/encode_re2g/dhs_hic/thresholded_bedpe/encode_e2g_predictions_heart_right_ventricle_ENCSR928WMU_ENCFF545GBW_thresholded_predictions.bedpe.gz
jesse-engreitz:encode_re2g_predictions_heart_right_ventricle_ENCSR238FMP_ENCFF252ANV_DNaseHiC	bedpe	thresholded links	UM1HG009436	/labs/jesse-engreitz/	0e7aa02102d18e02d5407d91df496fd9	1729139	NA	jesse-engreitz:encode_re2g_predictions_heart_right_ventricle_ENCSR238FMP_ENCFF252ANV_DNaseHiC_thresholded_bedpe	GRCh38	/scratch/users/agschwin/encode_re2g/dhs_hic/thresholded_bedpe/encode_e2g_predictions_heart_right_ventricle_ENCSR238FMP_ENCFF252ANV_thresholded_predictions.bedpe.gz
jesse-engreitz:encode_re2g_predictions_heart_right_ventricle_ENCSR298OIK_ENCFF965BPU_DNaseHiC	bedpe	thresholded links	UM1HG009436	/labs/jesse-engreitz/	716e0af97abafaca1a993225b9e5f95c	1733772	NA	jesse-engreitz:encode_re2g_predictions_heart_right_ventricle_ENCSR298OIK_ENCFF965BPU_DNaseHiC_thresholded_bedpe	GRCh38	/scratch/users/agschwin/encode_re2g/dhs_hic/thresholded_bedpe/encode_e2g_predictions_heart_right_ventricle_ENCSR298OIK_ENCFF965BPU_thresholded_predictions.bedpe.gz
jesse-engreitz:encode_re2g_predictions_heart_right_ventricle_ENCSR238FMP_ENCFF782WVZ_DNaseHiC	bedpe	thresholded links	UM1HG009436	/labs/jesse-engreitz/	cdb41b9e608b5a83df0efda2d59997f2	1719561	NA	jesse-engreitz:encode_re2g_predictions_heart_right_ventricle_ENCSR238FMP_ENCFF782WVZ_DNaseHiC_thresholded_bedpe	GRCh38	/scratch/users/agschwin/encode_re2g/dhs_hic/thresholded_bedpe/encode_e2g_predictions_heart_right_ventricle_ENCSR238FMP_ENCFF782WVZ_thresholded_predictions.bedpe.gz
jesse-engreitz:encode_re2g_predictions_heart_right_ventricle_ENCSR792QQE_ENCFF467OGP_DNaseHiC	bedpe	thresholded links	UM1HG009436	/labs/jesse-engreitz/	194f555dfac227612b651fb28741d999	1701954	NA	jesse-engreitz:encode_re2g_predictions_heart_right_ventricle_ENCSR792QQE_ENCFF467OGP_DNaseHiC_thresholded_bedpe	GRCh38	/scratch/users/agschwin/encode_re2g/dhs_hic/thresholded_bedpe/encode_e2g_predictions_heart_right_ventricle_ENCSR792QQE_ENCFF467OGP_thresholded_predictions.bedpe.gz
jesse-engreitz:encode_re2g_predictions_heart_right_ventricle_ENCSR694LFE_ENCFF507WEW_DNaseHiC	bedpe	thresholded links	UM1HG009436	/labs/jesse-engreitz/	677de89e1dfd719cdc9c6cd02f27984a	1668250	NA	jesse-engreitz:encode_re2g_predictions_heart_right_ventricle_ENCSR694LFE_ENCFF507WEW_DNaseHiC_thresholded_bedpe	GRCh38	/scratch/users/agschwin/encode_re2g/dhs_hic/thresholded_bedpe/encode_e2g_predictions_heart_right_ventricle_ENCSR694LFE_ENCFF507WEW_thresholded_predictions.bedpe.gz
jesse-engreitz:encode_re2g_predictions_heart_right_ventricle_ENCSR211SUT_ENCFF663FRL_DNaseHiC	bedpe	thresholded links	UM1HG009436	/labs/jesse-engreitz/	15ae729536001ec3a77cf6b7d755d341	1642517	NA	jesse-engreitz:encode_re2g_predictions_heart_right_ventricle_ENCSR211SUT_ENCFF663FRL_DNaseHiC_thresholded_bedpe	GRCh38	/scratch/users/agschwin/encode_re2g/dhs_hic/thresholded_bedpe/encode_e2g_predictions_heart_right_ventricle_ENCSR211SUT_ENCFF663FRL_thresholded_predictions.bedpe.gz
jesse-engreitz:encode_re2g_predictions_heart_right_ventricle_ENCSR246VSO_ENCFF736ITL_DNaseHiC	bedpe	thresholded links	UM1HG009436	/labs/jesse-engreitz/	09a9af2992d9a4c80c795004e551a902	1718668	NA	jesse-engreitz:encode_re2g_predictions_heart_right_ventricle_ENCSR246VSO_ENCFF736ITL_DNaseHiC_thresholded_bedpe	GRCh38	/scratch/users/agschwin/encode_re2g/dhs_hic/thresholded_bedpe/encode_e2g_predictions_heart_right_ventricle_ENCSR246VSO_ENCFF736ITL_thresholded_predictions.bedpe.gz
jesse-engreitz:encode_re2g_predictions_kidney_ENCSR206OJJ_ENCFF417GBZ_DNaseHiC	bedpe	thresholded links	UM1HG009436	/labs/jesse-engreitz/	0c4ccb7b3fe9e9abe4bacd0c1ac1052e	1565021	NA	jesse-engreitz:encode_re2g_predictions_kidney_ENCSR206OJJ_ENCFF417GBZ_DNaseHiC_thresholded_bedpe	GRCh38	/scratch/users/agschwin/encode_re2g/dhs_hic/thresholded_bedpe/encode_e2g_predictions_kidney_ENCSR206OJJ_ENCFF417GBZ_thresholded_predictions.bedpe.gz
jesse-engreitz:encode_re2g_predictions_left_cardiac_atrium_ENCSR032NNU_ENCFF628LQQ_DNaseHiC	bedpe	thresholded links	UM1HG009436	/labs/jesse-engreitz/	fc3d9e143f2017dbf4ddf052fd0060e0	1757558	NA	jesse-engreitz:encode_re2g_predictions_left_cardiac_atrium_ENCSR032NNU_ENCFF628LQQ_DNaseHiC_thresholded_bedpe	GRCh38	/scratch/users/agschwin/encode_re2g/dhs_hic/thresholded_bedpe/encode_e2g_predictions_left_cardiac_atrium_ENCSR032NNU_ENCFF628LQQ_thresholded_predictions.bedpe.gz
jesse-engreitz:encode_re2g_predictions_left_cardiac_atrium_ENCSR032NNU_ENCFF614IPZ_DNaseHiC	bedpe	thresholded links	UM1HG009436	/labs/jesse-engreitz/	f12dcf9edd0e682d958401de174063a4	1649294	NA	jesse-engreitz:encode_re2g_predictions_left_cardiac_atrium_ENCSR032NNU_ENCFF614IPZ_DNaseHiC_thresholded_bedpe	GRCh38	/scratch/users/agschwin/encode_re2g/dhs_hic/thresholded_bedpe/encode_e2g_predictions_left_cardiac_atrium_ENCSR032NNU_ENCFF614IPZ_thresholded_predictions.bedpe.gz
jesse-engreitz:encode_re2g_predictions_left_colon_ENCSR867XFA_ENCFF035BLF_DNaseHiC	bedpe	thresholded links	UM1HG009436	/labs/jesse-engreitz/	bc4948100259c2e5590ed4ae130c716e	1593018	NA	jesse-engreitz:encode_re2g_predictions_left_colon_ENCSR867XFA_ENCFF035BLF_DNaseHiC_thresholded_bedpe	GRCh38	/scratch/users/agschwin/encode_re2g/dhs_hic/thresholded_bedpe/encode_e2g_predictions_left_colon_ENCSR867XFA_ENCFF035BLF_thresholded_predictions.bedpe.gz
jesse-engreitz:encode_re2g_predictions_left_colon_ENCSR279SXQ_ENCFF660JWA_DNaseHiC	bedpe	thresholded links	UM1HG009436	/labs/jesse-engreitz/	ce6f6dbe4edb8c8c717afffd59d52433	1493141	NA	jesse-engreitz:encode_re2g_predictions_left_colon_ENCSR279SXQ_ENCFF660JWA_DNaseHiC_thresholded_bedpe	GRCh38	/scratch/users/agschwin/encode_re2g/dhs_hic/thresholded_bedpe/encode_e2g_predictions_left_colon_ENCSR279SXQ_ENCFF660JWA_thresholded_predictions.bedpe.gz
jesse-engreitz:encode_re2g_predictions_left_lung_ENCSR723VNG_ENCFF237UKR_DNaseHiC	bedpe	thresholded links	UM1HG009436	/labs/jesse-engreitz/	779deb2a3e2913e2446d43ca1d5d8698	1587963	NA	jesse-engreitz:encode_re2g_predictions_left_lung_ENCSR723VNG_ENCFF237UKR_DNaseHiC_thresholded_bedpe	GRCh38	/scratch/users/agschwin/encode_re2g/dhs_hic/thresholded_bedpe/encode_e2g_predictions_left_lung_ENCSR723VNG_ENCFF237UKR_thresholded_predictions.bedpe.gz
jesse-engreitz:encode_re2g_predictions_left_lung_ENCSR658UBE_ENCFF094KKX_DNaseHiC	bedpe	thresholded links	UM1HG009436	/labs/jesse-engreitz/	42e8bc2b32fcc348d2de25edc7229668	1595371	NA	jesse-engreitz:encode_re2g_predictions_left_lung_ENCSR658UBE_ENCFF094KKX_DNaseHiC_thresholded_bedpe	GRCh38	/scratch/users/agschwin/encode_re2g/dhs_hic/thresholded_bedpe/encode_e2g_predictions_left_lung_ENCSR658UBE_ENCFF094KKX_thresholded_predictions.bedpe.gz
jesse-engreitz:encode_re2g_predictions_left_ventricle_myocardium_inferior_ENCSR770OTB_ENCFF235LCO_DNaseHiC	bedpe	thresholded links	UM1HG009436	/labs/jesse-engreitz/	15b2215741a25fd769329458b85b2cb9	1657734	NA	jesse-engreitz:encode_re2g_predictions_left_ventricle_myocardium_inferior_ENCSR770OTB_ENCFF235LCO_DNaseHiC_thresholded_bedpe	GRCh38	/scratch/users/agschwin/encode_re2g/dhs_hic/thresholded_bedpe/encode_e2g_predictions_left_ventricle_myocardium_inferior_ENCSR770OTB_ENCFF235LCO_thresholded_predictions.bedpe.gz
jesse-engreitz:encode_re2g_predictions_left_ventricle_myocardium_superior_ENCSR355WAJ_ENCFF318JAP_DNaseHiC	bedpe	thresholded links	UM1HG009436	/labs/jesse-engreitz/	bafaee59c4b25f0ee23af9b4639a7595	1663794	NA	jesse-engreitz:encode_re2g_predictions_left_ventricle_myocardium_superior_ENCSR355WAJ_ENCFF318JAP_DNaseHiC_thresholded_bedpe	GRCh38	/scratch/users/agschwin/encode_re2g/dhs_hic/thresholded_bedpe/encode_e2g_predictions_left_ventricle_myocardium_superior_ENCSR355WAJ_ENCFF318JAP_thresholded_predictions.bedpe.gz
jesse-engreitz:encode_re2g_predictions_lower_lobe_of_left_lung_ENCSR757NJT_ENCFF649OHR_DNaseHiC	bedpe	thresholded links	UM1HG009436	/labs/jesse-engreitz/	4666a3f109755a05ea9cc56cb54d3620	1547570	NA	jesse-engreitz:encode_re2g_predictions_lower_lobe_of_left_lung_ENCSR757NJT_ENCFF649OHR_DNaseHiC_thresholded_bedpe	GRCh38	/scratch/users/agschwin/encode_re2g/dhs_hic/thresholded_bedpe/encode_e2g_predictions_lower_lobe_of_left_lung_ENCSR757NJT_ENCFF649OHR_thresholded_predictions.bedpe.gz
jesse-engreitz:encode_re2g_predictions_lower_lobe_of_left_lung_ENCSR632ONQ_ENCFF395INO_DNaseHiC	bedpe	thresholded links	UM1HG009436	/labs/jesse-engreitz/	cb9333d80cfd21bc021fc0ac02264109	1434336	NA	jesse-engreitz:encode_re2g_predictions_lower_lobe_of_left_lung_ENCSR632ONQ_ENCFF395INO_DNaseHiC_thresholded_bedpe	GRCh38	/scratch/users/agschwin/encode_re2g/dhs_hic/thresholded_bedpe/encode_e2g_predictions_lower_lobe_of_left_lung_ENCSR632ONQ_ENCFF395INO_thresholded_predictions.bedpe.gz
jesse-engreitz:encode_re2g_predictions_lower_lobe_of_right_lung_ENCSR785JXR_ENCFF896OFN_DNaseHiC	bedpe	thresholded links	UM1HG009436	/labs/jesse-engreitz/	3a8e38444fddd3158c946b1bb8a41dca	1627945	NA	jesse-engreitz:encode_re2g_predictions_lower_lobe_of_right_lung_ENCSR785JXR_ENCFF896OFN_DNaseHiC_thresholded_bedpe	GRCh38	/scratch/users/agschwin/encode_re2g/dhs_hic/thresholded_bedpe/encode_e2g_predictions_lower_lobe_of_right_lung_ENCSR785JXR_ENCFF896OFN_thresholded_predictions.bedpe.gz
jesse-engreitz:encode_re2g_predictions_mammary_epithelial_cell_ENCSR817ALC_ENCFF512PQA_DNaseHiC	bedpe	thresholded links	UM1HG009436	/labs/jesse-engreitz/	aa3c1cd35e195c1f9d011c4d2fedc03f	1743971	NA	jesse-engreitz:encode_re2g_predictions_mammary_epithelial_cell_ENCSR817ALC_ENCFF512PQA_DNaseHiC_thresholded_bedpe	GRCh38	/scratch/users/agschwin/encode_re2g/dhs_hic/thresholded_bedpe/encode_e2g_predictions_mammary_epithelial_cell_ENCSR817ALC_ENCFF512PQA_thresholded_predictions.bedpe.gz
jesse-engreitz:encode_re2g_predictions_mucosa_of_descending_colon_ENCSR404TSP_ENCFF309UNV_DNaseHiC	bedpe	thresholded links	UM1HG009436	/labs/jesse-engreitz/	870355b29f912b8bb846f8c6a0d88e2e	1611710	NA	jesse-engreitz:encode_re2g_predictions_mucosa_of_descending_colon_ENCSR404TSP_ENCFF309UNV_DNaseHiC_thresholded_bedpe	GRCh38	/scratch/users/agschwin/encode_re2g/dhs_hic/thresholded_bedpe/encode_e2g_predictions_mucosa_of_descending_colon_ENCSR404TSP_ENCFF309UNV_thresholded_predictions.bedpe.gz
jesse-engreitz:encode_re2g_predictions_mucosa_of_descending_colon_ENCSR612CTW_ENCFF579CAR_DNaseHiC	bedpe	thresholded links	UM1HG009436	/labs/jesse-engreitz/	40050a9bd647a071ea0756d38c71690d	1587138	NA	jesse-engreitz:encode_re2g_predictions_mucosa_of_descending_colon_ENCSR612CTW_ENCFF579CAR_DNaseHiC_thresholded_bedpe	GRCh38	/scratch/users/agschwin/encode_re2g/dhs_hic/thresholded_bedpe/encode_e2g_predictions_mucosa_of_descending_colon_ENCSR612CTW_ENCFF579CAR_thresholded_predictions.bedpe.gz
jesse-engreitz:encode_re2g_predictions_naive_thymus-derived_CD4-positive__alpha-beta_T_cell_ENCSR232NLA_ENCFF520GFL_DNaseHiC	bedpe	thresholded links	UM1HG009436	/labs/jesse-engreitz/	aebfa46e93fec92dad5b34e9ef165c15	1681038	NA	jesse-engreitz:encode_re2g_predictions_naive_thymus-derived_CD4-positive__alpha-beta_T_cell_ENCSR232NLA_ENCFF520GFL_DNaseHiC_thresholded_bedpe	GRCh38	/scratch/users/agschwin/encode_re2g/dhs_hic/thresholded_bedpe/encode_e2g_predictions_naive_thymus-derived_CD4-positive__alpha-beta_T_cell_ENCSR232NLA_ENCFF520GFL_thresholded_predictions.bedpe.gz
jesse-engreitz:encode_re2g_predictions_naive_thymus-derived_CD4-positive__alpha-beta_T_cell_ENCSR387EYA_ENCFF044TCQ_DNaseHiC	bedpe	thresholded links	UM1HG009436	/labs/jesse-engreitz/	e1a9e130dc5922601a0ea93135c5b9f6	1657543	NA	jesse-engreitz:encode_re2g_predictions_naive_thymus-derived_CD4-positive__alpha-beta_T_cell_ENCSR387EYA_ENCFF044TCQ_DNaseHiC_thresholded_bedpe	GRCh38	/scratch/users/agschwin/encode_re2g/dhs_hic/thresholded_bedpe/encode_e2g_predictions_naive_thymus-derived_CD4-positive__alpha-beta_T_cell_ENCSR387EYA_ENCFF044TCQ_thresholded_predictions.bedpe.gz
jesse-engreitz:encode_re2g_predictions_natural_killer_cell_ENCSR975LGK_ENCFF197OWW_DNaseHiC	bedpe	thresholded links	UM1HG009436	/labs/jesse-engreitz/	9a3102e3d16565ce36d1e835ba62dfa5	1660099	NA	jesse-engreitz:encode_re2g_predictions_natural_killer_cell_ENCSR975LGK_ENCFF197OWW_DNaseHiC_thresholded_bedpe	GRCh38	/scratch/users/agschwin/encode_re2g/dhs_hic/thresholded_bedpe/encode_e2g_predictions_natural_killer_cell_ENCSR975LGK_ENCFF197OWW_thresholded_predictions.bedpe.gz
jesse-engreitz:encode_re2g_predictions_ovary_ENCSR872DUY_ENCFF156GGD_DNaseHiC	bedpe	thresholded links	UM1HG009436	/labs/jesse-engreitz/	8f60d68947677db6d4c789f41e261c49	1574468	NA	jesse-engreitz:encode_re2g_predictions_ovary_ENCSR872DUY_ENCFF156GGD_DNaseHiC_thresholded_bedpe	GRCh38	/scratch/users/agschwin/encode_re2g/dhs_hic/thresholded_bedpe/encode_e2g_predictions_ovary_ENCSR872DUY_ENCFF156GGD_thresholded_predictions.bedpe.gz
jesse-engreitz:encode_re2g_predictions_ovary_ENCSR930PDT_ENCFF019YVI_DNaseHiC	bedpe	thresholded links	UM1HG009436	/labs/jesse-engreitz/	9082cbfc41ab13ba5847ed0608150240	1487517	NA	jesse-engreitz:encode_re2g_predictions_ovary_ENCSR930PDT_ENCFF019YVI_DNaseHiC_thresholded_bedpe	GRCh38	/scratch/users/agschwin/encode_re2g/dhs_hic/thresholded_bedpe/encode_e2g_predictions_ovary_ENCSR930PDT_ENCFF019YVI_thresholded_predictions.bedpe.gz
jesse-engreitz:encode_re2g_predictions_ovary_ENCSR330ZBO_ENCFF700CYI_DNaseHiC	bedpe	thresholded links	UM1HG009436	/labs/jesse-engreitz/	cab61e3e7b6b5215bba0553b864627b0	1488790	NA	jesse-engreitz:encode_re2g_predictions_ovary_ENCSR330ZBO_ENCFF700CYI_DNaseHiC_thresholded_bedpe	GRCh38	/scratch/users/agschwin/encode_re2g/dhs_hic/thresholded_bedpe/encode_e2g_predictions_ovary_ENCSR330ZBO_ENCFF700CYI_thresholded_predictions.bedpe.gz
jesse-engreitz:encode_re2g_predictions_ovary_ENCSR138UGH_ENCFF496GEU_DNaseHiC	bedpe	thresholded links	UM1HG009436	/labs/jesse-engreitz/	fdcdf06d9d60c3a337be71804bc9265a	1567792	NA	jesse-engreitz:encode_re2g_predictions_ovary_ENCSR138UGH_ENCFF496GEU_DNaseHiC_thresholded_bedpe	GRCh38	/scratch/users/agschwin/encode_re2g/dhs_hic/thresholded_bedpe/encode_e2g_predictions_ovary_ENCSR138UGH_ENCFF496GEU_thresholded_predictions.bedpe.gz
jesse-engreitz:encode_re2g_predictions_pancreas_ENCSR999VDH_ENCFF705MKK_DNaseHiC	bedpe	thresholded links	UM1HG009436	/labs/jesse-engreitz/	992c1cd44b6094f80cc228dd61cf2bff	1654346	NA	jesse-engreitz:encode_re2g_predictions_pancreas_ENCSR999VDH_ENCFF705MKK_DNaseHiC_thresholded_bedpe	GRCh38	/scratch/users/agschwin/encode_re2g/dhs_hic/thresholded_bedpe/encode_e2g_predictions_pancreas_ENCSR999VDH_ENCFF705MKK_thresholded_predictions.bedpe.gz
jesse-engreitz:encode_re2g_predictions_pancreas_ENCSR589HAC_ENCFF653HCO_DNaseHiC	bedpe	thresholded links	UM1HG009436	/labs/jesse-engreitz/	ce0100f651d150d200bc0cca7d73c817	1644350	NA	jesse-engreitz:encode_re2g_predictions_pancreas_ENCSR589HAC_ENCFF653HCO_DNaseHiC_thresholded_bedpe	GRCh38	/scratch/users/agschwin/encode_re2g/dhs_hic/thresholded_bedpe/encode_e2g_predictions_pancreas_ENCSR589HAC_ENCFF653HCO_thresholded_predictions.bedpe.gz
jesse-engreitz:encode_re2g_predictions_pancreas_ENCSR242RPQ_ENCFF586MQY_DNaseHiC	bedpe	thresholded links	UM1HG009436	/labs/jesse-engreitz/	1824e0aa459b3ba765499140e5934e61	1624743	NA	jesse-engreitz:encode_re2g_predictions_pancreas_ENCSR242RPQ_ENCFF586MQY_DNaseHiC_thresholded_bedpe	GRCh38	/scratch/users/agschwin/encode_re2g/dhs_hic/thresholded_bedpe/encode_e2g_predictions_pancreas_ENCSR242RPQ_ENCFF586MQY_thresholded_predictions.bedpe.gz
jesse-engreitz:encode_re2g_predictions_posterior_vena_cava_ENCSR324NVG_ENCFF673EOB_DNaseHiC	bedpe	thresholded links	UM1HG009436	/labs/jesse-engreitz/	55d5d61ac5d45ad15bb4d9abdc6c1887	1566240	NA	jesse-engreitz:encode_re2g_predictions_posterior_vena_cava_ENCSR324NVG_ENCFF673EOB_DNaseHiC_thresholded_bedpe	GRCh38	/scratch/users/agschwin/encode_re2g/dhs_hic/thresholded_bedpe/encode_e2g_predictions_posterior_vena_cava_ENCSR324NVG_ENCFF673EOB_thresholded_predictions.bedpe.gz
jesse-engreitz:encode_re2g_predictions_posterior_vena_cava_ENCSR324NVG_ENCFF946RZW_DNaseHiC	bedpe	thresholded links	UM1HG009436	/labs/jesse-engreitz/	ff6e0c868756b5c4f5751173ad7af0b3	1553941	NA	jesse-engreitz:encode_re2g_predictions_posterior_vena_cava_ENCSR324NVG_ENCFF946RZW_DNaseHiC_thresholded_bedpe	GRCh38	/scratch/users/agschwin/encode_re2g/dhs_hic/thresholded_bedpe/encode_e2g_predictions_posterior_vena_cava_ENCSR324NVG_ENCFF946RZW_thresholded_predictions.bedpe.gz
jesse-engreitz:encode_re2g_predictions_prostate_gland_ENCSR564FZH_ENCFF515ZBF_DNaseHiC	bedpe	thresholded links	UM1HG009436	/labs/jesse-engreitz/	240bc8642fe8e677ca2fc8ddb978f9c2	1487919	NA	jesse-engreitz:encode_re2g_predictions_prostate_gland_ENCSR564FZH_ENCFF515ZBF_DNaseHiC_thresholded_bedpe	GRCh38	/scratch/users/agschwin/encode_re2g/dhs_hic/thresholded_bedpe/encode_e2g_predictions_prostate_gland_ENCSR564FZH_ENCFF515ZBF_thresholded_predictions.bedpe.gz
jesse-engreitz:encode_re2g_predictions_psoas_muscle_ENCSR388DHS_ENCFF625VNK_DNaseHiC	bedpe	thresholded links	UM1HG009436	/labs/jesse-engreitz/	ee71f071c9b8d796ebc661a0baebb26e	1712535	NA	jesse-engreitz:encode_re2g_predictions_psoas_muscle_ENCSR388DHS_ENCFF625VNK_DNaseHiC_thresholded_bedpe	GRCh38	/scratch/users/agschwin/encode_re2g/dhs_hic/thresholded_bedpe/encode_e2g_predictions_psoas_muscle_ENCSR388DHS_ENCFF625VNK_thresholded_predictions.bedpe.gz
jesse-engreitz:encode_re2g_predictions_psoas_muscle_ENCSR108SYM_ENCFF136XCV_DNaseHiC	bedpe	thresholded links	UM1HG009436	/labs/jesse-engreitz/	a9589c921011e95667fd5c0b89944afd	1627962	NA	jesse-engreitz:encode_re2g_predictions_psoas_muscle_ENCSR108SYM_ENCFF136XCV_DNaseHiC_thresholded_bedpe	GRCh38	/scratch/users/agschwin/encode_re2g/dhs_hic/thresholded_bedpe/encode_e2g_predictions_psoas_muscle_ENCSR108SYM_ENCFF136XCV_thresholded_predictions.bedpe.gz
jesse-engreitz:encode_re2g_predictions_right_cardiac_atrium_ENCSR374VQC_ENCFF284OEA_DNaseHiC	bedpe	thresholded links	UM1HG009436	/labs/jesse-engreitz/	5cdd10a5961ff10992e53d537475a93b	1687112	NA	jesse-engreitz:encode_re2g_predictions_right_cardiac_atrium_ENCSR374VQC_ENCFF284OEA_DNaseHiC_thresholded_bedpe	GRCh38	/scratch/users/agschwin/encode_re2g/dhs_hic/thresholded_bedpe/encode_e2g_predictions_right_cardiac_atrium_ENCSR374VQC_ENCFF284OEA_thresholded_predictions.bedpe.gz
jesse-engreitz:encode_re2g_predictions_right_cardiac_atrium_ENCSR622HTS_ENCFF081NPN_DNaseHiC	bedpe	thresholded links	UM1HG009436	/labs/jesse-engreitz/	2c91cdfe57f0e88b57d7c7d232b3a314	1714343	NA	jesse-engreitz:encode_re2g_predictions_right_cardiac_atrium_ENCSR622HTS_ENCFF081NPN_DNaseHiC_thresholded_bedpe	GRCh38	/scratch/users/agschwin/encode_re2g/dhs_hic/thresholded_bedpe/encode_e2g_predictions_right_cardiac_atrium_ENCSR622HTS_ENCFF081NPN_thresholded_predictions.bedpe.gz
jesse-engreitz:encode_re2g_predictions_right_cardiac_atrium_ENCSR485UQY_ENCFF784WTB_DNaseHiC	bedpe	thresholded links	UM1HG009436	/labs/jesse-engreitz/	7a598f38ac542522c12be71cc6993c0e	1565901	NA	jesse-engreitz:encode_re2g_predictions_right_cardiac_atrium_ENCSR485UQY_ENCFF784WTB_DNaseHiC_thresholded_bedpe	GRCh38	/scratch/users/agschwin/encode_re2g/dhs_hic/thresholded_bedpe/encode_e2g_predictions_right_cardiac_atrium_ENCSR485UQY_ENCFF784WTB_thresholded_predictions.bedpe.gz
jesse-engreitz:encode_re2g_predictions_right_cardiac_atrium_ENCSR485UQY_ENCFF459FRB_DNaseHiC	bedpe	thresholded links	UM1HG009436	/labs/jesse-engreitz/	44c80e39ff7450c82a438eb38a969b1a	1621495	NA	jesse-engreitz:encode_re2g_predictions_right_cardiac_atrium_ENCSR485UQY_ENCFF459FRB_DNaseHiC_thresholded_bedpe	GRCh38	/scratch/users/agschwin/encode_re2g/dhs_hic/thresholded_bedpe/encode_e2g_predictions_right_cardiac_atrium_ENCSR485UQY_ENCFF459FRB_thresholded_predictions.bedpe.gz
jesse-engreitz:encode_re2g_predictions_right_lobe_of_liver_ENCSR164TBP_ENCFF952JZV_DNaseHiC	bedpe	thresholded links	UM1HG009436	/labs/jesse-engreitz/	fb5f912fff002271ba4adb37419c3271	1625013	NA	jesse-engreitz:encode_re2g_predictions_right_lobe_of_liver_ENCSR164TBP_ENCFF952JZV_DNaseHiC_thresholded_bedpe	GRCh38	/scratch/users/agschwin/encode_re2g/dhs_hic/thresholded_bedpe/encode_e2g_predictions_right_lobe_of_liver_ENCSR164TBP_ENCFF952JZV_thresholded_predictions.bedpe.gz
jesse-engreitz:encode_re2g_predictions_right_lobe_of_liver_ENCSR933GMM_ENCFF705YZH_DNaseHiC	bedpe	thresholded links	UM1HG009436	/labs/jesse-engreitz/	1922aedb69b6b19d362e95a27783c239	1632502	NA	jesse-engreitz:encode_re2g_predictions_right_lobe_of_liver_ENCSR933GMM_ENCFF705YZH_DNaseHiC_thresholded_bedpe	GRCh38	/scratch/users/agschwin/encode_re2g/dhs_hic/thresholded_bedpe/encode_e2g_predictions_right_lobe_of_liver_ENCSR933GMM_ENCFF705YZH_thresholded_predictions.bedpe.gz
jesse-engreitz:encode_re2g_predictions_sciatic_nerve_ENCSR672MOG_ENCFF602CHT_DNaseHiC	bedpe	thresholded links	UM1HG009436	/labs/jesse-engreitz/	4718e2bf8ddce63508ed63c4e8053773	1521895	NA	jesse-engreitz:encode_re2g_predictions_sciatic_nerve_ENCSR672MOG_ENCFF602CHT_DNaseHiC_thresholded_bedpe	GRCh38	/scratch/users/agschwin/encode_re2g/dhs_hic/thresholded_bedpe/encode_e2g_predictions_sciatic_nerve_ENCSR672MOG_ENCFF602CHT_thresholded_predictions.bedpe.gz
jesse-engreitz:encode_re2g_predictions_sigmoid_colon_ENCSR276ITP_ENCFF897KRI_DNaseHiC	bedpe	thresholded links	UM1HG009436	/labs/jesse-engreitz/	5ea9c45e25586f66dd9c7a27189bc6fa	1615953	NA	jesse-engreitz:encode_re2g_predictions_sigmoid_colon_ENCSR276ITP_ENCFF897KRI_DNaseHiC_thresholded_bedpe	GRCh38	/scratch/users/agschwin/encode_re2g/dhs_hic/thresholded_bedpe/encode_e2g_predictions_sigmoid_colon_ENCSR276ITP_ENCFF897KRI_thresholded_predictions.bedpe.gz
jesse-engreitz:encode_re2g_predictions_spleen_ENCSR567EEO_ENCFF280EYD_DNaseHiC	bedpe	thresholded links	UM1HG009436	/labs/jesse-engreitz/	e851ab19eec749cbe90600394406629b	1723313	NA	jesse-engreitz:encode_re2g_predictions_spleen_ENCSR567EEO_ENCFF280EYD_DNaseHiC_thresholded_bedpe	GRCh38	/scratch/users/agschwin/encode_re2g/dhs_hic/thresholded_bedpe/encode_e2g_predictions_spleen_ENCSR567EEO_ENCFF280EYD_thresholded_predictions.bedpe.gz
jesse-engreitz:encode_re2g_predictions_thyroid_gland_ENCSR195ONB_ENCFF839VMS_DNaseHiC	bedpe	thresholded links	UM1HG009436	/labs/jesse-engreitz/	0043158b5fdc2e622798776378f9668f	1555138	NA	jesse-engreitz:encode_re2g_predictions_thyroid_gland_ENCSR195ONB_ENCFF839VMS_DNaseHiC_thresholded_bedpe	GRCh38	/scratch/users/agschwin/encode_re2g/dhs_hic/thresholded_bedpe/encode_e2g_predictions_thyroid_gland_ENCSR195ONB_ENCFF839VMS_thresholded_predictions.bedpe.gz
jesse-engreitz:encode_re2g_predictions_upper_lobe_of_right_lung_ENCSR357AWH_ENCFF304HMS_DNaseHiC	bedpe	thresholded links	UM1HG009436	/labs/jesse-engreitz/	4ef5993b8b879754e0290548ce189921	1540363	NA	jesse-engreitz:encode_re2g_predictions_upper_lobe_of_right_lung_ENCSR357AWH_ENCFF304HMS_DNaseHiC_thresholded_bedpe	GRCh38	/scratch/users/agschwin/encode_re2g/dhs_hic/thresholded_bedpe/encode_e2g_predictions_upper_lobe_of_right_lung_ENCSR357AWH_ENCFF304HMS_thresholded_predictions.bedpe.gz
