dataset	file_format	output_type	award	lab	md5sum	file_size	step_run	aliases	assembly	submitted_file_name	file_format_type
jesse-engreitz:encode_re2g_predictions_A673_ENCSR114QAK_ENCFF129LMU_DNaseHiC	bed	element gene links	UM1HG009436	/labs/jesse-engreitz/	86dd8bfffa80bf94883587190895bc83	342228483	NA	jesse-engreitz:encode_re2g_predictions_A673_ENCSR114QAK_ENCFF129LMU_DNaseHiC_full_predictions	GRCh38	/scratch/users/agschwin/encode_re2g/dhs_hic/full_predictions/encode_e2g_predictions_A673_ENCSR114QAK_ENCFF129LMU_full_predictions.tsv.gz	bed3+
jesse-engreitz:encode_re2g_predictions_B_cell_ENCSR468AKF_ENCFF076LWH_DNaseHiC	bed	element gene links	UM1HG009436	/labs/jesse-engreitz/	8bfa8aead43dff3a1927ff002a26e7cd	315610060	NA	jesse-engreitz:encode_re2g_predictions_B_cell_ENCSR468AKF_ENCFF076LWH_DNaseHiC_full_predictions	GRCh38	/scratch/users/agschwin/encode_re2g/dhs_hic/full_predictions/encode_e2g_predictions_B_cell_ENCSR468AKF_ENCFF076LWH_full_predictions.tsv.gz	bed3+
jesse-engreitz:encode_re2g_predictions_CD14-positive_monocyte_ENCSR241BNZ_ENCFF185AYZ_DNaseHiC	bed	element gene links	UM1HG009436	/labs/jesse-engreitz/	a43415e316df7e72b44f8909106a4085	365459226	NA	jesse-engreitz:encode_re2g_predictions_CD14-positive_monocyte_ENCSR241BNZ_ENCFF185AYZ_DNaseHiC_full_predictions	GRCh38	/scratch/users/agschwin/encode_re2g/dhs_hic/full_predictions/encode_e2g_predictions_CD14-positive_monocyte_ENCSR241BNZ_ENCFF185AYZ_full_predictions.tsv.gz	bed3+
jesse-engreitz:encode_re2g_predictions_CD14-positive_monocyte_ENCSR464ETX_ENCFF684YCT_DNaseHiC	bed	element gene links	UM1HG009436	/labs/jesse-engreitz/	606c961c231035ee542b44a9253d28f7	304824658	NA	jesse-engreitz:encode_re2g_predictions_CD14-positive_monocyte_ENCSR464ETX_ENCFF684YCT_DNaseHiC_full_predictions	GRCh38	/scratch/users/agschwin/encode_re2g/dhs_hic/full_predictions/encode_e2g_predictions_CD14-positive_monocyte_ENCSR464ETX_ENCFF684YCT_full_predictions.tsv.gz	bed3+
jesse-engreitz:encode_re2g_predictions_CD4-positive__alpha-beta_T_cell_ENCSR376DAE_ENCFF958DWQ_DNaseHiC	bed	element gene links	UM1HG009436	/labs/jesse-engreitz/	d3442bd6390ff5e4d4f050fa8ce0cee2	372483278	NA	jesse-engreitz:encode_re2g_predictions_CD4-positive__alpha-beta_T_cell_ENCSR376DAE_ENCFF958DWQ_DNaseHiC_full_predictions	GRCh38	/scratch/users/agschwin/encode_re2g/dhs_hic/full_predictions/encode_e2g_predictions_CD4-positive__alpha-beta_T_cell_ENCSR376DAE_ENCFF958DWQ_full_predictions.tsv.gz	bed3+
jesse-engreitz:encode_re2g_predictions_CD4-positive__alpha-beta_memory_T_cell_ENCSR239XNU_ENCFF442IGJ_DNaseHiC	bed	element gene links	UM1HG009436	/labs/jesse-engreitz/	958b4070010d1dbb6bb86b382c54c347	349972226	NA	jesse-engreitz:encode_re2g_predictions_CD4-positive__alpha-beta_memory_T_cell_ENCSR239XNU_ENCFF442IGJ_DNaseHiC_full_predictions	GRCh38	/scratch/users/agschwin/encode_re2g/dhs_hic/full_predictions/encode_e2g_predictions_CD4-positive__alpha-beta_memory_T_cell_ENCSR239XNU_ENCFF442IGJ_full_predictions.tsv.gz	bed3+
jesse-engreitz:encode_re2g_predictions_CD8-positive__alpha-beta_T_cell_ENCSR363BTB_ENCFF009ONH_DNaseHiC	bed	element gene links	UM1HG009436	/labs/jesse-engreitz/	739b7a44485c7c26430550b4753b7124	357928908	NA	jesse-engreitz:encode_re2g_predictions_CD8-positive__alpha-beta_T_cell_ENCSR363BTB_ENCFF009ONH_DNaseHiC_full_predictions	GRCh38	/scratch/users/agschwin/encode_re2g/dhs_hic/full_predictions/encode_e2g_predictions_CD8-positive__alpha-beta_T_cell_ENCSR363BTB_ENCFF009ONH_full_predictions.tsv.gz	bed3+
jesse-engreitz:encode_re2g_predictions_Caco-2_ENCSR255STJ_ENCFF234MDO_DNaseHiC	bed	element gene links	UM1HG009436	/labs/jesse-engreitz/	42aaa1a16116a380cc2e15a4276a229e	338060567	NA	jesse-engreitz:encode_re2g_predictions_Caco-2_ENCSR255STJ_ENCFF234MDO_DNaseHiC_full_predictions	GRCh38	/scratch/users/agschwin/encode_re2g/dhs_hic/full_predictions/encode_e2g_predictions_Caco-2_ENCSR255STJ_ENCFF234MDO_full_predictions.tsv.gz	bed3+
jesse-engreitz:encode_re2g_predictions_Calu3_ENCSR366NBE_ENCFF127TPS_DNaseHiC	bed	element gene links	UM1HG009436	/labs/jesse-engreitz/	678804033b97673545128e8d05a5adbc	319461946	NA	jesse-engreitz:encode_re2g_predictions_Calu3_ENCSR366NBE_ENCFF127TPS_DNaseHiC_full_predictions	GRCh38	/scratch/users/agschwin/encode_re2g/dhs_hic/full_predictions/encode_e2g_predictions_Calu3_ENCSR366NBE_ENCFF127TPS_full_predictions.tsv.gz	bed3+
jesse-engreitz:encode_re2g_predictions_GM12878_ENCSR000EMT_ENCFF318GOM_DNaseHiC	bed	element gene links	UM1HG009436	/labs/jesse-engreitz/	0c31e3f4c6273e6747f84acbf9c5494b	294087060	NA	jesse-engreitz:encode_re2g_predictions_GM12878_ENCSR000EMT_ENCFF318GOM_DNaseHiC_full_predictions	GRCh38	/scratch/users/agschwin/encode_re2g/dhs_hic/full_predictions/encode_e2g_predictions_GM12878_ENCSR000EMT_ENCFF318GOM_full_predictions.tsv.gz	bed3+
jesse-engreitz:encode_re2g_predictions_HCT116_ENCSR477IQW_ENCFF135MUT_DNaseHiC	bed	element gene links	UM1HG009436	/labs/jesse-engreitz/	1497556d188770a414caa7c864734c72	383120346	NA	jesse-engreitz:encode_re2g_predictions_HCT116_ENCSR477IQW_ENCFF135MUT_DNaseHiC_full_predictions	GRCh38	/scratch/users/agschwin/encode_re2g/dhs_hic/full_predictions/encode_e2g_predictions_HCT116_ENCSR477IQW_ENCFF135MUT_full_predictions.tsv.gz	bed3+
jesse-engreitz:encode_re2g_predictions_HCT116_ENCSR867ITQ_ENCFF683PLM_DNaseHiC	bed	element gene links	UM1HG009436	/labs/jesse-engreitz/	8e7c696efafc8f42402c9a2bec2eb6fc	335301487	NA	jesse-engreitz:encode_re2g_predictions_HCT116_ENCSR867ITQ_ENCFF683PLM_DNaseHiC_full_predictions	GRCh38	/scratch/users/agschwin/encode_re2g/dhs_hic/full_predictions/encode_e2g_predictions_HCT116_ENCSR867ITQ_ENCFF683PLM_full_predictions.tsv.gz	bed3+
jesse-engreitz:encode_re2g_predictions_HCT116_ENCSR980GWI_ENCFF241MSL_DNaseHiC	bed	element gene links	UM1HG009436	/labs/jesse-engreitz/	26025fc08d2b0064b9a873dbae82e0d4	358049478	NA	jesse-engreitz:encode_re2g_predictions_HCT116_ENCSR980GWI_ENCFF241MSL_DNaseHiC_full_predictions	GRCh38	/scratch/users/agschwin/encode_re2g/dhs_hic/full_predictions/encode_e2g_predictions_HCT116_ENCSR980GWI_ENCFF241MSL_full_predictions.tsv.gz	bed3+
jesse-engreitz:encode_re2g_predictions_HCT116_ENCSR595CME_ENCFF302CUI_DNaseHiC	bed	element gene links	UM1HG009436	/labs/jesse-engreitz/	ae3a0537f1b0bb3874506a42b36a36e5	430161113	NA	jesse-engreitz:encode_re2g_predictions_HCT116_ENCSR595CME_ENCFF302CUI_DNaseHiC_full_predictions	GRCh38	/scratch/users/agschwin/encode_re2g/dhs_hic/full_predictions/encode_e2g_predictions_HCT116_ENCSR595CME_ENCFF302CUI_full_predictions.tsv.gz	bed3+
jesse-engreitz:encode_re2g_predictions_HCT116_ENCSR811COL_ENCFF104THR_DNaseHiC	bed	element gene links	UM1HG009436	/labs/jesse-engreitz/	8f7a12aaa734d27b25fd1b938f2d43b0	350228270	NA	jesse-engreitz:encode_re2g_predictions_HCT116_ENCSR811COL_ENCFF104THR_DNaseHiC_full_predictions	GRCh38	/scratch/users/agschwin/encode_re2g/dhs_hic/full_predictions/encode_e2g_predictions_HCT116_ENCSR811COL_ENCFF104THR_full_predictions.tsv.gz	bed3+
jesse-engreitz:encode_re2g_predictions_HCT116_ENCSR498JAW_ENCFF004TKY_DNaseHiC	bed	element gene links	UM1HG009436	/labs/jesse-engreitz/	2f57be612b523e26979465f9f70aaa08	427754998	NA	jesse-engreitz:encode_re2g_predictions_HCT116_ENCSR498JAW_ENCFF004TKY_DNaseHiC_full_predictions	GRCh38	/scratch/users/agschwin/encode_re2g/dhs_hic/full_predictions/encode_e2g_predictions_HCT116_ENCSR498JAW_ENCFF004TKY_full_predictions.tsv.gz	bed3+
jesse-engreitz:encode_re2g_predictions_HCT116_ENCSR000ENM_ENCFF573OPJ_DNaseHiC	bed	element gene links	UM1HG009436	/labs/jesse-engreitz/	4bdbd495fe594745d2fa8e476ca0938c	288662814	NA	jesse-engreitz:encode_re2g_predictions_HCT116_ENCSR000ENM_ENCFF573OPJ_DNaseHiC_full_predictions	GRCh38	/scratch/users/agschwin/encode_re2g/dhs_hic/full_predictions/encode_e2g_predictions_HCT116_ENCSR000ENM_ENCFF573OPJ_full_predictions.tsv.gz	bed3+
jesse-engreitz:encode_re2g_predictions_HCT116_ENCSR129EWE_ENCFF435JYN_DNaseHiC	bed	element gene links	UM1HG009436	/labs/jesse-engreitz/	d06970d13f57bf03e8703a5191c96137	352332444	NA	jesse-engreitz:encode_re2g_predictions_HCT116_ENCSR129EWE_ENCFF435JYN_DNaseHiC_full_predictions	GRCh38	/scratch/users/agschwin/encode_re2g/dhs_hic/full_predictions/encode_e2g_predictions_HCT116_ENCSR129EWE_ENCFF435JYN_full_predictions.tsv.gz	bed3+
jesse-engreitz:encode_re2g_predictions_HCT116_ENCSR694YJR_ENCFF086ORS_DNaseHiC	bed	element gene links	UM1HG009436	/labs/jesse-engreitz/	059b64d0d80efe94aaa89d7057700e47	334684370	NA	jesse-engreitz:encode_re2g_predictions_HCT116_ENCSR694YJR_ENCFF086ORS_DNaseHiC_full_predictions	GRCh38	/scratch/users/agschwin/encode_re2g/dhs_hic/full_predictions/encode_e2g_predictions_HCT116_ENCSR694YJR_ENCFF086ORS_full_predictions.tsv.gz	bed3+
jesse-engreitz:encode_re2g_predictions_HCT116_ENCSR878VJL_ENCFF534TYD_DNaseHiC	bed	element gene links	UM1HG009436	/labs/jesse-engreitz/	91d40ad2d25e67d32e7a80fd3fd80f82	368490329	NA	jesse-engreitz:encode_re2g_predictions_HCT116_ENCSR878VJL_ENCFF534TYD_DNaseHiC_full_predictions	GRCh38	/scratch/users/agschwin/encode_re2g/dhs_hic/full_predictions/encode_e2g_predictions_HCT116_ENCSR878VJL_ENCFF534TYD_full_predictions.tsv.gz	bed3+
jesse-engreitz:encode_re2g_predictions_HCT116_ENCSR795ZKB_ENCFF434XQU_DNaseHiC	bed	element gene links	UM1HG009436	/labs/jesse-engreitz/	ff033215db51810f5dbc07edce993667	384480550	NA	jesse-engreitz:encode_re2g_predictions_HCT116_ENCSR795ZKB_ENCFF434XQU_DNaseHiC_full_predictions	GRCh38	/scratch/users/agschwin/encode_re2g/dhs_hic/full_predictions/encode_e2g_predictions_HCT116_ENCSR795ZKB_ENCFF434XQU_full_predictions.tsv.gz	bed3+
jesse-engreitz:encode_re2g_predictions_HCT116_ENCSR542UWN_ENCFF912NDK_DNaseHiC	bed	element gene links	UM1HG009436	/labs/jesse-engreitz/	7c440e0e5d502e587dfbf750f3f4b6d4	367090518	NA	jesse-engreitz:encode_re2g_predictions_HCT116_ENCSR542UWN_ENCFF912NDK_DNaseHiC_full_predictions	GRCh38	/scratch/users/agschwin/encode_re2g/dhs_hic/full_predictions/encode_e2g_predictions_HCT116_ENCSR542UWN_ENCFF912NDK_full_predictions.tsv.gz	bed3+
jesse-engreitz:encode_re2g_predictions_HCT116_ENCSR702VYW_ENCFF259YUS_DNaseHiC	bed	element gene links	UM1HG009436	/labs/jesse-engreitz/	294f444328cb0dec9f040dca206d1caa	369334221	NA	jesse-engreitz:encode_re2g_predictions_HCT116_ENCSR702VYW_ENCFF259YUS_DNaseHiC_full_predictions	GRCh38	/scratch/users/agschwin/encode_re2g/dhs_hic/full_predictions/encode_e2g_predictions_HCT116_ENCSR702VYW_ENCFF259YUS_full_predictions.tsv.gz	bed3+
jesse-engreitz:encode_re2g_predictions_HCT116_ENCSR690ADK_ENCFF700DEX_DNaseHiC	bed	element gene links	UM1HG009436	/labs/jesse-engreitz/	24e9190e62e5b3b0ca3659713d25b8fa	356309493	NA	jesse-engreitz:encode_re2g_predictions_HCT116_ENCSR690ADK_ENCFF700DEX_DNaseHiC_full_predictions	GRCh38	/scratch/users/agschwin/encode_re2g/dhs_hic/full_predictions/encode_e2g_predictions_HCT116_ENCSR690ADK_ENCFF700DEX_full_predictions.tsv.gz	bed3+
jesse-engreitz:encode_re2g_predictions_HCT116_ENCSR521WNU_ENCFF016JKX_DNaseHiC	bed	element gene links	UM1HG009436	/labs/jesse-engreitz/	59d9fd57d9fce58fe8b6be6f5811c931	336339672	NA	jesse-engreitz:encode_re2g_predictions_HCT116_ENCSR521WNU_ENCFF016JKX_DNaseHiC_full_predictions	GRCh38	/scratch/users/agschwin/encode_re2g/dhs_hic/full_predictions/encode_e2g_predictions_HCT116_ENCSR521WNU_ENCFF016JKX_full_predictions.tsv.gz	bed3+
jesse-engreitz:encode_re2g_predictions_HCT116_ENCSR823GSV_ENCFF528XGK_DNaseHiC	bed	element gene links	UM1HG009436	/labs/jesse-engreitz/	283536ec684bddc14c2e0f5886655c52	347407220	NA	jesse-engreitz:encode_re2g_predictions_HCT116_ENCSR823GSV_ENCFF528XGK_DNaseHiC_full_predictions	GRCh38	/scratch/users/agschwin/encode_re2g/dhs_hic/full_predictions/encode_e2g_predictions_HCT116_ENCSR823GSV_ENCFF528XGK_full_predictions.tsv.gz	bed3+
jesse-engreitz:encode_re2g_predictions_HepG2_ENCSR149XIL_ENCFF807IRK_DNaseHiC	bed	element gene links	UM1HG009436	/labs/jesse-engreitz/	b5088d9ffb58b64cf17e2a3a7d84e2c0	319213575	NA	jesse-engreitz:encode_re2g_predictions_HepG2_ENCSR149XIL_ENCFF807IRK_DNaseHiC_full_predictions	GRCh38	/scratch/users/agschwin/encode_re2g/dhs_hic/full_predictions/encode_e2g_predictions_HepG2_ENCSR149XIL_ENCFF807IRK_full_predictions.tsv.gz	bed3+
jesse-engreitz:encode_re2g_predictions_IMR-90_ENCSR000EKG_ENCFF281ILS_DNaseHiC	bed	element gene links	UM1HG009436	/labs/jesse-engreitz/	63ebe8c2d16dfbdf6d863650658e2bfd	314593274	NA	jesse-engreitz:encode_re2g_predictions_IMR-90_ENCSR000EKG_ENCFF281ILS_DNaseHiC_full_predictions	GRCh38	/scratch/users/agschwin/encode_re2g/dhs_hic/full_predictions/encode_e2g_predictions_IMR-90_ENCSR000EKG_ENCFF281ILS_full_predictions.tsv.gz	bed3+
jesse-engreitz:encode_re2g_predictions_K562_ENCSR000EOT_ENCFF621AIY_DNaseHiC	bed	element gene links	UM1HG009436	/labs/jesse-engreitz/	0ea098b77117e3d46259f858ecd1461d	323744087	NA	jesse-engreitz:encode_re2g_predictions_K562_ENCSR000EOT_ENCFF621AIY_DNaseHiC_full_predictions	GRCh38	/scratch/users/agschwin/encode_re2g/dhs_hic/full_predictions/encode_e2g_predictions_K562_ENCSR000EOT_ENCFF621AIY_full_predictions.tsv.gz	bed3+
jesse-engreitz:encode_re2g_predictions_MCF_10A_ENCSR789VGQ_ENCFF977XWK_DNaseHiC	bed	element gene links	UM1HG009436	/labs/jesse-engreitz/	7f8f43300a5e7dfb37278f4b5eeb1303	276407104	NA	jesse-engreitz:encode_re2g_predictions_MCF_10A_ENCSR789VGQ_ENCFF977XWK_DNaseHiC_full_predictions	GRCh38	/scratch/users/agschwin/encode_re2g/dhs_hic/full_predictions/encode_e2g_predictions_MCF_10A_ENCSR789VGQ_ENCFF977XWK_full_predictions.tsv.gz	bed3+
jesse-engreitz:encode_re2g_predictions_MCF-7_ENCSR000EPH_ENCFF420JTA_DNaseHiC	bed	element gene links	UM1HG009436	/labs/jesse-engreitz/	d10538bee51e8784d2aa421b31530bbe	279287176	NA	jesse-engreitz:encode_re2g_predictions_MCF-7_ENCSR000EPH_ENCFF420JTA_DNaseHiC_full_predictions	GRCh38	/scratch/users/agschwin/encode_re2g/dhs_hic/full_predictions/encode_e2g_predictions_MCF-7_ENCSR000EPH_ENCFF420JTA_full_predictions.tsv.gz	bed3+
jesse-engreitz:encode_re2g_predictions_OCI-LY7_ENCSR489NAM_ENCFF480KLP_DNaseHiC	bed	element gene links	UM1HG009436	/labs/jesse-engreitz/	5d502afa81a657fa44062aa062034473	335356197	NA	jesse-engreitz:encode_re2g_predictions_OCI-LY7_ENCSR489NAM_ENCFF480KLP_DNaseHiC_full_predictions	GRCh38	/scratch/users/agschwin/encode_re2g/dhs_hic/full_predictions/encode_e2g_predictions_OCI-LY7_ENCSR489NAM_ENCFF480KLP_full_predictions.tsv.gz	bed3+
jesse-engreitz:encode_re2g_predictions_PC-3_ENCSR052AWE_ENCFF322IBI_DNaseHiC	bed	element gene links	UM1HG009436	/labs/jesse-engreitz/	4f181574cd5da25028208d9001e4cce6	276691818	NA	jesse-engreitz:encode_re2g_predictions_PC-3_ENCSR052AWE_ENCFF322IBI_DNaseHiC_full_predictions	GRCh38	/scratch/users/agschwin/encode_re2g/dhs_hic/full_predictions/encode_e2g_predictions_PC-3_ENCSR052AWE_ENCFF322IBI_full_predictions.tsv.gz	bed3+
jesse-engreitz:encode_re2g_predictions_PC-9_ENCSR781TYE_ENCFF181ROW_DNaseHiC	bed	element gene links	UM1HG009436	/labs/jesse-engreitz/	272f3b2da35a6d204315faafdd4b665d	335754045	NA	jesse-engreitz:encode_re2g_predictions_PC-9_ENCSR781TYE_ENCFF181ROW_DNaseHiC_full_predictions	GRCh38	/scratch/users/agschwin/encode_re2g/dhs_hic/full_predictions/encode_e2g_predictions_PC-9_ENCSR781TYE_ENCFF181ROW_full_predictions.tsv.gz	bed3+
jesse-engreitz:encode_re2g_predictions_Panc1_ENCSR000EPT_ENCFF522YLZ_DNaseHiC	bed	element gene links	UM1HG009436	/labs/jesse-engreitz/	409833f8be87122df8c6d634032e2afb	280005211	NA	jesse-engreitz:encode_re2g_predictions_Panc1_ENCSR000EPT_ENCFF522YLZ_DNaseHiC_full_predictions	GRCh38	/scratch/users/agschwin/encode_re2g/dhs_hic/full_predictions/encode_e2g_predictions_Panc1_ENCSR000EPT_ENCFF522YLZ_full_predictions.tsv.gz	bed3+
jesse-engreitz:encode_re2g_predictions_Right_ventricle_myocardium_inferior_ENCSR085MZL_ENCFF842DUO_DNaseHiC	bed	element gene links	UM1HG009436	/labs/jesse-engreitz/	dd5c13ad06b353a1a903070f8b473b3a	345491205	NA	jesse-engreitz:encode_re2g_predictions_Right_ventricle_myocardium_inferior_ENCSR085MZL_ENCFF842DUO_DNaseHiC_full_predictions	GRCh38	/scratch/users/agschwin/encode_re2g/dhs_hic/full_predictions/encode_e2g_predictions_Right_ventricle_myocardium_inferior_ENCSR085MZL_ENCFF842DUO_full_predictions.tsv.gz	bed3+
jesse-engreitz:encode_re2g_predictions_Right_ventricle_myocardium_superior_ENCSR895GSY_ENCFF273XBU_DNaseHiC	bed	element gene links	UM1HG009436	/labs/jesse-engreitz/	9627a2da96351eb54a2cb462278d385d	346721583	NA	jesse-engreitz:encode_re2g_predictions_Right_ventricle_myocardium_superior_ENCSR895GSY_ENCFF273XBU_DNaseHiC_full_predictions	GRCh38	/scratch/users/agschwin/encode_re2g/dhs_hic/full_predictions/encode_e2g_predictions_Right_ventricle_myocardium_superior_ENCSR895GSY_ENCFF273XBU_full_predictions.tsv.gz	bed3+
jesse-engreitz:encode_re2g_predictions_T-helper_2_cell_ENCSR223XND_ENCFF029UAL_DNaseHiC	bed	element gene links	UM1HG009436	/labs/jesse-engreitz/	a6eb1bfc45c0d20d9b33f80e3407e7df	329773083	NA	jesse-engreitz:encode_re2g_predictions_T-helper_2_cell_ENCSR223XND_ENCFF029UAL_DNaseHiC_full_predictions	GRCh38	/scratch/users/agschwin/encode_re2g/dhs_hic/full_predictions/encode_e2g_predictions_T-helper_2_cell_ENCSR223XND_ENCFF029UAL_full_predictions.tsv.gz	bed3+
jesse-engreitz:encode_re2g_predictions_activated_CD4-positive__alpha-beta_T_cell_ENCSR935HEI_ENCFF962EDB_DNaseHiC	bed	element gene links	UM1HG009436	/labs/jesse-engreitz/	c2b8931f613c044bdd8272fbbb6079ec	337054894	NA	jesse-engreitz:encode_re2g_predictions_activated_CD4-positive__alpha-beta_T_cell_ENCSR935HEI_ENCFF962EDB_DNaseHiC_full_predictions	GRCh38	/scratch/users/agschwin/encode_re2g/dhs_hic/full_predictions/encode_e2g_predictions_activated_CD4-positive__alpha-beta_T_cell_ENCSR935HEI_ENCFF962EDB_full_predictions.tsv.gz	bed3+
jesse-engreitz:encode_re2g_predictions_activated_CD4-positive__alpha-beta_T_cell_ENCSR365CUB_ENCFF355VJW_DNaseHiC	bed	element gene links	UM1HG009436	/labs/jesse-engreitz/	917108aea4b5bb257a8fba0503391570	370751529	NA	jesse-engreitz:encode_re2g_predictions_activated_CD4-positive__alpha-beta_T_cell_ENCSR365CUB_ENCFF355VJW_DNaseHiC_full_predictions	GRCh38	/scratch/users/agschwin/encode_re2g/dhs_hic/full_predictions/encode_e2g_predictions_activated_CD4-positive__alpha-beta_T_cell_ENCSR365CUB_ENCFF355VJW_full_predictions.tsv.gz	bed3+
jesse-engreitz:encode_re2g_predictions_activated_CD4-positive__alpha-beta_memory_T_cell_ENCSR021YFW_ENCFF980NXK_DNaseHiC	bed	element gene links	UM1HG009436	/labs/jesse-engreitz/	9a4504511495524156d1a246fb6f1eb1	342616253	NA	jesse-engreitz:encode_re2g_predictions_activated_CD4-positive__alpha-beta_memory_T_cell_ENCSR021YFW_ENCFF980NXK_DNaseHiC_full_predictions	GRCh38	/scratch/users/agschwin/encode_re2g/dhs_hic/full_predictions/encode_e2g_predictions_activated_CD4-positive__alpha-beta_memory_T_cell_ENCSR021YFW_ENCFF980NXK_full_predictions.tsv.gz	bed3+
jesse-engreitz:encode_re2g_predictions_activated_CD8-positive__alpha-beta_T_cell_ENCSR294YEJ_ENCFF493SFI_DNaseHiC	bed	element gene links	UM1HG009436	/labs/jesse-engreitz/	be439b10aadcd738f6c151fd04c09e32	333745144	NA	jesse-engreitz:encode_re2g_predictions_activated_CD8-positive__alpha-beta_T_cell_ENCSR294YEJ_ENCFF493SFI_DNaseHiC_full_predictions	GRCh38	/scratch/users/agschwin/encode_re2g/dhs_hic/full_predictions/encode_e2g_predictions_activated_CD8-positive__alpha-beta_T_cell_ENCSR294YEJ_ENCFF493SFI_full_predictions.tsv.gz	bed3+
jesse-engreitz:encode_re2g_predictions_activated_T-helper_2_cell_ENCSR780ABS_ENCFF687ATD_DNaseHiC	bed	element gene links	UM1HG009436	/labs/jesse-engreitz/	e4ddea860fba111997447f3f52665715	363226636	NA	jesse-engreitz:encode_re2g_predictions_activated_T-helper_2_cell_ENCSR780ABS_ENCFF687ATD_DNaseHiC_full_predictions	GRCh38	/scratch/users/agschwin/encode_re2g/dhs_hic/full_predictions/encode_e2g_predictions_activated_T-helper_2_cell_ENCSR780ABS_ENCFF687ATD_full_predictions.tsv.gz	bed3+
jesse-engreitz:encode_re2g_predictions_activated_naive_CD4-positive__alpha-beta_T_cell_ENCSR478SWA_ENCFF571GTF_DNaseHiC	bed	element gene links	UM1HG009436	/labs/jesse-engreitz/	58bf3a663fc48b16b28b1dbc80f9a288	342363282	NA	jesse-engreitz:encode_re2g_predictions_activated_naive_CD4-positive__alpha-beta_T_cell_ENCSR478SWA_ENCFF571GTF_DNaseHiC_full_predictions	GRCh38	/scratch/users/agschwin/encode_re2g/dhs_hic/full_predictions/encode_e2g_predictions_activated_naive_CD4-positive__alpha-beta_T_cell_ENCSR478SWA_ENCFF571GTF_full_predictions.tsv.gz	bed3+
jesse-engreitz:encode_re2g_predictions_adrenal_gland_ENCSR325FWM_ENCFF499BVX_DNaseHiC	bed	element gene links	UM1HG009436	/labs/jesse-engreitz/	613652c4446b0613fec4bcbc7bc69102	327728550	NA	jesse-engreitz:encode_re2g_predictions_adrenal_gland_ENCSR325FWM_ENCFF499BVX_DNaseHiC_full_predictions	GRCh38	/scratch/users/agschwin/encode_re2g/dhs_hic/full_predictions/encode_e2g_predictions_adrenal_gland_ENCSR325FWM_ENCFF499BVX_full_predictions.tsv.gz	bed3+
jesse-engreitz:encode_re2g_predictions_aorta_ENCSR595DQM_ENCFF493YNC_DNaseHiC	bed	element gene links	UM1HG009436	/labs/jesse-engreitz/	941156bf13573caaf77d27ed916ef89c	341629792	NA	jesse-engreitz:encode_re2g_predictions_aorta_ENCSR595DQM_ENCFF493YNC_DNaseHiC_full_predictions	GRCh38	/scratch/users/agschwin/encode_re2g/dhs_hic/full_predictions/encode_e2g_predictions_aorta_ENCSR595DQM_ENCFF493YNC_full_predictions.tsv.gz	bed3+
jesse-engreitz:encode_re2g_predictions_aorta_ENCSR713KNQ_ENCFF791UZC_DNaseHiC	bed	element gene links	UM1HG009436	/labs/jesse-engreitz/	40865e1f4fecb4347e8f88e1675fe4f1	338381532	NA	jesse-engreitz:encode_re2g_predictions_aorta_ENCSR713KNQ_ENCFF791UZC_DNaseHiC_full_predictions	GRCh38	/scratch/users/agschwin/encode_re2g/dhs_hic/full_predictions/encode_e2g_predictions_aorta_ENCSR713KNQ_ENCFF791UZC_full_predictions.tsv.gz	bed3+
jesse-engreitz:encode_re2g_predictions_ascending_aorta_ENCSR968TPO_ENCFF558DYU_DNaseHiC	bed	element gene links	UM1HG009436	/labs/jesse-engreitz/	03bbf43477a34c6ab7e036454d4b6326	333819116	NA	jesse-engreitz:encode_re2g_predictions_ascending_aorta_ENCSR968TPO_ENCFF558DYU_DNaseHiC_full_predictions	GRCh38	/scratch/users/agschwin/encode_re2g/dhs_hic/full_predictions/encode_e2g_predictions_ascending_aorta_ENCSR968TPO_ENCFF558DYU_full_predictions.tsv.gz	bed3+
jesse-engreitz:encode_re2g_predictions_body_of_pancreas_ENCSR828FVZ_ENCFF140ROU_DNaseHiC	bed	element gene links	UM1HG009436	/labs/jesse-engreitz/	49edb74c46c886b28e27e9db2ca3b685	320172720	NA	jesse-engreitz:encode_re2g_predictions_body_of_pancreas_ENCSR828FVZ_ENCFF140ROU_DNaseHiC_full_predictions	GRCh38	/scratch/users/agschwin/encode_re2g/dhs_hic/full_predictions/encode_e2g_predictions_body_of_pancreas_ENCSR828FVZ_ENCFF140ROU_full_predictions.tsv.gz	bed3+
jesse-engreitz:encode_re2g_predictions_cardiac_septum_ENCSR524QBS_ENCFF081PMO_DNaseHiC	bed	element gene links	UM1HG009436	/labs/jesse-engreitz/	63b2e1493c5c940b9e4a6bb9ae6a13ca	315996827	NA	jesse-engreitz:encode_re2g_predictions_cardiac_septum_ENCSR524QBS_ENCFF081PMO_DNaseHiC_full_predictions	GRCh38	/scratch/users/agschwin/encode_re2g/dhs_hic/full_predictions/encode_e2g_predictions_cardiac_septum_ENCSR524QBS_ENCFF081PMO_full_predictions.tsv.gz	bed3+
jesse-engreitz:encode_re2g_predictions_colonic_mucosa_ENCSR994KTY_ENCFF355NFJ_DNaseHiC	bed	element gene links	UM1HG009436	/labs/jesse-engreitz/	6e5b902898dc74f9912411d7c49a7f77	344864022	NA	jesse-engreitz:encode_re2g_predictions_colonic_mucosa_ENCSR994KTY_ENCFF355NFJ_DNaseHiC_full_predictions	GRCh38	/scratch/users/agschwin/encode_re2g/dhs_hic/full_predictions/encode_e2g_predictions_colonic_mucosa_ENCSR994KTY_ENCFF355NFJ_full_predictions.tsv.gz	bed3+
jesse-engreitz:encode_re2g_predictions_dorsolateral_prefrontal_cortex_ENCSR401UZL_ENCFF925QIF_DNaseHiC	bed	element gene links	UM1HG009436	/labs/jesse-engreitz/	b642711806bfb93d04c8d1bbb8ca87e5	343341005	NA	jesse-engreitz:encode_re2g_predictions_dorsolateral_prefrontal_cortex_ENCSR401UZL_ENCFF925QIF_DNaseHiC_full_predictions	GRCh38	/scratch/users/agschwin/encode_re2g/dhs_hic/full_predictions/encode_e2g_predictions_dorsolateral_prefrontal_cortex_ENCSR401UZL_ENCFF925QIF_full_predictions.tsv.gz	bed3+
jesse-engreitz:encode_re2g_predictions_endothelial_cell_of_umbilical_vein_ENCSR000EOQ_ENCFF783KQI_DNaseHiC	bed	element gene links	UM1HG009436	/labs/jesse-engreitz/	18613b3df50109e83ca96592a454fb6c	288048755	NA	jesse-engreitz:encode_re2g_predictions_endothelial_cell_of_umbilical_vein_ENCSR000EOQ_ENCFF783KQI_DNaseHiC_full_predictions	GRCh38	/scratch/users/agschwin/encode_re2g/dhs_hic/full_predictions/encode_e2g_predictions_endothelial_cell_of_umbilical_vein_ENCSR000EOQ_ENCFF783KQI_full_predictions.tsv.gz	bed3+
jesse-engreitz:encode_re2g_predictions_esophagus_muscularis_mucosa_ENCSR944JCE_ENCFF458VBB_DNaseHiC	bed	element gene links	UM1HG009436	/labs/jesse-engreitz/	15e7a577e170fffe2748f167a56df1c2	298989212	NA	jesse-engreitz:encode_re2g_predictions_esophagus_muscularis_mucosa_ENCSR944JCE_ENCFF458VBB_DNaseHiC_full_predictions	GRCh38	/scratch/users/agschwin/encode_re2g/dhs_hic/full_predictions/encode_e2g_predictions_esophagus_muscularis_mucosa_ENCSR944JCE_ENCFF458VBB_full_predictions.tsv.gz	bed3+
jesse-engreitz:encode_re2g_predictions_esophagus_squamous_epithelium_ENCSR783OCW_ENCFF224HKR_DNaseHiC	bed	element gene links	UM1HG009436	/labs/jesse-engreitz/	4f3d6cef3c3dac618f1b2fcb4eb2ec36	328702030	NA	jesse-engreitz:encode_re2g_predictions_esophagus_squamous_epithelium_ENCSR783OCW_ENCFF224HKR_DNaseHiC_full_predictions	GRCh38	/scratch/users/agschwin/encode_re2g/dhs_hic/full_predictions/encode_e2g_predictions_esophagus_squamous_epithelium_ENCSR783OCW_ENCFF224HKR_full_predictions.tsv.gz	bed3+
jesse-engreitz:encode_re2g_predictions_head_of_caudate_nucleus_ENCSR116UQH_ENCFF711XSR_DNaseHiC	bed	element gene links	UM1HG009436	/labs/jesse-engreitz/	4136aaf18e5a85788fb4a77a2ca80e38	306851638	NA	jesse-engreitz:encode_re2g_predictions_head_of_caudate_nucleus_ENCSR116UQH_ENCFF711XSR_DNaseHiC_full_predictions	GRCh38	/scratch/users/agschwin/encode_re2g/dhs_hic/full_predictions/encode_e2g_predictions_head_of_caudate_nucleus_ENCSR116UQH_ENCFF711XSR_full_predictions.tsv.gz	bed3+
jesse-engreitz:encode_re2g_predictions_heart_left_ventricle_ENCSR598RVJ_ENCFF341WOY_DNaseHiC	bed	element gene links	UM1HG009436	/labs/jesse-engreitz/	48bf55a4fcdfdee51aa31501fc6b157b	350263312	NA	jesse-engreitz:encode_re2g_predictions_heart_left_ventricle_ENCSR598RVJ_ENCFF341WOY_DNaseHiC_full_predictions	GRCh38	/scratch/users/agschwin/encode_re2g/dhs_hic/full_predictions/encode_e2g_predictions_heart_left_ventricle_ENCSR598RVJ_ENCFF341WOY_full_predictions.tsv.gz	bed3+
jesse-engreitz:encode_re2g_predictions_heart_left_ventricle_ENCSR395HAE_ENCFF004YZQ_DNaseHiC	bed	element gene links	UM1HG009436	/labs/jesse-engreitz/	9ccfd2108704b5c729edf85f73e73df2	327821364	NA	jesse-engreitz:encode_re2g_predictions_heart_left_ventricle_ENCSR395HAE_ENCFF004YZQ_DNaseHiC_full_predictions	GRCh38	/scratch/users/agschwin/encode_re2g/dhs_hic/full_predictions/encode_e2g_predictions_heart_left_ventricle_ENCSR395HAE_ENCFF004YZQ_full_predictions.tsv.gz	bed3+
jesse-engreitz:encode_re2g_predictions_heart_left_ventricle_ENCSR222CLC_ENCFF556RLR_DNaseHiC	bed	element gene links	UM1HG009436	/labs/jesse-engreitz/	1062a8f46b06ef99a5c5ea56b42ef400	332786087	NA	jesse-engreitz:encode_re2g_predictions_heart_left_ventricle_ENCSR222CLC_ENCFF556RLR_DNaseHiC_full_predictions	GRCh38	/scratch/users/agschwin/encode_re2g/dhs_hic/full_predictions/encode_e2g_predictions_heart_left_ventricle_ENCSR222CLC_ENCFF556RLR_full_predictions.tsv.gz	bed3+
jesse-engreitz:encode_re2g_predictions_heart_left_ventricle_ENCSR222CLC_ENCFF294GFP_DNaseHiC	bed	element gene links	UM1HG009436	/labs/jesse-engreitz/	cb64be58a9202af4651e93544e3d48a2	333827703	NA	jesse-engreitz:encode_re2g_predictions_heart_left_ventricle_ENCSR222CLC_ENCFF294GFP_DNaseHiC_full_predictions	GRCh38	/scratch/users/agschwin/encode_re2g/dhs_hic/full_predictions/encode_e2g_predictions_heart_left_ventricle_ENCSR222CLC_ENCFF294GFP_full_predictions.tsv.gz	bed3+
jesse-engreitz:encode_re2g_predictions_heart_left_ventricle_ENCSR395HAE_ENCFF546TZN_DNaseHiC	bed	element gene links	UM1HG009436	/labs/jesse-engreitz/	107a00063c44577e8f4847dbe5e48045	323824986	NA	jesse-engreitz:encode_re2g_predictions_heart_left_ventricle_ENCSR395HAE_ENCFF546TZN_DNaseHiC_full_predictions	GRCh38	/scratch/users/agschwin/encode_re2g/dhs_hic/full_predictions/encode_e2g_predictions_heart_left_ventricle_ENCSR395HAE_ENCFF546TZN_full_predictions.tsv.gz	bed3+
jesse-engreitz:encode_re2g_predictions_heart_left_ventricle_ENCSR735NTV_ENCFF033WGK_DNaseHiC	bed	element gene links	UM1HG009436	/labs/jesse-engreitz/	5382dae802be2c7be0d5d0b89fc97d7f	325439562	NA	jesse-engreitz:encode_re2g_predictions_heart_left_ventricle_ENCSR735NTV_ENCFF033WGK_DNaseHiC_full_predictions	GRCh38	/scratch/users/agschwin/encode_re2g/dhs_hic/full_predictions/encode_e2g_predictions_heart_left_ventricle_ENCSR735NTV_ENCFF033WGK_full_predictions.tsv.gz	bed3+
jesse-engreitz:encode_re2g_predictions_heart_left_ventricle_ENCSR747SEU_ENCFF193CQL_DNaseHiC	bed	element gene links	UM1HG009436	/labs/jesse-engreitz/	4f0f3ee4106827a8f0b6eaca8758c636	324091836	NA	jesse-engreitz:encode_re2g_predictions_heart_left_ventricle_ENCSR747SEU_ENCFF193CQL_DNaseHiC_full_predictions	GRCh38	/scratch/users/agschwin/encode_re2g/dhs_hic/full_predictions/encode_e2g_predictions_heart_left_ventricle_ENCSR747SEU_ENCFF193CQL_full_predictions.tsv.gz	bed3+
jesse-engreitz:encode_re2g_predictions_heart_left_ventricle_ENCSR735NTV_ENCFF251VFA_DNaseHiC	bed	element gene links	UM1HG009436	/labs/jesse-engreitz/	ff9a0348d9b53b713abea9d8f80c2bf7	326902159	NA	jesse-engreitz:encode_re2g_predictions_heart_left_ventricle_ENCSR735NTV_ENCFF251VFA_DNaseHiC_full_predictions	GRCh38	/scratch/users/agschwin/encode_re2g/dhs_hic/full_predictions/encode_e2g_predictions_heart_left_ventricle_ENCSR735NTV_ENCFF251VFA_full_predictions.tsv.gz	bed3+
jesse-engreitz:encode_re2g_predictions_heart_left_ventricle_ENCSR299QGI_ENCFF643NDM_DNaseHiC	bed	element gene links	UM1HG009436	/labs/jesse-engreitz/	5f2780f550fe40f2884725ff11ac028a	325278907	NA	jesse-engreitz:encode_re2g_predictions_heart_left_ventricle_ENCSR299QGI_ENCFF643NDM_DNaseHiC_full_predictions	GRCh38	/scratch/users/agschwin/encode_re2g/dhs_hic/full_predictions/encode_e2g_predictions_heart_left_ventricle_ENCSR299QGI_ENCFF643NDM_full_predictions.tsv.gz	bed3+
jesse-engreitz:encode_re2g_predictions_heart_left_ventricle_ENCSR598RVJ_ENCFF591MHA_DNaseHiC	bed	element gene links	UM1HG009436	/labs/jesse-engreitz/	6c73b49afe0ad9e0e9176e74979dbd98	349842364	NA	jesse-engreitz:encode_re2g_predictions_heart_left_ventricle_ENCSR598RVJ_ENCFF591MHA_DNaseHiC_full_predictions	GRCh38	/scratch/users/agschwin/encode_re2g/dhs_hic/full_predictions/encode_e2g_predictions_heart_left_ventricle_ENCSR598RVJ_ENCFF591MHA_full_predictions.tsv.gz	bed3+
jesse-engreitz:encode_re2g_predictions_heart_right_ventricle_ENCSR356RNZ_ENCFF605CEN_DNaseHiC	bed	element gene links	UM1HG009436	/labs/jesse-engreitz/	cd825c0677eee0612c71b74070893285	329392998	NA	jesse-engreitz:encode_re2g_predictions_heart_right_ventricle_ENCSR356RNZ_ENCFF605CEN_DNaseHiC_full_predictions	GRCh38	/scratch/users/agschwin/encode_re2g/dhs_hic/full_predictions/encode_e2g_predictions_heart_right_ventricle_ENCSR356RNZ_ENCFF605CEN_full_predictions.tsv.gz	bed3+
jesse-engreitz:encode_re2g_predictions_heart_right_ventricle_ENCSR214NLQ_ENCFF028RXH_DNaseHiC	bed	element gene links	UM1HG009436	/labs/jesse-engreitz/	60f5b7c1209d22e7e563fcd76f7b04f8	317093338	NA	jesse-engreitz:encode_re2g_predictions_heart_right_ventricle_ENCSR214NLQ_ENCFF028RXH_DNaseHiC_full_predictions	GRCh38	/scratch/users/agschwin/encode_re2g/dhs_hic/full_predictions/encode_e2g_predictions_heart_right_ventricle_ENCSR214NLQ_ENCFF028RXH_full_predictions.tsv.gz	bed3+
jesse-engreitz:encode_re2g_predictions_heart_right_ventricle_ENCSR928WMU_ENCFF545GBW_DNaseHiC	bed	element gene links	UM1HG009436	/labs/jesse-engreitz/	1e5c8b678d3cdebd067f25f61bae1e41	317648522	NA	jesse-engreitz:encode_re2g_predictions_heart_right_ventricle_ENCSR928WMU_ENCFF545GBW_DNaseHiC_full_predictions	GRCh38	/scratch/users/agschwin/encode_re2g/dhs_hic/full_predictions/encode_e2g_predictions_heart_right_ventricle_ENCSR928WMU_ENCFF545GBW_full_predictions.tsv.gz	bed3+
jesse-engreitz:encode_re2g_predictions_heart_right_ventricle_ENCSR238FMP_ENCFF252ANV_DNaseHiC	bed	element gene links	UM1HG009436	/labs/jesse-engreitz/	a07d221d67814b8e0ddc94087d5b613e	344500709	NA	jesse-engreitz:encode_re2g_predictions_heart_right_ventricle_ENCSR238FMP_ENCFF252ANV_DNaseHiC_full_predictions	GRCh38	/scratch/users/agschwin/encode_re2g/dhs_hic/full_predictions/encode_e2g_predictions_heart_right_ventricle_ENCSR238FMP_ENCFF252ANV_full_predictions.tsv.gz	bed3+
jesse-engreitz:encode_re2g_predictions_heart_right_ventricle_ENCSR298OIK_ENCFF965BPU_DNaseHiC	bed	element gene links	UM1HG009436	/labs/jesse-engreitz/	ceb80b04466f7b261894ab438b05eaa7	318964958	NA	jesse-engreitz:encode_re2g_predictions_heart_right_ventricle_ENCSR298OIK_ENCFF965BPU_DNaseHiC_full_predictions	GRCh38	/scratch/users/agschwin/encode_re2g/dhs_hic/full_predictions/encode_e2g_predictions_heart_right_ventricle_ENCSR298OIK_ENCFF965BPU_full_predictions.tsv.gz	bed3+
jesse-engreitz:encode_re2g_predictions_heart_right_ventricle_ENCSR238FMP_ENCFF782WVZ_DNaseHiC	bed	element gene links	UM1HG009436	/labs/jesse-engreitz/	bd092044c07bfc962a9e961c009bede6	345090397	NA	jesse-engreitz:encode_re2g_predictions_heart_right_ventricle_ENCSR238FMP_ENCFF782WVZ_DNaseHiC_full_predictions	GRCh38	/scratch/users/agschwin/encode_re2g/dhs_hic/full_predictions/encode_e2g_predictions_heart_right_ventricle_ENCSR238FMP_ENCFF782WVZ_full_predictions.tsv.gz	bed3+
jesse-engreitz:encode_re2g_predictions_heart_right_ventricle_ENCSR792QQE_ENCFF467OGP_DNaseHiC	bed	element gene links	UM1HG009436	/labs/jesse-engreitz/	ccd1b40734fd72d803744d103192adb1	321461631	NA	jesse-engreitz:encode_re2g_predictions_heart_right_ventricle_ENCSR792QQE_ENCFF467OGP_DNaseHiC_full_predictions	GRCh38	/scratch/users/agschwin/encode_re2g/dhs_hic/full_predictions/encode_e2g_predictions_heart_right_ventricle_ENCSR792QQE_ENCFF467OGP_full_predictions.tsv.gz	bed3+
jesse-engreitz:encode_re2g_predictions_heart_right_ventricle_ENCSR694LFE_ENCFF507WEW_DNaseHiC	bed	element gene links	UM1HG009436	/labs/jesse-engreitz/	3288d7056b9bf06b0bf93798f2dac21f	326766269	NA	jesse-engreitz:encode_re2g_predictions_heart_right_ventricle_ENCSR694LFE_ENCFF507WEW_DNaseHiC_full_predictions	GRCh38	/scratch/users/agschwin/encode_re2g/dhs_hic/full_predictions/encode_e2g_predictions_heart_right_ventricle_ENCSR694LFE_ENCFF507WEW_full_predictions.tsv.gz	bed3+
jesse-engreitz:encode_re2g_predictions_heart_right_ventricle_ENCSR211SUT_ENCFF663FRL_DNaseHiC	bed	element gene links	UM1HG009436	/labs/jesse-engreitz/	fb6d3cd0a833d0ea95c8a802b9fefdda	315490388	NA	jesse-engreitz:encode_re2g_predictions_heart_right_ventricle_ENCSR211SUT_ENCFF663FRL_DNaseHiC_full_predictions	GRCh38	/scratch/users/agschwin/encode_re2g/dhs_hic/full_predictions/encode_e2g_predictions_heart_right_ventricle_ENCSR211SUT_ENCFF663FRL_full_predictions.tsv.gz	bed3+
jesse-engreitz:encode_re2g_predictions_heart_right_ventricle_ENCSR246VSO_ENCFF736ITL_DNaseHiC	bed	element gene links	UM1HG009436	/labs/jesse-engreitz/	4b8a79cad9a7f76b1b4354c5bdf99908	322736679	NA	jesse-engreitz:encode_re2g_predictions_heart_right_ventricle_ENCSR246VSO_ENCFF736ITL_DNaseHiC_full_predictions	GRCh38	/scratch/users/agschwin/encode_re2g/dhs_hic/full_predictions/encode_e2g_predictions_heart_right_ventricle_ENCSR246VSO_ENCFF736ITL_full_predictions.tsv.gz	bed3+
jesse-engreitz:encode_re2g_predictions_kidney_ENCSR206OJJ_ENCFF417GBZ_DNaseHiC	bed	element gene links	UM1HG009436	/labs/jesse-engreitz/	37f9e34ade4567de52e1dd5e2e2646e9	346089582	NA	jesse-engreitz:encode_re2g_predictions_kidney_ENCSR206OJJ_ENCFF417GBZ_DNaseHiC_full_predictions	GRCh38	/scratch/users/agschwin/encode_re2g/dhs_hic/full_predictions/encode_e2g_predictions_kidney_ENCSR206OJJ_ENCFF417GBZ_full_predictions.tsv.gz	bed3+
jesse-engreitz:encode_re2g_predictions_left_cardiac_atrium_ENCSR032NNU_ENCFF628LQQ_DNaseHiC	bed	element gene links	UM1HG009436	/labs/jesse-engreitz/	9853c00704c01115d1f13cc3c966c3bb	331113243	NA	jesse-engreitz:encode_re2g_predictions_left_cardiac_atrium_ENCSR032NNU_ENCFF628LQQ_DNaseHiC_full_predictions	GRCh38	/scratch/users/agschwin/encode_re2g/dhs_hic/full_predictions/encode_e2g_predictions_left_cardiac_atrium_ENCSR032NNU_ENCFF628LQQ_full_predictions.tsv.gz	bed3+
jesse-engreitz:encode_re2g_predictions_left_cardiac_atrium_ENCSR032NNU_ENCFF614IPZ_DNaseHiC	bed	element gene links	UM1HG009436	/labs/jesse-engreitz/	8b0b9aec82109751d9cefc3a4c9aaf46	332158627	NA	jesse-engreitz:encode_re2g_predictions_left_cardiac_atrium_ENCSR032NNU_ENCFF614IPZ_DNaseHiC_full_predictions	GRCh38	/scratch/users/agschwin/encode_re2g/dhs_hic/full_predictions/encode_e2g_predictions_left_cardiac_atrium_ENCSR032NNU_ENCFF614IPZ_full_predictions.tsv.gz	bed3+
jesse-engreitz:encode_re2g_predictions_left_colon_ENCSR867XFA_ENCFF035BLF_DNaseHiC	bed	element gene links	UM1HG009436	/labs/jesse-engreitz/	df1e428b0b5ef6ca84e1c1da5fb7ac2c	331116165	NA	jesse-engreitz:encode_re2g_predictions_left_colon_ENCSR867XFA_ENCFF035BLF_DNaseHiC_full_predictions	GRCh38	/scratch/users/agschwin/encode_re2g/dhs_hic/full_predictions/encode_e2g_predictions_left_colon_ENCSR867XFA_ENCFF035BLF_full_predictions.tsv.gz	bed3+
jesse-engreitz:encode_re2g_predictions_left_colon_ENCSR279SXQ_ENCFF660JWA_DNaseHiC	bed	element gene links	UM1HG009436	/labs/jesse-engreitz/	c2ffa235bd1e8c9e1d5ba47ae3658ca4	323783003	NA	jesse-engreitz:encode_re2g_predictions_left_colon_ENCSR279SXQ_ENCFF660JWA_DNaseHiC_full_predictions	GRCh38	/scratch/users/agschwin/encode_re2g/dhs_hic/full_predictions/encode_e2g_predictions_left_colon_ENCSR279SXQ_ENCFF660JWA_full_predictions.tsv.gz	bed3+
jesse-engreitz:encode_re2g_predictions_left_lung_ENCSR723VNG_ENCFF237UKR_DNaseHiC	bed	element gene links	UM1HG009436	/labs/jesse-engreitz/	b4a1ea2f9929e797ba63dfa25993e5f1	350059264	NA	jesse-engreitz:encode_re2g_predictions_left_lung_ENCSR723VNG_ENCFF237UKR_DNaseHiC_full_predictions	GRCh38	/scratch/users/agschwin/encode_re2g/dhs_hic/full_predictions/encode_e2g_predictions_left_lung_ENCSR723VNG_ENCFF237UKR_full_predictions.tsv.gz	bed3+
jesse-engreitz:encode_re2g_predictions_left_lung_ENCSR658UBE_ENCFF094KKX_DNaseHiC	bed	element gene links	UM1HG009436	/labs/jesse-engreitz/	b1e839de8ab11ccec95ba0381ee96e4e	328773132	NA	jesse-engreitz:encode_re2g_predictions_left_lung_ENCSR658UBE_ENCFF094KKX_DNaseHiC_full_predictions	GRCh38	/scratch/users/agschwin/encode_re2g/dhs_hic/full_predictions/encode_e2g_predictions_left_lung_ENCSR658UBE_ENCFF094KKX_full_predictions.tsv.gz	bed3+
jesse-engreitz:encode_re2g_predictions_left_ventricle_myocardium_inferior_ENCSR770OTB_ENCFF235LCO_DNaseHiC	bed	element gene links	UM1HG009436	/labs/jesse-engreitz/	dc0366864c39b54dcee649c209299a35	344064016	NA	jesse-engreitz:encode_re2g_predictions_left_ventricle_myocardium_inferior_ENCSR770OTB_ENCFF235LCO_DNaseHiC_full_predictions	GRCh38	/scratch/users/agschwin/encode_re2g/dhs_hic/full_predictions/encode_e2g_predictions_left_ventricle_myocardium_inferior_ENCSR770OTB_ENCFF235LCO_full_predictions.tsv.gz	bed3+
jesse-engreitz:encode_re2g_predictions_left_ventricle_myocardium_superior_ENCSR355WAJ_ENCFF318JAP_DNaseHiC	bed	element gene links	UM1HG009436	/labs/jesse-engreitz/	abd92050ff8789a9c0c584d6b83a66ce	344030542	NA	jesse-engreitz:encode_re2g_predictions_left_ventricle_myocardium_superior_ENCSR355WAJ_ENCFF318JAP_DNaseHiC_full_predictions	GRCh38	/scratch/users/agschwin/encode_re2g/dhs_hic/full_predictions/encode_e2g_predictions_left_ventricle_myocardium_superior_ENCSR355WAJ_ENCFF318JAP_full_predictions.tsv.gz	bed3+
jesse-engreitz:encode_re2g_predictions_lower_lobe_of_left_lung_ENCSR757NJT_ENCFF649OHR_DNaseHiC	bed	element gene links	UM1HG009436	/labs/jesse-engreitz/	28134844607c10c26297ddf95f017caf	356020699	NA	jesse-engreitz:encode_re2g_predictions_lower_lobe_of_left_lung_ENCSR757NJT_ENCFF649OHR_DNaseHiC_full_predictions	GRCh38	/scratch/users/agschwin/encode_re2g/dhs_hic/full_predictions/encode_e2g_predictions_lower_lobe_of_left_lung_ENCSR757NJT_ENCFF649OHR_full_predictions.tsv.gz	bed3+
jesse-engreitz:encode_re2g_predictions_lower_lobe_of_left_lung_ENCSR632ONQ_ENCFF395INO_DNaseHiC	bed	element gene links	UM1HG009436	/labs/jesse-engreitz/	655d4e864db27f967cff27e107f74253	337000617	NA	jesse-engreitz:encode_re2g_predictions_lower_lobe_of_left_lung_ENCSR632ONQ_ENCFF395INO_DNaseHiC_full_predictions	GRCh38	/scratch/users/agschwin/encode_re2g/dhs_hic/full_predictions/encode_e2g_predictions_lower_lobe_of_left_lung_ENCSR632ONQ_ENCFF395INO_full_predictions.tsv.gz	bed3+
jesse-engreitz:encode_re2g_predictions_lower_lobe_of_right_lung_ENCSR785JXR_ENCFF896OFN_DNaseHiC	bed	element gene links	UM1HG009436	/labs/jesse-engreitz/	7cbc9274d954510d42a1d5efac6273b2	355574328	NA	jesse-engreitz:encode_re2g_predictions_lower_lobe_of_right_lung_ENCSR785JXR_ENCFF896OFN_DNaseHiC_full_predictions	GRCh38	/scratch/users/agschwin/encode_re2g/dhs_hic/full_predictions/encode_e2g_predictions_lower_lobe_of_right_lung_ENCSR785JXR_ENCFF896OFN_full_predictions.tsv.gz	bed3+
jesse-engreitz:encode_re2g_predictions_mammary_epithelial_cell_ENCSR817ALC_ENCFF512PQA_DNaseHiC	bed	element gene links	UM1HG009436	/labs/jesse-engreitz/	5a0ba4ecf16cf86eda5a2f97683abeec	330700217	NA	jesse-engreitz:encode_re2g_predictions_mammary_epithelial_cell_ENCSR817ALC_ENCFF512PQA_DNaseHiC_full_predictions	GRCh38	/scratch/users/agschwin/encode_re2g/dhs_hic/full_predictions/encode_e2g_predictions_mammary_epithelial_cell_ENCSR817ALC_ENCFF512PQA_full_predictions.tsv.gz	bed3+
jesse-engreitz:encode_re2g_predictions_mucosa_of_descending_colon_ENCSR404TSP_ENCFF309UNV_DNaseHiC	bed	element gene links	UM1HG009436	/labs/jesse-engreitz/	e14d8cd9251988bee13de032bf59e22d	366899509	NA	jesse-engreitz:encode_re2g_predictions_mucosa_of_descending_colon_ENCSR404TSP_ENCFF309UNV_DNaseHiC_full_predictions	GRCh38	/scratch/users/agschwin/encode_re2g/dhs_hic/full_predictions/encode_e2g_predictions_mucosa_of_descending_colon_ENCSR404TSP_ENCFF309UNV_full_predictions.tsv.gz	bed3+
jesse-engreitz:encode_re2g_predictions_mucosa_of_descending_colon_ENCSR612CTW_ENCFF579CAR_DNaseHiC	bed	element gene links	UM1HG009436	/labs/jesse-engreitz/	87b5b126874d75c12a0f615b967b0e0b	353153449	NA	jesse-engreitz:encode_re2g_predictions_mucosa_of_descending_colon_ENCSR612CTW_ENCFF579CAR_DNaseHiC_full_predictions	GRCh38	/scratch/users/agschwin/encode_re2g/dhs_hic/full_predictions/encode_e2g_predictions_mucosa_of_descending_colon_ENCSR612CTW_ENCFF579CAR_full_predictions.tsv.gz	bed3+
jesse-engreitz:encode_re2g_predictions_naive_thymus-derived_CD4-positive__alpha-beta_T_cell_ENCSR232NLA_ENCFF520GFL_DNaseHiC	bed	element gene links	UM1HG009436	/labs/jesse-engreitz/	817886d2853900add5d8e2be487e3d65	382346148	NA	jesse-engreitz:encode_re2g_predictions_naive_thymus-derived_CD4-positive__alpha-beta_T_cell_ENCSR232NLA_ENCFF520GFL_DNaseHiC_full_predictions	GRCh38	/scratch/users/agschwin/encode_re2g/dhs_hic/full_predictions/encode_e2g_predictions_naive_thymus-derived_CD4-positive__alpha-beta_T_cell_ENCSR232NLA_ENCFF520GFL_full_predictions.tsv.gz	bed3+
jesse-engreitz:encode_re2g_predictions_naive_thymus-derived_CD4-positive__alpha-beta_T_cell_ENCSR387EYA_ENCFF044TCQ_DNaseHiC	bed	element gene links	UM1HG009436	/labs/jesse-engreitz/	008261d6393d5622b1e99849c8b1d6b8	358624264	NA	jesse-engreitz:encode_re2g_predictions_naive_thymus-derived_CD4-positive__alpha-beta_T_cell_ENCSR387EYA_ENCFF044TCQ_DNaseHiC_full_predictions	GRCh38	/scratch/users/agschwin/encode_re2g/dhs_hic/full_predictions/encode_e2g_predictions_naive_thymus-derived_CD4-positive__alpha-beta_T_cell_ENCSR387EYA_ENCFF044TCQ_full_predictions.tsv.gz	bed3+
jesse-engreitz:encode_re2g_predictions_natural_killer_cell_ENCSR975LGK_ENCFF197OWW_DNaseHiC	bed	element gene links	UM1HG009436	/labs/jesse-engreitz/	bc469647c3c52867ed15e7b8a51a5e3c	373100117	NA	jesse-engreitz:encode_re2g_predictions_natural_killer_cell_ENCSR975LGK_ENCFF197OWW_DNaseHiC_full_predictions	GRCh38	/scratch/users/agschwin/encode_re2g/dhs_hic/full_predictions/encode_e2g_predictions_natural_killer_cell_ENCSR975LGK_ENCFF197OWW_full_predictions.tsv.gz	bed3+
jesse-engreitz:encode_re2g_predictions_ovary_ENCSR872DUY_ENCFF156GGD_DNaseHiC	bed	element gene links	UM1HG009436	/labs/jesse-engreitz/	88db6df6247f3b182003168d0008c271	342635012	NA	jesse-engreitz:encode_re2g_predictions_ovary_ENCSR872DUY_ENCFF156GGD_DNaseHiC_full_predictions	GRCh38	/scratch/users/agschwin/encode_re2g/dhs_hic/full_predictions/encode_e2g_predictions_ovary_ENCSR872DUY_ENCFF156GGD_full_predictions.tsv.gz	bed3+
jesse-engreitz:encode_re2g_predictions_ovary_ENCSR930PDT_ENCFF019YVI_DNaseHiC	bed	element gene links	UM1HG009436	/labs/jesse-engreitz/	3ca6ef33cfd3aa0cae7836e42fc9717f	331883396	NA	jesse-engreitz:encode_re2g_predictions_ovary_ENCSR930PDT_ENCFF019YVI_DNaseHiC_full_predictions	GRCh38	/scratch/users/agschwin/encode_re2g/dhs_hic/full_predictions/encode_e2g_predictions_ovary_ENCSR930PDT_ENCFF019YVI_full_predictions.tsv.gz	bed3+
jesse-engreitz:encode_re2g_predictions_ovary_ENCSR330ZBO_ENCFF700CYI_DNaseHiC	bed	element gene links	UM1HG009436	/labs/jesse-engreitz/	ba05c264757443437d7cea3934dfe4fb	331481942	NA	jesse-engreitz:encode_re2g_predictions_ovary_ENCSR330ZBO_ENCFF700CYI_DNaseHiC_full_predictions	GRCh38	/scratch/users/agschwin/encode_re2g/dhs_hic/full_predictions/encode_e2g_predictions_ovary_ENCSR330ZBO_ENCFF700CYI_full_predictions.tsv.gz	bed3+
jesse-engreitz:encode_re2g_predictions_ovary_ENCSR138UGH_ENCFF496GEU_DNaseHiC	bed	element gene links	UM1HG009436	/labs/jesse-engreitz/	e860223e81bfa0f258613ce3a391ab25	344134140	NA	jesse-engreitz:encode_re2g_predictions_ovary_ENCSR138UGH_ENCFF496GEU_DNaseHiC_full_predictions	GRCh38	/scratch/users/agschwin/encode_re2g/dhs_hic/full_predictions/encode_e2g_predictions_ovary_ENCSR138UGH_ENCFF496GEU_full_predictions.tsv.gz	bed3+
jesse-engreitz:encode_re2g_predictions_pancreas_ENCSR999VDH_ENCFF705MKK_DNaseHiC	bed	element gene links	UM1HG009436	/labs/jesse-engreitz/	05cf12127571a7e12071fa615bf456cd	350073065	NA	jesse-engreitz:encode_re2g_predictions_pancreas_ENCSR999VDH_ENCFF705MKK_DNaseHiC_full_predictions	GRCh38	/scratch/users/agschwin/encode_re2g/dhs_hic/full_predictions/encode_e2g_predictions_pancreas_ENCSR999VDH_ENCFF705MKK_full_predictions.tsv.gz	bed3+
jesse-engreitz:encode_re2g_predictions_pancreas_ENCSR589HAC_ENCFF653HCO_DNaseHiC	bed	element gene links	UM1HG009436	/labs/jesse-engreitz/	fe9842eb914eef2e7efc44054fcfd9a6	351936802	NA	jesse-engreitz:encode_re2g_predictions_pancreas_ENCSR589HAC_ENCFF653HCO_DNaseHiC_full_predictions	GRCh38	/scratch/users/agschwin/encode_re2g/dhs_hic/full_predictions/encode_e2g_predictions_pancreas_ENCSR589HAC_ENCFF653HCO_full_predictions.tsv.gz	bed3+
jesse-engreitz:encode_re2g_predictions_pancreas_ENCSR242RPQ_ENCFF586MQY_DNaseHiC	bed	element gene links	UM1HG009436	/labs/jesse-engreitz/	c2a22abca599ce158d3160b194f3ade8	327467725	NA	jesse-engreitz:encode_re2g_predictions_pancreas_ENCSR242RPQ_ENCFF586MQY_DNaseHiC_full_predictions	GRCh38	/scratch/users/agschwin/encode_re2g/dhs_hic/full_predictions/encode_e2g_predictions_pancreas_ENCSR242RPQ_ENCFF586MQY_full_predictions.tsv.gz	bed3+
jesse-engreitz:encode_re2g_predictions_posterior_vena_cava_ENCSR324NVG_ENCFF673EOB_DNaseHiC	bed	element gene links	UM1HG009436	/labs/jesse-engreitz/	a6f74da45a936b41872a5f5aff9a0f0b	339831168	NA	jesse-engreitz:encode_re2g_predictions_posterior_vena_cava_ENCSR324NVG_ENCFF673EOB_DNaseHiC_full_predictions	GRCh38	/scratch/users/agschwin/encode_re2g/dhs_hic/full_predictions/encode_e2g_predictions_posterior_vena_cava_ENCSR324NVG_ENCFF673EOB_full_predictions.tsv.gz	bed3+
jesse-engreitz:encode_re2g_predictions_posterior_vena_cava_ENCSR324NVG_ENCFF946RZW_DNaseHiC	bed	element gene links	UM1HG009436	/labs/jesse-engreitz/	8f9efc75354ffc5f32a7b151f2b7988d	342157284	NA	jesse-engreitz:encode_re2g_predictions_posterior_vena_cava_ENCSR324NVG_ENCFF946RZW_DNaseHiC_full_predictions	GRCh38	/scratch/users/agschwin/encode_re2g/dhs_hic/full_predictions/encode_e2g_predictions_posterior_vena_cava_ENCSR324NVG_ENCFF946RZW_full_predictions.tsv.gz	bed3+
jesse-engreitz:encode_re2g_predictions_prostate_gland_ENCSR564FZH_ENCFF515ZBF_DNaseHiC	bed	element gene links	UM1HG009436	/labs/jesse-engreitz/	53670315193416c2444acc7b5a409d1c	315629221	NA	jesse-engreitz:encode_re2g_predictions_prostate_gland_ENCSR564FZH_ENCFF515ZBF_DNaseHiC_full_predictions	GRCh38	/scratch/users/agschwin/encode_re2g/dhs_hic/full_predictions/encode_e2g_predictions_prostate_gland_ENCSR564FZH_ENCFF515ZBF_full_predictions.tsv.gz	bed3+
jesse-engreitz:encode_re2g_predictions_psoas_muscle_ENCSR388DHS_ENCFF625VNK_DNaseHiC	bed	element gene links	UM1HG009436	/labs/jesse-engreitz/	73d016e6d6c2a01ad2fa30f987aeae96	336992334	NA	jesse-engreitz:encode_re2g_predictions_psoas_muscle_ENCSR388DHS_ENCFF625VNK_DNaseHiC_full_predictions	GRCh38	/scratch/users/agschwin/encode_re2g/dhs_hic/full_predictions/encode_e2g_predictions_psoas_muscle_ENCSR388DHS_ENCFF625VNK_full_predictions.tsv.gz	bed3+
jesse-engreitz:encode_re2g_predictions_psoas_muscle_ENCSR108SYM_ENCFF136XCV_DNaseHiC	bed	element gene links	UM1HG009436	/labs/jesse-engreitz/	3894ab6ed76279fc11fb0e1b86e17242	339847305	NA	jesse-engreitz:encode_re2g_predictions_psoas_muscle_ENCSR108SYM_ENCFF136XCV_DNaseHiC_full_predictions	GRCh38	/scratch/users/agschwin/encode_re2g/dhs_hic/full_predictions/encode_e2g_predictions_psoas_muscle_ENCSR108SYM_ENCFF136XCV_full_predictions.tsv.gz	bed3+
jesse-engreitz:encode_re2g_predictions_right_cardiac_atrium_ENCSR374VQC_ENCFF284OEA_DNaseHiC	bed	element gene links	UM1HG009436	/labs/jesse-engreitz/	903a5c507b41120dc9aea50642888424	347955122	NA	jesse-engreitz:encode_re2g_predictions_right_cardiac_atrium_ENCSR374VQC_ENCFF284OEA_DNaseHiC_full_predictions	GRCh38	/scratch/users/agschwin/encode_re2g/dhs_hic/full_predictions/encode_e2g_predictions_right_cardiac_atrium_ENCSR374VQC_ENCFF284OEA_full_predictions.tsv.gz	bed3+
jesse-engreitz:encode_re2g_predictions_right_cardiac_atrium_ENCSR622HTS_ENCFF081NPN_DNaseHiC	bed	element gene links	UM1HG009436	/labs/jesse-engreitz/	0721538b4f4c3a7ad0148a4aec616207	332836358	NA	jesse-engreitz:encode_re2g_predictions_right_cardiac_atrium_ENCSR622HTS_ENCFF081NPN_DNaseHiC_full_predictions	GRCh38	/scratch/users/agschwin/encode_re2g/dhs_hic/full_predictions/encode_e2g_predictions_right_cardiac_atrium_ENCSR622HTS_ENCFF081NPN_full_predictions.tsv.gz	bed3+
jesse-engreitz:encode_re2g_predictions_right_cardiac_atrium_ENCSR485UQY_ENCFF784WTB_DNaseHiC	bed	element gene links	UM1HG009436	/labs/jesse-engreitz/	835c0ccc2c43c561ea857fda24c617e3	329374309	NA	jesse-engreitz:encode_re2g_predictions_right_cardiac_atrium_ENCSR485UQY_ENCFF784WTB_DNaseHiC_full_predictions	GRCh38	/scratch/users/agschwin/encode_re2g/dhs_hic/full_predictions/encode_e2g_predictions_right_cardiac_atrium_ENCSR485UQY_ENCFF784WTB_full_predictions.tsv.gz	bed3+
jesse-engreitz:encode_re2g_predictions_right_cardiac_atrium_ENCSR485UQY_ENCFF459FRB_DNaseHiC	bed	element gene links	UM1HG009436	/labs/jesse-engreitz/	04c85749ccd20eaa2feafd82e54ceffb	329156304	NA	jesse-engreitz:encode_re2g_predictions_right_cardiac_atrium_ENCSR485UQY_ENCFF459FRB_DNaseHiC_full_predictions	GRCh38	/scratch/users/agschwin/encode_re2g/dhs_hic/full_predictions/encode_e2g_predictions_right_cardiac_atrium_ENCSR485UQY_ENCFF459FRB_full_predictions.tsv.gz	bed3+
jesse-engreitz:encode_re2g_predictions_right_lobe_of_liver_ENCSR164TBP_ENCFF952JZV_DNaseHiC	bed	element gene links	UM1HG009436	/labs/jesse-engreitz/	ad6bc32c437c6b23a376034d6ed62f7f	335856074	NA	jesse-engreitz:encode_re2g_predictions_right_lobe_of_liver_ENCSR164TBP_ENCFF952JZV_DNaseHiC_full_predictions	GRCh38	/scratch/users/agschwin/encode_re2g/dhs_hic/full_predictions/encode_e2g_predictions_right_lobe_of_liver_ENCSR164TBP_ENCFF952JZV_full_predictions.tsv.gz	bed3+
jesse-engreitz:encode_re2g_predictions_right_lobe_of_liver_ENCSR933GMM_ENCFF705YZH_DNaseHiC	bed	element gene links	UM1HG009436	/labs/jesse-engreitz/	ea83afbe8eba9c3759dba9ae85b49e7b	341617230	NA	jesse-engreitz:encode_re2g_predictions_right_lobe_of_liver_ENCSR933GMM_ENCFF705YZH_DNaseHiC_full_predictions	GRCh38	/scratch/users/agschwin/encode_re2g/dhs_hic/full_predictions/encode_e2g_predictions_right_lobe_of_liver_ENCSR933GMM_ENCFF705YZH_full_predictions.tsv.gz	bed3+
jesse-engreitz:encode_re2g_predictions_sciatic_nerve_ENCSR672MOG_ENCFF602CHT_DNaseHiC	bed	element gene links	UM1HG009436	/labs/jesse-engreitz/	da8bbb754f679cb4876b0c9ba71cce15	349272798	NA	jesse-engreitz:encode_re2g_predictions_sciatic_nerve_ENCSR672MOG_ENCFF602CHT_DNaseHiC_full_predictions	GRCh38	/scratch/users/agschwin/encode_re2g/dhs_hic/full_predictions/encode_e2g_predictions_sciatic_nerve_ENCSR672MOG_ENCFF602CHT_full_predictions.tsv.gz	bed3+
jesse-engreitz:encode_re2g_predictions_sigmoid_colon_ENCSR276ITP_ENCFF897KRI_DNaseHiC	bed	element gene links	UM1HG009436	/labs/jesse-engreitz/	663e1d01d133080214dee17db038640e	337106814	NA	jesse-engreitz:encode_re2g_predictions_sigmoid_colon_ENCSR276ITP_ENCFF897KRI_DNaseHiC_full_predictions	GRCh38	/scratch/users/agschwin/encode_re2g/dhs_hic/full_predictions/encode_e2g_predictions_sigmoid_colon_ENCSR276ITP_ENCFF897KRI_full_predictions.tsv.gz	bed3+
jesse-engreitz:encode_re2g_predictions_spleen_ENCSR567EEO_ENCFF280EYD_DNaseHiC	bed	element gene links	UM1HG009436	/labs/jesse-engreitz/	252c7a35370d2f8f046d14cd71c14659	323791893	NA	jesse-engreitz:encode_re2g_predictions_spleen_ENCSR567EEO_ENCFF280EYD_DNaseHiC_full_predictions	GRCh38	/scratch/users/agschwin/encode_re2g/dhs_hic/full_predictions/encode_e2g_predictions_spleen_ENCSR567EEO_ENCFF280EYD_full_predictions.tsv.gz	bed3+
jesse-engreitz:encode_re2g_predictions_thyroid_gland_ENCSR195ONB_ENCFF839VMS_DNaseHiC	bed	element gene links	UM1HG009436	/labs/jesse-engreitz/	2876c1911657455431b10ade61262644	322602620	NA	jesse-engreitz:encode_re2g_predictions_thyroid_gland_ENCSR195ONB_ENCFF839VMS_DNaseHiC_full_predictions	GRCh38	/scratch/users/agschwin/encode_re2g/dhs_hic/full_predictions/encode_e2g_predictions_thyroid_gland_ENCSR195ONB_ENCFF839VMS_full_predictions.tsv.gz	bed3+
jesse-engreitz:encode_re2g_predictions_upper_lobe_of_right_lung_ENCSR357AWH_ENCFF304HMS_DNaseHiC	bed	element gene links	UM1HG009436	/labs/jesse-engreitz/	7f394f8dcf3c053e25c86a76c2795db5	366773929	NA	jesse-engreitz:encode_re2g_predictions_upper_lobe_of_right_lung_ENCSR357AWH_ENCFF304HMS_DNaseHiC_full_predictions	GRCh38	/scratch/users/agschwin/encode_re2g/dhs_hic/full_predictions/encode_e2g_predictions_upper_lobe_of_right_lung_ENCSR357AWH_ENCFF304HMS_full_predictions.tsv.gz	bed3+
